filename,checksum,creation_time,modify_time,relative_path
03683c2a-136e-4955-b3f6-9601eb74f93a.jpg,c36e42ea9b0fae3337ab17c4b2b5e409,2025-06-08 18:54:30,2025-04-29 20:36:04,Orders
169c4b13-5685-4dfa-8eb1-498c8d3c99f2.JPG,03b9310137aa65f10a99cb54fc891cc7,2025-06-08 18:53:23,2025-04-26 18:34:12,Camera
1979_Year9.JPG,e0aa1198206a63ae35449daed67ec74a,2025-06-08 18:53:28,2025-05-06 08:17:12,2025_KTYSC
1979_Year9_.JPG,26643a01f83431c6f5e7e2528cf2b560,2025-06-08 18:53:28,2025-05-06 08:17:28,2025_KTYSC
453e48c6-9cb6-47d3-938a-f0b1a10e875a.JPG,45cc93ce040f919807f0f95ca3e02b0b,2025-06-08 18:54:30,2025-04-26 21:30:02,Orders
501f1afbf2cce75bf2b13dcc5abcfbd2.JPG,aa5f50e010927f8bcb902c49aa0df729,2025-06-08 18:54:30,2025-04-08 22:24:18,Orders
872c98f7-afae-4817-999e-adaca37b81b8.JPG,f2385c8fd09273d123763b19fffc443d,2025-06-08 18:53:28,2025-05-06 08:35:14,2025_KTYSC
a1174f261c3670107d2a718514852bff.JPG,4800ba34842a35a201a9bb8496b2cbac,2025-06-08 18:53:28,2025-05-07 11:07:56,2025_KTYSC
a4a232681818389f56e81e1a3cd8a257.JPG,26f84358f2d9e9bd0853ba85a5458c12,2025-06-08 18:53:28,2025-05-07 11:08:06,2025_KTYSC
a7464b6e-bbb5-45b7-a847-c7f1c54f9492.JPG,245650e9d784774dee3d49b0fc50e120,2025-06-08 18:53:23,2025-05-25 13:01:18,Captures
acd0d53a-1e2c-47f9-aad4-95990163e757.jpg,a93f45da2949381b9b8065dd1fa1f8bd,2025-06-08 18:54:30,2025-04-08 22:13:08,Orders
AftSelfDrive1.MP4,df8d34ede92d9b80f62301d80d930fca,2025-06-08 19:07:49,2025-04-09 02:29:54,05_2025Apr深圳
AftSelfDrive2.MP4,8aa6d6a1d0296f93787618ab96f86ba5,2025-06-08 19:07:51,2025-04-09 02:31:12,05_2025Apr深圳
AftSelfDrive3.MP4,64c0985ce93dbfcd3b63030c03ba8991,2025-06-08 19:07:57,2025-04-09 03:28:06,05_2025Apr深圳
AftSelfDriveMall1.MP4,e583b336f39ceba41b76df0b41a2222e,2025-06-08 19:08:10,2025-04-09 03:28:40,05_2025Apr深圳
AftSelfDriveMall2.MP4,7465296b59660c7f72b59cd1bcbb9f43,2025-06-08 19:08:12,2025-04-09 03:36:32,05_2025Apr深圳
AftSelfDriveMall3.MP4,171b3e59f02fe5afe4955b694c6a6e49,2025-06-08 19:08:16,2025-04-09 03:42:22,05_2025Apr深圳
Aft無人機1.MP4,cc62bbac9d306e04d04fe8483ebfaefa,2025-06-08 19:09:18,2025-04-09 06:45:38,05_2025Apr深圳
Aft無人機2.MP4,e1694526de4337400b2e9d4a9c18f476,2025-06-08 19:09:22,2025-04-09 06:47:22,05_2025Apr深圳
Aft無人機Food1.MP4,25253dac7e318cf89c1773f6eabb76f9,2025-06-08 19:09:09,2025-04-09 06:24:42,05_2025Apr深圳
Aft無人機Food2.MP4,f5f606090cf066af6b04ffdc4b0d5bae,2025-06-08 19:09:11,2025-04-09 06:26:24,05_2025Apr深圳
Aft無人機Food3.MP4,34dd482763b009dd3aac852c8847c25a,2025-06-08 19:09:17,2025-04-09 06:29:52,05_2025Apr深圳
Anthony_Park無人機.mov,6a407debfd28dbc5cc75709ae28cc59d,2025-06-08 19:10:22,2025-04-08 03:27:38,05_2025Apr深圳
BFast1.HEIC,db52dbb7be0b0d1cd91e941b8541ceb2,2025-06-08 17:38:33,2025-04-18 18:57:28,40_2025AprChina
BFast2.HEIC,1c48d64695d9698d2b235cb2796ad833,2025-06-08 17:38:33,2025-04-18 18:57:32,40_2025AprChina
BFast5.MOV,2800c05c34fe6f7740c895599586aee2,2025-06-08 17:38:37,2025-04-19 18:47:12,40_2025AprChina
BFast50.MOV,28dfa69a1a609f01e6e9244e8ca7722b,2025-06-08 17:38:46,2025-04-20 18:43:58,40_2025AprChina
Bus_Sign1.MOV,712c5b26d68604796998155d97bb6a7e,2025-06-08 17:38:43,2025-04-20 07:34:16,40_2025AprChina
Bus_Sign2.MOV,04d7fcb4ef937bec23289dc2b007e16f,2025-06-08 17:38:43,2025-04-20 07:34:44,40_2025AprChina
BusSign20.HEIC,a3b5c11f5c87a657fd84507144030de2,2025-06-08 17:38:48,2025-04-20 22:05:10,40_2025AprChina
BusSign21.HEIC,3e03d5cb097ed664b6a6c570eb1389dc,2025-06-08 17:38:48,2025-04-20 22:05:12,40_2025AprChina
BusTerminal.HEIC,d3a053d1d22c9c2856df522fab6271aa,2025-06-08 17:08:23,2025-04-09 14:27:22,05_2025Apr深圳
c3a65d37d16baa76187fd0b7e82cbc69.jpg,be641ef2f8084df1480e160eae7aeef9,2025-06-08 18:53:28,2025-05-07 11:08:12,2025_KTYSC
Call_DD.PNG,7ba527db6188e927d3449b705f55035a,2025-06-08 19:10:23,2025-04-08 05:06:18,05_2025Apr深圳
Call_DD5.jpg,6a253a0a3de0b6eab7b6a377e15cd8d2,2025-06-08 19:10:24,2025-04-09 05:13:56,05_2025Apr深圳
Call_DD6.jpg,313f13a5628cc0e6b7b0b1e55c2af87e,2025-06-08 19:10:24,2025-04-09 05:14:42,05_2025Apr深圳
CarShow1.HEIC,dab498f82be8af598bf43023f0e0fd2a,2025-06-08 17:38:36,2025-04-19 08:10:12,40_2025AprChina
CarShow2.HEIC,85581dcec720cd407eb9052fc9ae3553,2025-06-08 17:38:36,2025-04-19 08:10:16,40_2025AprChina
CarShow3.HEIC,1e37b4bab0e32d070a50476e3d9c0fce,2025-06-08 17:38:36,2025-04-19 08:10:22,40_2025AprChina
CarShow4.HEIC,c25a7c0eba21fb231e6ce3629887488b,2025-06-08 17:38:36,2025-04-19 08:10:28,40_2025AprChina
CarShow5.HEIC,b98cbca11636cc002c2e0df765a86699,2025-06-08 17:38:36,2025-04-19 08:10:42,40_2025AprChina
Connie_Simon.JPG,3a26673653406401558118c25d229de7,2025-06-08 18:53:28,2025-05-07 10:03:18,2025_KTYSC
Dental1.HEIC,c2e4dc1fcf2511d279ea6d15d5e32b3e,2025-06-08 19:10:20,2025-03-31 23:41:48,05_2025Apr深圳
Dental2.HEIC,772ead22c0fcefb93b92854d251b58da,2025-06-08 19:10:20,2025-03-31 23:42:00,05_2025Apr深圳
Dental3.HEIC,71b48cc736e19bc5abb93c579a0a5118,2025-06-08 19:10:20,2025-03-31 23:44:26,05_2025Apr深圳
Dental4.HEIC,325bfb225bc3fcc8b277c00244310041,2025-06-08 19:10:20,2025-03-31 23:45:20,05_2025Apr深圳
Dinne101.MP4,8156e937a2d756bfe9247077b28f73c2,2025-06-08 17:27:54,2025-04-19 07:11:14,40_2025AprChina
Dinner.HEIC,962ce804e155e0c3a2f940ba2bcef686,2025-06-08 17:08:08,2025-03-28 18:28:20,01_2025MarApr香港
Dinner100.MP4,8d68a462ed4e1e86cd6c1c808f21357d,2025-06-08 17:27:50,2025-04-19 07:05:24,40_2025AprChina
Dinner102.MP4,6ac2c8ccf12d789b915d1f55409b27ed,2025-06-08 17:27:58,2025-04-19 07:13:58,40_2025AprChina
Dinner103.HEIC,3ea9a40993c1b4301247bfbbe63c0006,2025-06-08 17:38:36,2025-04-19 06:56:56,40_2025AprChina
Dinner104.HEIC,3f1e85726bbb78be907e56ef3e11a5d5,2025-06-08 17:38:36,2025-04-19 06:57:04,40_2025AprChina
Dinner105.HEIC,ed449dc7876c502c6183c9024f65f8aa,2025-06-08 17:38:36,2025-04-19 06:57:04,40_2025AprChina
Dinner106.HEIC,ae4bc84b00625e4310af10debf08a53c,2025-06-08 17:38:36,2025-04-19 06:57:34,40_2025AprChina
Dinner107.HEIC,9832d8f5b35d403ab7a59b28f780dad9,2025-06-08 17:38:36,2025-04-19 06:57:36,40_2025AprChina
Dinner2.JPG,fd71fa6f51c00ffebb8142fa79322a08,2025-06-08 17:08:10,2025-06-12 17:01:14,01_2025MarApr香港
Dinner_Food1.HEIC,e34fd286a5035acfde49e5912f59eb56,2025-06-08 17:38:36,2025-04-19 07:09:26,40_2025AprChina
Dinner_Food2.HEIC,a895650da9fe22c9962770bc18caefd6,2025-06-08 17:38:36,2025-04-19 07:09:34,40_2025AprChina
Dinner_Food3.HEIC,d89a07ea1c0e1db0bc7791c9a85d36cf,2025-06-08 17:08:58,2025-04-19 19:09:46,40_2025AprChina
Dinner_Food4.HEIC,7dbd51dad5ad66ee6a6b10994b4cf74c,2025-06-08 17:08:58,2025-04-19 19:13:12,40_2025AprChina
Dinner_Food5.HEIC,c7acddc571bc74b5fcd3f555c3c0802c,2025-06-08 17:08:58,2025-04-19 19:34:54,40_2025AprChina
Direction.heic,6f2f08fc6145ac0c512911b385066398,2025-06-08 19:10:22,2025-04-07 21:57:48,05_2025Apr深圳
DJI_20250414213359_0386_D.MP4,f96c347319b76c0748faf62cd4045345,2025-06-08 19:37:02,2025-04-14 21:34:12,00_2025_iPhone
FirstLunch1.MP4,f167fd160f9944dac3ea9a2a1bab5df1,2025-06-08 18:55:09,2025-04-07 01:45:16,05_2025Apr深圳
FirstLunch2.MP4,2d0930d8d9bc1408794d1855421d3918,2025-06-08 18:55:47,2025-04-07 01:49:42,05_2025Apr深圳
FirstLunch3.MP4,354acf4dd870de9f4bec74187db906de,2025-06-08 18:55:50,2025-04-07 01:51:06,05_2025Apr深圳
Food1.HEIC,425aea962c2aea800b894e7419bd3fc0,2025-06-08 19:10:23,2025-04-08 05:10:24,05_2025Apr深圳
Food2.HEIC,71e1629abc1c77bf2a40ae4f90411ac6,2025-06-08 19:10:23,2025-04-08 05:10:30,05_2025Apr深圳
Food_Balls.HEIC,0bca48cd484ad4561ab9433451ee068d,2025-06-08 19:10:22,2025-04-07 20:41:54,05_2025Apr深圳
FootExcise.mov,4eee8f5bde584743a428b1358b6160b5,2025-06-08 17:05:29,2025-05-27 06:45:26,00_2025_iPhone
Glass.JPG,271fb2382b9ad1189158046e5aa20f86,2025-06-08 18:53:27,2025-04-29 04:34:26,00_2025_iPhone
GlassStore.JPG,57934e43e6a2a6cf38aee56a4d532500,2025-06-08 18:54:43,2025-03-28 21:52:00,05_2025Apr深圳
GlassStore1.HEIC,57aa604b9d6af2a2e74f936c1db77dce,2025-06-08 19:10:22,2025-04-07 23:17:10,05_2025Apr深圳
GlassStore2.HEIC,62db1ee04919b2c215b0a9f5450fb388,2025-06-08 19:10:22,2025-04-07 23:18:02,05_2025Apr深圳
HK_BusShot.heic,73d9fd01b19c72c79f277c3bfbb757ae,2025-06-08 17:23:45,2025-03-27 00:36:56,01_2025MarApr香港
HK_Central.HEIC,b6958cf3b79596ccffee3e3a36475979,2025-06-08 17:23:46,2025-04-02 01:46:42,01_2025MarApr香港
HK_Central1.HEIC,cf2d2d5d4fc46ce20055e456be160cbb,2025-06-08 17:08:16,2025-04-04 15:48:26,01_2025MarApr香港
HK_Central1.MP4,c623f6c5628bce0f5fe3c9448ab97b18,2025-06-08 17:20:35,2025-04-04 03:22:34,01_2025MarApr香港
HK_Central2.HEIC,a3227da0679c83ff75b62f5d4206578b,2025-06-08 17:08:16,2025-04-04 15:48:36,01_2025MarApr香港
HK_Central2.MP4,2bedbaf0ac8ba7249c99b53ef12677de,2025-06-08 17:20:38,2025-04-04 03:38:20,01_2025MarApr香港
HK_Central3.HEIC,37b5f4c892a71f9e31db93d929ae9932,2025-06-08 17:08:17,2025-04-04 16:31:58,01_2025MarApr香港
HK_Central3.MP4,a9b10f1c3b0399d8e15aa1ae2d88f20f,2025-06-08 17:20:44,2025-04-04 05:07:50,01_2025MarApr香港
HK_Central4.HEIC,9d9c4f0c2f1807255ec59f79a13cf385,2025-06-08 17:23:49,2025-04-04 05:21:52,01_2025MarApr香港
HK_Central5.HEIC,cc19b99f904b995ecdb141c64b880f4a,2025-06-08 17:23:49,2025-04-04 05:21:56,01_2025MarApr香港
HK_Central_20.HEIC,86ea8adbb9dde32add18676c68091cf0,2025-06-08 17:23:48,2025-04-04 02:59:58,01_2025MarApr香港
HK_Central_21.HEIC,ff14f6cc2666ed868fb2df2dbed7ad0e,2025-06-08 17:23:48,2025-04-04 03:00:06,01_2025MarApr香港
HK_Central_22.HEIC,823b6cb226a7b18f42fb9bd5c33cecec,2025-06-08 17:23:48,2025-04-04 03:00:18,01_2025MarApr香港
HK_Central_23.HEIC,c17ef023cef2304be9597016463a149c,2025-06-08 17:23:48,2025-04-04 03:00:32,01_2025MarApr香港
HK_Central_24.HEIC,0aa8fcc6eaeecf6e34676b7953a6a426,2025-06-08 17:23:48,2025-04-04 03:02:20,01_2025MarApr香港
HK_Central_25.HEIC,364c2196b82c46242a3006d4aa9c3cc2,2025-06-08 17:23:48,2025-04-04 03:10:40,01_2025MarApr香港
HK_Central_26.HEIC,2f27f7b428cb6f4d4eb3547bd336a4ce,2025-06-08 17:23:48,2025-04-04 03:23:34,01_2025MarApr香港
HK_ChinaBus1.HEIC,f45c67ebd9ac2233acdfd90671f418ef,2025-06-08 17:23:47,2025-04-03 23:53:38,01_2025MarApr香港
HK_ChinaBus2.HEIC,c0379b51517d88b3e46f4a360a51b676,2025-06-08 17:23:47,2025-04-03 23:53:48,01_2025MarApr香港
HK_ChinaBus3.HEIC,b41b400707e2d3575f324af51adeaf7e,2025-06-08 17:23:48,2025-04-03 23:54:38,01_2025MarApr香港
HK_ChinaBus4.HEIC,6de2901a0c4eb2ddc9001ab0e19040fd,2025-06-08 17:23:48,2025-04-03 23:57:52,01_2025MarApr香港
HK_Dinner100.HEIC,6a28c48486df76049b3fa29c23302a05,2025-06-08 17:23:49,2025-04-04 06:42:56,01_2025MarApr香港
HK_Dinner101.heic,50aa8d8bf9c8b204b46a55cac90920c4,2025-06-08 17:23:49,2025-04-04 06:57:10,01_2025MarApr香港
HK_Dinner102.HEIC,6721339fd773b5aaca97f51a0f6d531b,2025-06-08 17:23:49,2025-04-04 06:57:16,01_2025MarApr香港
HK_Dinner103.HEIC,c1f5693c96d18048b62e54880a99a966,2025-06-08 17:08:17,2025-04-04 18:57:18,01_2025MarApr香港
HK_Dinner104.HEIC,00e3dea21daf4e7e6566aec1bd0f5451,2025-06-08 17:23:49,2025-04-04 07:01:56,01_2025MarApr香港
HK_Dinner105.HEIC,3401b93201939c57ef151b630a4d21b8,2025-06-08 17:08:17,2025-04-04 19:03:44,01_2025MarApr香港
HK_Dinner106.HEIC,2d3536617e66d43b537f9816d6c79b73,2025-06-08 17:23:49,2025-04-04 07:04:24,01_2025MarApr香港
HK_Dinner108.HEIC,8456a1956cbf872f603236c0a3fbe79a,2025-06-08 17:23:50,2025-04-05 08:28:04,01_2025MarApr香港
HK_Dinner109.HEIC,8924813475aceb02a7ba86d75d0e817e,2025-06-08 17:23:51,2025-04-05 08:38:54,01_2025MarApr香港
HK_Dinner110.HEIC,7f620b677e1ee7be9cfca617a3b0c3e1,2025-06-08 17:23:51,2025-04-05 08:39:14,01_2025MarApr香港
HK_Dinner111.HEIC,bec07913d5a6df8a617aaf88e22a573f,2025-06-08 17:23:51,2025-04-05 08:52:38,01_2025MarApr香港
HK_Dinner300.MP4,937d0db454e7ddb8ba00417ea86febd4,2025-06-08 17:20:59,2025-04-05 07:06:52,01_2025MarApr香港
HK_Dinner301.MP4,39518b68df2e1fc6a82375da04354a28,2025-06-08 17:21:10,2025-04-05 07:08:40,01_2025MarApr香港
HK_Dinner302.MP4,981d48380f5aeddc624c786e7f751b29,2025-06-08 17:21:17,2025-04-05 07:09:48,01_2025MarApr香港
HK_Dinner303.MP4,0ae85b80037f3bc4662e3ba1e2851965,2025-06-08 17:21:20,2025-04-05 07:10:32,01_2025MarApr香港
HK_Dinner304.MP4,05da0f5c272fdf20ef85384474ad3fc5,2025-06-08 17:21:24,2025-04-05 07:11:40,01_2025MarApr香港
HK_Dinner305.MP4,95e4b57a9abc79c19a67612773f1289a,2025-06-08 17:21:26,2025-04-05 07:12:18,01_2025MarApr香港
HK_Dinner306.MP4,91e742686db35f9839ee7c5fac939071,2025-06-08 17:21:40,2025-04-05 08:09:38,01_2025MarApr香港
HK_Dinner307.MP4,f5bfc061d4fa99904a5a985f09566e83,2025-06-08 17:22:19,2025-04-05 08:11:14,01_2025MarApr香港
HK_Dinner308.MP4,55c0d81067e84c5406d1ce1fad4b85df,2025-06-08 17:22:26,2025-04-05 08:12:46,01_2025MarApr香港
HK_Dinner_1.MP4,82c49a343eb053521f588f64ffe6a402,2025-06-08 17:20:47,2025-04-04 06:11:38,01_2025MarApr香港
HK_Dinner_2.MP4,6097a3975454907fb793fe3e8a11f0b8,2025-06-08 17:20:48,2025-04-04 07:02:14,01_2025MarApr香港
HK_Dinner_3.MP4,1d37d883ef5fca37246c2eff17b59ae0,2025-06-08 17:20:53,2025-04-04 07:04:00,01_2025MarApr香港
HK_Dinner_4.MP4,234585c0339d53cd5596a7c8d191b7fe,2025-06-08 17:20:56,2025-04-04 07:06:12,01_2025MarApr香港
HK_Dinnner107.HEIC,82fbfbafead6029e50f68d863589bb57,2025-06-08 17:23:50,2025-04-05 07:50:34,01_2025MarApr香港
HK_DiscoveryBay1.MP4,b2df1d6cb336ad14503d6a12d76a045c,2025-06-08 17:12:28,2025-03-25 00:54:02,03_2025AprMay坪洲
HK_DiscoveryBay10.MP4,57a2bede3f32dbbd4f4bfc661ff920de,2025-06-08 17:16:20,2025-03-27 03:24:34,01_2025MarApr香港
HK_DiscoveryBay11.MP4,4881d2e71d5d1b6edfc45a3d8cc60333,2025-06-08 17:16:26,2025-03-27 03:59:58,01_2025MarApr香港
HK_DiscoveryBay12.MP4,1b6e7449fc8c47ad05ada26b45849489,2025-06-08 17:16:43,2025-03-27 04:04:42,01_2025MarApr香港
HK_DiscoveryBay2.MP4,f74dbe9d0bc33f00cd5062b374293b6a,2025-06-08 17:12:31,2025-03-25 00:58:32,03_2025AprMay坪洲
HK_DiscoveryBay3.MP4,cc67bdbcd0acd04c735c3e30f76e5c45,2025-06-08 17:12:33,2025-03-25 00:58:48,03_2025AprMay坪洲
HK_DiscoveryBay4.MP4,38e4790275689a8a5bb4c932dc7c5617,2025-06-08 17:12:34,2025-03-25 01:15:42,03_2025AprMay坪洲
HK_DiscoveryBay5.MP4,ca143b71f591abb1f2342ac794c03f8b,2025-06-08 17:12:37,2025-03-25 01:58:34,03_2025AprMay坪洲
HK_DiscoveryBay6.MP4,a72265361a9239ecc2f7a6e716ee7c05,2025-06-08 17:12:39,2025-03-25 01:59:20,03_2025AprMay坪洲
HK_ExCentre8.HEIC,8282d48c236a43d29b2b19b336b8044f,2025-06-08 17:08:15,2025-04-04 14:58:50,01_2025MarApr香港
HK_Food1.HEIC,54a993214a2e3e6145209b6c1d2bb452,2025-06-08 17:23:46,2025-04-02 00:41:38,01_2025MarApr香港
HK_Hotel1.MP4,2e18fec4ba4b0e95a8f582e9444657f0,2025-06-08 17:16:55,2025-03-28 02:29:16,01_2025MarApr香港
HK_Hotel2.MP4,1a923fde591c851df4f6f7bd04893539,2025-06-08 17:17:29,2025-03-28 02:32:10,01_2025MarApr香港
HK_Hotel3.MP4,e56e5b6ccfc2afaced5255600e985cdc,2025-06-08 17:17:39,2025-03-28 02:40:54,01_2025MarApr香港
HK_Hotel4.MP4,d82c713c9b7a1fd9edfb64bb732324b9,2025-06-08 17:18:07,2025-03-28 02:46:32,01_2025MarApr香港
HK_Hotel5.MP4,f9a509347ef9f514389c90882b2ef363,2025-06-08 17:18:29,2025-03-28 02:49:56,01_2025MarApr香港
HK_Hotel6.MP4,c459f4684cadadcd617b39abe2e7e7c8,2025-06-08 17:18:42,2025-03-28 02:54:12,01_2025MarApr香港
HK_Hotel7.MP4,f0d8f0b824c8c36c6e43384491c49977,2025-06-08 17:19:04,2025-03-28 02:55:44,01_2025MarApr香港
HK_Hotel8.MP4,0673ebd5aa884a231f027be651c99df4,2025-06-08 17:19:12,2025-03-28 03:03:18,01_2025MarApr香港
HK_LaserShow1.HEIC,2fa0800608747b12ac7cb97ad52edff5,2025-06-08 17:08:18,2025-04-05 20:03:04,01_2025MarApr香港
HK_LaserShow2.HEIC,cb82e4d04e6b06bdb924739b551af89e,2025-06-08 17:08:18,2025-04-05 20:03:12,01_2025MarApr香港
HK_LaserShow3.HEIC,7372671c41df9adbdf9cbabcbfceffca,2025-06-08 17:08:19,2025-04-05 20:04:10,01_2025MarApr香港
HK_LaserShow4.HEIC,e9ec3ab92a8e69b84599f9d2dd5eefe7,2025-06-08 17:08:19,2025-04-05 20:04:14,01_2025MarApr香港
HK_NearHotel1.HEIC,e5762586800a8fc603ce66679af4eadd,2025-06-08 17:23:47,2025-04-03 06:06:50,01_2025MarApr香港
HK_NearHotel2.HEIC,0aa866a472eb55d1cbf181e0e766a05e,2025-06-08 17:23:47,2025-04-03 06:07:06,01_2025MarApr香港
HK_NearHotel3.HEIC,d89b457803549133e4aedcd83dc99418,2025-06-08 17:23:47,2025-04-03 06:07:52,01_2025MarApr香港
HK_NearHotel4.HEIC,790812d83025ed6f6f6bb59e54d4f427,2025-06-08 17:23:47,2025-04-03 06:10:30,01_2025MarApr香港
HK_NearHotelFood1.HEIC,ebc98220da710750d54a3411c8997fdc,2025-06-08 17:23:47,2025-04-03 06:35:04,01_2025MarApr香港
HK_NearHotelFood2.HEIC,6dcad8ae348b68e020ff8bcfb75b7c2c,2025-06-08 17:23:47,2025-04-03 06:35:14,01_2025MarApr香港
HK_NearHotelFood3.HEIC,a78be718875b3346b9c1ded4dc43f2cf,2025-06-08 17:23:47,2025-04-03 20:03:26,01_2025MarApr香港
HK_NearHotelFood4.HEIC,73168228c0adcb8322287d3e3c8d81ee,2025-06-08 17:23:47,2025-04-03 20:03:40,01_2025MarApr香港
HK_NearHotelFood5.HEIC,2eb390523d0d1259d74a56460a958af6,2025-06-08 17:23:47,2025-04-03 20:03:52,01_2025MarApr香港
HK_NearHotelFood6.HEIC,ec70ebd9d92e64d9054636974a057da5,2025-06-08 17:23:47,2025-04-03 20:10:00,01_2025MarApr香港
HK_NearHotelFood7.heic,bb3c8780062b29970bc6bdec57da4bf9,2025-06-08 17:23:47,2025-04-03 20:10:56,01_2025MarApr香港
HK_NearHotelMovie1.MP4,c0871517c0300c4efac8d05a26ee1e5b,2025-06-08 17:19:35,2025-04-03 20:59:16,01_2025MarApr香港
HK_NearHotelMovie2.MP4,3dbd960756fb377da2c03e801e673d21,2025-06-08 17:19:42,2025-04-03 21:01:34,01_2025MarApr香港
HK_PeckFamilyDinner.MP4,556fac1c4a08c7cfe4967e01036a3abd,2025-06-08 18:54:43,2025-04-06 09:31:28,01_2025MarApr香港
HK_PeckFamilyDinner1.MP4,9f612134b86b4762f98e0bbd79cd0fb5,2025-06-08 17:22:31,2025-04-06 07:19:56,01_2025MarApr香港
HK_PeckFamilyDinner10.MP4,1ba374339af9291936efdfe0206226d5,2025-06-08 17:22:54,2025-04-06 09:04:26,01_2025MarApr香港
HK_PeckFamilyDinner11.MP4,402d30d08f0f865a164df5efe8bbdb4b,2025-06-08 17:23:05,2025-04-06 09:20:14,01_2025MarApr香港
HK_PeckFamilyDinner12.MP4,4fad4379bf15602dfcf461f0c3462d45,2025-06-08 17:23:32,2025-04-06 09:34:34,01_2025MarApr香港
HK_PeckFamilyDinner2.MP4,b01ead2498e7633ac0c0323646fcfe15,2025-06-08 17:22:33,2025-04-06 07:21:58,01_2025MarApr香港
HK_PeckFamilyDinner3.MP4,ee3310ac24df7cbf418cc8d49c85f9e2,2025-06-08 17:22:35,2025-04-06 07:28:30,01_2025MarApr香港
HK_PeckFamilyDinner4.MP4,54aa5d48c45c1ae4ace023d5d9e01fad,2025-06-08 17:22:36,2025-04-06 07:35:34,01_2025MarApr香港
HK_PeckFamilyDinner5.MP4,0e5a888fb1894f3cf4622674b899e399,2025-06-08 17:22:38,2025-04-06 08:10:50,01_2025MarApr香港
HK_PeckFamilyDinner6.MP4,d5c6217d871f402fbfd0256fcbd60321,2025-06-08 17:22:40,2025-04-06 08:53:56,01_2025MarApr香港
HK_PeckFamilyDinner7.MP4,225072c8a61f04ccfa96224720aa1b90,2025-06-08 17:22:46,2025-04-06 08:54:38,01_2025MarApr香港
HK_PeckFamilyDinner8.MP4,be82783ed1623f6c58bd9e069d47d769,2025-06-08 17:22:48,2025-04-06 08:57:48,01_2025MarApr香港
HK_PeckFamilyDinner9.MP4,33e80868362bdedd0b0579100ad29247,2025-06-08 17:22:50,2025-04-06 08:59:36,01_2025MarApr香港
HK_Seafood.JPG,6eeb8714be431e8f8d0ae8fb7ef64802,2025-06-08 17:08:10,2025-04-02 18:08:40,01_2025MarApr香港
HK_Seafood2.HEIC,f4e765d366cb30e11f585e4d237f799b,2025-06-08 17:23:46,2025-04-02 01:26:28,01_2025MarApr香港
HK_Subway1.MP4,27998f7f5f382f54744125732ca40f13,2025-06-08 17:10:48,2025-03-23 03:00:20,01_2025MarApr香港
HK_Subway2.MP4,91a9123a0bd699c7e69eb013bf0c3c86,2025-06-08 17:11:01,2025-03-23 03:16:24,01_2025MarApr香港
HK_Subway3.MP4,860cc420698b2fc6d9986ce600d7b39c,2025-06-08 17:11:34,2025-03-23 03:21:46,01_2025MarApr香港
HK_Subway4.MP4,17e9ebce59e5b08c88d9f69812c37fe7,2025-06-08 17:11:45,2025-03-23 04:09:42,01_2025MarApr香港
HK_SubwayAirport.HEIC,10620747bc6df6648ccdcd9f45846e1e,2025-06-08 17:23:44,2025-03-23 09:25:40,01_2025MarApr香港
HK_SubwayAirport2.HEIC,9695c081b756754df75ccc412a23e83d,2025-06-08 17:23:44,2025-03-23 09:27:40,01_2025MarApr香港
HK_SubwayAirport3.HEIC,290f1b2c1c949dca0c8876f7039ca24f,2025-06-08 17:23:44,2025-03-23 09:31:16,01_2025MarApr香港
HK_TempleFood.MP4,b7757cd6ebbd44e5d0b6842af485c1c0,2025-06-08 17:15:54,2025-03-26 07:19:30,01_2025MarApr香港
HK_TempleStreet.MP4,88f48b255550dc2d8158bcd18603994d,2025-06-08 17:15:39,2025-03-26 06:53:02,01_2025MarApr香港
HK_九龍公園1.HEIC,c0fd142c0b5fa19de31a453826aa3490,2025-06-08 17:23:50,2025-04-05 06:09:36,01_2025MarApr香港
HK_九龍公園2.HEIC,c4f2f2d901df97f77ee10aad65257e09,2025-06-08 17:23:50,2025-04-05 06:10:02,01_2025MarApr香港
HK_九龍公園3.HEIC,7716bae406d40fe896367ac61c79c66b,2025-06-08 17:23:50,2025-04-05 06:10:12,01_2025MarApr香港
HK_九龍公園4.HEIC,22af324fa9e1c6c93e8feb95ef696620,2025-06-08 17:23:50,2025-04-05 06:10:12,01_2025MarApr香港
HK_又一城1.MOV,233aaeaf1edffee3119226ba623034a8,2025-06-08 17:23:51,2025-04-06 01:51:16,01_2025MarApr香港
HK_又一城10.HEIC,1cf796560ee6bcdcf64125417625bcf4,2025-06-08 17:23:51,2025-04-06 00:24:24,01_2025MarApr香港
HK_又一城11.HEIC,de4417f4f32ed7872a26768506e243da,2025-06-08 17:23:51,2025-04-06 01:51:10,01_2025MarApr香港
HK_又一城2.MOV,e30599256e1c07e4f59b9f76844763f3,2025-06-08 17:23:51,2025-04-06 01:51:34,01_2025MarApr香港
HK_又一城3.MOV,d027d7334682b82cadc57b21074c931f,2025-06-08 17:23:52,2025-04-06 01:52:14,01_2025MarApr香港
HK_又一城4.heic,ee3f253cb577da1e8aa06a7a7a2cda64,2025-06-08 17:23:51,2025-04-05 23:24:54,01_2025MarApr香港
HK_又一城5.HEIC,3599877e808053117b80fd84deb50d9e,2025-06-08 17:23:51,2025-04-05 23:33:40,01_2025MarApr香港
HK_又一城6.HEIC,bfa17ea43da6716c3b981bd7fd77fb5e,2025-06-08 17:23:51,2025-04-05 23:51:30,01_2025MarApr香港
HK_又一城7.HEIC,fe41bad759090c5e59a2b683df21eda3,2025-06-08 17:23:51,2025-04-06 00:22:54,01_2025MarApr香港
HK_又一城8.HEIC,ecc6fadb3e034edf4386abcfc6d77eab,2025-06-08 17:23:51,2025-04-06 00:23:18,01_2025MarApr香港
HK_又一城9.HEIC,e9043a6674fd796c1fd0ae5795395b20,2025-06-08 17:23:51,2025-04-06 00:24:00,01_2025MarApr香港
HK_坪洲1.MP4,fcfc5dc06d631c910e17e7df1ef3fc13,2025-06-08 17:08:59,2025-03-20 19:57:20,03_2025AprMay坪洲
HK_坪洲10.MP4,87d95f4791409850aab8f8c31017d507,2025-06-08 17:11:58,2025-03-24 02:40:12,03_2025AprMay坪洲
HK_坪洲11.MP4,0c911e74864f30456994c015dfeb0cfd,2025-06-08 17:12:09,2025-03-24 23:39:38,03_2025AprMay坪洲
HK_坪洲12.MP4,c6649e49a4398af08dd75a89960e5239,2025-06-08 17:12:20,2025-03-24 23:42:56,03_2025AprMay坪洲
HK_坪洲13.MP4,44d7c046c7f2ac3678de6a97e40e7b3a,2025-06-08 17:12:25,2025-03-25 00:25:04,03_2025AprMay坪洲
HK_坪洲14.MP4,bdd1d65d1d6878d076602db812a93cfb,2025-06-08 17:12:26,2025-03-25 00:25:18,03_2025AprMay坪洲
HK_坪洲2.MP4,b00d95f8710767f3354452c8b91213e7,2025-06-08 17:09:13,2025-03-20 20:01:40,03_2025AprMay坪洲
HK_坪洲3.MP4,878b35431307ad09ea6cc9764abebccc,2025-06-08 17:09:44,2025-03-20 20:13:12,03_2025AprMay坪洲
HK_坪洲4.MP4,5f35048439dc791b09e19a7998006855,2025-06-08 17:09:56,2025-03-20 20:24:56,03_2025AprMay坪洲
HK_坪洲5_WalkingPath1.MP4,8784e8dec07860309af4e4af86f5bcf6,2025-06-08 17:10:16,2025-03-20 20:45:54,03_2025AprMay坪洲
HK_坪洲6_WalkingPath2.MP4,5c79b5f0deb4d749c0223fd04a893020,2025-06-08 17:10:28,2025-03-20 20:53:16,03_2025AprMay坪洲
HK_坪洲7.MP4,e5883b7dad90f8f9ba9e36cc377746db,2025-06-08 17:10:34,2025-03-20 21:23:40,03_2025AprMay坪洲
HK_墳場1.jpg,9018b166ab7e1241cd5fc44d13c55ad3,2025-06-08 17:23:46,2025-04-02 23:25:24,01_2025MarApr香港
HK_墳場2.HEIC,42a847ca256546d1a2b977da4d343023,2025-06-08 17:23:46,2025-04-02 22:49:02,01_2025MarApr香港
HK_墳場3.heic,d7c65d8e606276868a3bde276fc2b9f7,2025-06-08 17:23:46,2025-04-02 23:25:18,01_2025MarApr香港
HK_墳場4.HEIC,d5d412c67edd484d1e7010760942c659,2025-06-08 17:23:46,2025-04-02 23:25:30,01_2025MarApr香港
HK_墳場5.HEIC,a97513b245f11fcf6eb2606e90578d85,2025-06-08 17:23:46,2025-04-02 23:26:00,01_2025MarApr香港
HK_墳場6.HEIC,b4277d08781cba7a3078aadadad9bb87,2025-06-08 17:23:46,2025-04-02 23:26:02,01_2025MarApr香港
HK_墳場7.HEIC,4893210d78d7ad4a160aa0ca8e5e7562,2025-06-08 17:23:46,2025-04-02 23:28:48,01_2025MarApr香港
HK_墳場8.HEIC,a0ff011e92e8cd85e865b264e9954a8e,2025-06-08 17:23:47,2025-04-02 23:28:56,01_2025MarApr香港
HK_墳場9.HEIC,be471f46d1fb996b0e64372bcac23193,2025-06-08 17:23:47,2025-04-02 23:29:24,01_2025MarApr香港
HK_東涌Bus1.MP4,9ecec4553b0d1aa9d8e818718be1c49c,2025-06-08 17:15:55,2025-03-27 00:51:18,01_2025MarApr香港
HK_東涌Bus2.MP4,36b458690691500247b0f8e50bcb8964,2025-06-08 17:15:57,2025-03-27 00:52:24,01_2025MarApr香港
HK_東涌Food1.heic,0b260f75a20fc881aa7c41fe33f8ccff,2025-06-08 17:23:45,2025-03-27 01:46:12,01_2025MarApr香港
HK_東涌Food2.HEIC,3833cc5720cb3dc7cc69472aabd0f5ec,2025-06-08 17:23:45,2025-03-27 01:46:14,01_2025MarApr香港
HK_東涌Mall1.MP4,8488e1d967da2c65567a1c8ba0c6448d,2025-06-08 17:16:02,2025-03-27 02:15:18,01_2025MarApr香港
HK_東涌Mall2.MP4,d099d567915dee968f1eccc938025de6,2025-06-08 17:16:10,2025-03-27 02:21:58,01_2025MarApr香港
HK_東涌Mall3.MP4,e23e1436ba29d86b00b7a035c2a88167,2025-06-08 17:16:11,2025-03-27 02:33:46,01_2025MarApr香港
HK_東涌Mall4.MP4,7486678208e62464bd50e3122078c901,2025-06-08 17:16:14,2025-03-27 02:35:26,01_2025MarApr香港
HK_東涌Map.HEIC,aef5017c93333149f3a5967f3e6f600b,2025-06-08 17:23:46,2025-03-27 02:37:54,01_2025MarApr香港
HK_海濱長廊1.MP4,330b2e97a6824c77b6314b6480371e27,2025-06-08 17:19:55,2025-04-04 01:55:22,01_2025MarApr香港
HK_海濱長廊10.MP4,d63d39dff618194fcbc9ccf7e54e6899,2025-06-08 17:20:23,2025-04-04 02:53:14,01_2025MarApr香港
HK_海濱長廊11.MP4,abd1a752ecab3c08367a48e08d6056b9,2025-06-08 17:20:26,2025-04-04 02:58:26,01_2025MarApr香港
HK_海濱長廊12.MP4,9192257e2ed932d0cb3ecaddc0489cd9,2025-06-08 17:20:28,2025-04-04 03:00:14,01_2025MarApr香港
HK_海濱長廊13.MP4,d6e7a0bf3a42293fcc638defb4da4387,2025-06-08 17:20:32,2025-04-04 03:10:30,01_2025MarApr香港
HK_海濱長廊2.MP4,390c11e643afeec252aa7c6d0827f988,2025-06-08 17:19:57,2025-04-04 01:56:56,01_2025MarApr香港
HK_海濱長廊3.MP4,0cb61a54e4dc26e82b094ab1d83478f6,2025-06-08 17:19:59,2025-04-04 02:20:52,01_2025MarApr香港
HK_海濱長廊4.MP4,2ae72de35ffa459a54e389a288145509,2025-06-08 17:20:05,2025-04-04 02:23:20,01_2025MarApr香港
HK_海濱長廊5.MP4,05370a9891bae21c672809bc98e1e212,2025-06-08 17:20:17,2025-04-04 02:31:10,01_2025MarApr香港
HK_海濱長廊6.MP4,2fd4f6add5fda52593b67bf1049ac3b8,2025-06-08 17:20:18,2025-04-04 02:34:06,01_2025MarApr香港
HK_海濱長廊7.MP4,8d68dc473e7d9c5ae33c3fbc58b8cfd7,2025-06-08 17:20:18,2025-04-04 02:36:26,01_2025MarApr香港
HK_海濱長廊8.MP4,54677f31aa37eff6cf337109624b35b3,2025-06-08 17:20:20,2025-04-04 02:40:24,01_2025MarApr香港
HK_海濱長廊9.MP4,4d3ed5b4401b526775d8367c06901f86,2025-06-08 17:20:22,2025-04-04 02:48:36,01_2025MarApr香港
HK_海濱長廊_1.HEIC,0b9b264cbf8471d7f7a78983e6ab9410,2025-06-08 17:23:48,2025-04-04 01:58:24,01_2025MarApr香港
HK_海濱長廊_2.HEIC,0640e24e4dedbeeae3d6b456a32e002d,2025-06-08 17:08:13,2025-04-04 13:58:50,01_2025MarApr香港
HK_海濱長廊_3.HEIC,38832f4539a024f76209549ab055ad55,2025-06-08 17:08:14,2025-04-04 14:31:54,01_2025MarApr香港
HK_長州.MP4,ff90b2d34b9155cd7d2c7a2b4ffbe0be,2025-06-08 17:05:58,2025-03-20 04:46:56,82_2025May香港長州
HK_長州2.MP4,60277a7517f7e54fba46519c1456789b,2025-06-08 17:07:11,2025-03-20 04:47:10,82_2025May香港長州
HK_長州3.MP4,163170e120136b8ab8aea6f68deeb6e3,2025-06-08 17:07:25,2025-03-20 06:05:22,82_2025May香港長州
HK_長州4.MP4,4a1c2571e67faab75d7cf5fbdbc524ba,2025-06-08 17:08:21,2025-03-20 06:06:40,82_2025May香港長州
HK_長州5.MP4,b038053a551a4072c35477af021f97d5,2025-06-08 17:08:23,2025-03-20 06:07:42,82_2025May香港長州
HK_長州6.MP4,d57ca1080dd3e62a25f5c671822d77ed,2025-06-08 17:08:33,2025-03-20 06:13:00,82_2025May香港長州
HK_雲泉仙館1.MP4,a314c04073268653f8bf1b64ec958412,2025-06-08 17:12:43,2025-03-26 00:33:20,01_2025MarApr香港
HK_雲泉仙館10.MP4,3b79fc802af35a114682e05fa17630b7,2025-06-08 17:13:33,2025-03-26 01:52:16,01_2025MarApr香港
HK_雲泉仙館100.HEIC,3fff60fd2b2779e306e3106ae089c45c,2025-06-08 17:23:45,2025-03-26 00:42:50,01_2025MarApr香港
HK_雲泉仙館101.HEIC,eecb252068dd181c20415c46c2611b4a,2025-06-08 17:23:45,2025-03-26 00:43:02,01_2025MarApr香港
HK_雲泉仙館102.HEIC,7d2a716d345bb1c38ef66464ca4d9959,2025-06-08 17:23:45,2025-03-26 00:43:12,01_2025MarApr香港
HK_雲泉仙館103.HEIC,5ed1070a773c538a86d783d04eb0fc42,2025-06-08 17:08:00,2025-03-26 13:40:10,01_2025MarApr香港
HK_雲泉仙館104.HEIC,869f2c18d3724c185746fdefa74ac43f,2025-06-08 17:08:00,2025-03-26 13:40:18,01_2025MarApr香港
HK_雲泉仙館105.HEIC,f0b0e2390b738770cc514ef89d0da2a8,2025-06-08 17:08:00,2025-03-26 14:05:58,01_2025MarApr香港
HK_雲泉仙館106.heic,1d0f2ac4e23a51b5d52ef91b32a53f87,2025-06-08 17:23:45,2025-03-26 02:06:18,01_2025MarApr香港
HK_雲泉仙館107.heic,a86ea65cd54dfeb7c4c36eac4147ebeb,2025-06-08 17:23:45,2025-03-26 02:06:32,01_2025MarApr香港
HK_雲泉仙館108.HEIC,045a6bc9bb202fff4ce9f813dcf8f9a8,2025-06-08 17:23:45,2025-03-26 02:07:12,01_2025MarApr香港
HK_雲泉仙館11.MP4,3ddec276ed0fe8b7df3b99f5a02c1117,2025-06-08 17:13:37,2025-03-26 01:52:58,01_2025MarApr香港
HK_雲泉仙館12.MP4,a15b947aabc03a34e2cfb49227205ef1,2025-06-08 17:13:39,2025-03-26 01:53:56,01_2025MarApr香港
HK_雲泉仙館13.MP4,7ae279bec382a4bae2acc11d496b1eba,2025-06-08 17:13:41,2025-03-26 01:55:26,01_2025MarApr香港
HK_雲泉仙館14.MP4,0f84d568d755cb8b5d3f3e9d9ae1b059,2025-06-08 17:13:52,2025-03-26 02:02:10,01_2025MarApr香港
HK_雲泉仙館15.MP4,5edac36b6e786fd600ddb26c2efce671,2025-06-08 17:14:16,2025-03-26 02:03:42,01_2025MarApr香港
HK_雲泉仙館16.MP4,fc9c0bdbc5092cbb514b1464aea4c094,2025-06-08 17:14:24,2025-03-26 02:05:26,01_2025MarApr香港
HK_雲泉仙館17.MP4,ba3de55b1a7866d5b28ef9807aa137d2,2025-06-08 17:14:31,2025-03-26 02:10:58,01_2025MarApr香港
HK_雲泉仙館2.MP4,ae55b8dfaa0cd077bafe80c4f1002031,2025-06-08 17:12:53,2025-03-26 00:39:08,01_2025MarApr香港
HK_雲泉仙館3.MP4,09ac1aba824670c70f115370a6e75e90,2025-06-08 17:12:54,2025-03-26 00:39:26,01_2025MarApr香港
HK_雲泉仙館4.MP4,8a9ec1a89449c6820238920a488f5456,2025-06-08 17:12:55,2025-03-26 00:42:44,01_2025MarApr香港
HK_雲泉仙館5.MP4,9ae31a7eb6e045114e37a4f034e343cd,2025-06-08 17:12:56,2025-03-26 01:40:14,01_2025MarApr香港
HK_雲泉仙館6.MP4,207b1e72bec31cb2f27edc9d95c1edad,2025-06-08 17:13:02,2025-03-26 01:42:34,01_2025MarApr香港
HK_雲泉仙館7.MP4,7862ef5fc16efa6631654b73ca728794,2025-06-08 17:13:14,2025-03-26 01:44:50,01_2025MarApr香港
HK_雲泉仙館8.MP4,388cda032cecae585d9ff15954716b47,2025-06-08 17:13:26,2025-03-26 01:46:34,01_2025MarApr香港
HK_雲泉仙館9.MP4,4b429db094e9e898b41b3156e54eabcf,2025-06-08 17:13:30,2025-03-26 01:51:10,01_2025MarApr香港
HK_雲泉仙館_next.MP4,793defc5dcdffa1bbfb9c353b4f80bd1,2025-06-08 17:14:46,2025-03-26 02:41:46,01_2025MarApr香港
HK_鴨寮街1.HEIC,a3945690827d4706ff1b33b8192382ef,2025-06-08 17:23:49,2025-04-05 04:44:54,01_2025MarApr香港
HK_鴨寮街2.HEIC,6fba7f451640a8c579f12a7e18b52744,2025-06-08 17:23:49,2025-04-05 04:45:00,01_2025MarApr香港
HK_鴨寮街3.HEIC,50677e7b3185cc0454eecae2a01277fb,2025-06-08 17:23:49,2025-04-05 04:45:18,01_2025MarApr香港
HK_鴨寮街4.HEIC,2581a44f4e64801d220d566e3c54eaf8,2025-06-08 17:23:49,2025-04-05 04:45:48,01_2025MarApr香港
HK_鴨寮街5.HEIC,6eff985b66e7b44def1f5c8d5c74b7e1,2025-06-08 17:23:50,2025-04-05 05:15:54,01_2025MarApr香港
HK_鴨寮街6.HEIC,964f53d7a85f865de953fc0f1d297058,2025-06-08 17:23:50,2025-04-05 05:16:02,01_2025MarApr香港
HK_鴨寮街7.HEIC,93dd210b9c41a4b59efa974d9631e620,2025-06-08 17:23:50,2025-04-05 05:16:08,01_2025MarApr香港
HK_鴨寮街8.HEIC,23ac306caac5d27bb436d6f30229ab35,2025-06-08 17:23:50,2025-04-05 05:16:58,01_2025MarApr香港
HK_鴨寮街Food1.HEIC,213c7f4e44f80c90bf0c1269e2721d98,2025-06-08 17:23:49,2025-04-05 04:54:04,01_2025MarApr香港
HK_鴨寮街Food2.HEIC,641f65b1b24acdea09c36f77937496a9,2025-06-08 17:23:49,2025-04-05 04:58:24,01_2025MarApr香港
HK_鴨寮街Food3.HEIC,5167da49c24fd9c81fa606c456f7af1c,2025-06-08 17:23:49,2025-04-05 04:59:56,01_2025MarApr香港
HK_鴨寮街Food4.HEIC,d51cdddbfbd93dc44974697aa39438aa,2025-06-08 17:23:49,2025-04-05 05:00:44,01_2025MarApr香港
HK_鴨寮街Food5.HEIC,42de89539a071b81f67658facee1277d,2025-06-08 17:23:49,2025-04-05 05:09:54,01_2025MarApr香港
HK_鴨寮街Food6.HEIC,f47f3c34a5919538bca3e0e3bbf9ca80,2025-06-08 17:23:50,2025-04-05 05:10:00,01_2025MarApr香港
HK_鴨寮街Food7.HEIC,b47cf7e0bf6617240fbbe181c8546d96,2025-06-08 17:23:50,2025-04-05 05:13:30,01_2025MarApr香港
HK_鴨寮街Food8.HEIC,e386763849e0ae80393365b289d4e579,2025-06-08 17:23:50,2025-04-05 05:13:56,01_2025MarApr香港
HKAirportArr.HEIC,3f1ccda159f5186c9ba7b796b69841f9,2025-06-08 17:23:44,2025-03-17 17:29:42,01_2025MarApr香港
hotel.MOV,3876826a88cd2d7731d5d33626e56519,2025-06-08 17:38:37,2025-04-19 18:36:38,40_2025AprChina
Hotel0.MP4,0e6638479793c64e6a24f9ec9064b2b6,2025-06-08 19:00:47,2025-04-07 20:04:12,05_2025Apr深圳
Hotel1.HEIC,1f4da6c19ca8747fe115a21d4a75d161,2025-06-08 19:10:24,2025-04-09 22:55:02,05_2025Apr深圳
Hotel10.HEIC,ca1e88dce12fe006a9da8f89175fe465,2025-06-08 19:10:22,2025-04-07 21:51:50,05_2025Apr深圳
Hotel10.HEIC,ed7cc543e4662e17fe10b8491c4a2913,2025-06-08 17:38:37,2025-04-19 18:39:44,40_2025AprChina
Hotel11.HEIC,76747564b86ca8fff73b457f3f3c0fd9,2025-06-08 19:10:22,2025-04-07 21:52:28,05_2025Apr深圳
Hotel11.HEIC,e8157b3bab69a2e4252d9210e155deb7,2025-06-08 17:38:39,2025-04-19 18:48:20,40_2025AprChina
Hotel12.HEIC,6d9d2e6077910e6b40c72b68b4bc9711,2025-06-08 17:38:39,2025-04-19 18:48:56,40_2025AprChina
Hotel12.MP4,958118d04d9b5d5a171c854434de0c6e,2025-06-08 19:05:43,2025-04-08 21:14:20,05_2025Apr深圳
Hotel13.HEIC,a0036a3a42496a3e5b2d03b3348c25a8,2025-06-08 17:38:39,2025-04-19 18:49:06,40_2025AprChina
Hotel13.MP4,72dfd82db2cf92e4dee34c21fe080b27,2025-06-08 19:05:45,2025-04-08 22:12:28,05_2025Apr深圳
Hotel14.MP4,b2de9a9b4b98aa891be1e1c926440a10,2025-06-08 18:54:50,2025-04-07 00:56:12,05_2025Apr深圳
Hotel14_BFast.HEIC,0d55d1003298e5cfbdbc90bb441e3c63,2025-06-08 17:38:39,2025-04-19 18:49:16,40_2025AprChina
Hotel15.MP4,bbf9e98c337522040965e7fe2b9a3935,2025-06-08 18:54:56,2025-04-07 00:57:14,05_2025Apr深圳
Hotel15_bFAST.HEIC,dbf1270d03de72d569b67965f5f9b391,2025-06-08 17:38:39,2025-04-19 18:49:26,40_2025AprChina
Hotel16.JPG,1f14ce95832270ca47d2f2b866c27363,2025-06-08 17:38:45,2025-04-20 08:05:26,40_2025AprChina
Hotel2.HEIC,67153b8ddb3c9d4b6c9dbe75eb2f220e,2025-06-08 19:10:24,2025-04-09 22:54:46,05_2025Apr深圳
Hotel2.HEIC,8be11a2a3ab994db11f17189426c3308,2025-06-08 17:38:37,2025-04-19 18:36:10,40_2025AprChina
Hotel3.HEIC,e2a181d88cbcdeb2fe2605e0ae7986f4,2025-06-08 19:10:24,2025-04-09 22:54:24,05_2025Apr深圳
Hotel3.HEIC,68d0e81a5a6d0984ba9848505620db63,2025-06-08 17:38:37,2025-04-19 18:36:16,40_2025AprChina
Hotel4.HEIC,15e746a495f8c028722c2e5ebc54c772,2025-06-08 19:10:24,2025-04-09 21:09:22,05_2025Apr深圳
Hotel4.HEIC,90236f489135bd044bbcbd6261e3ba92,2025-06-08 17:38:37,2025-04-19 18:36:32,40_2025AprChina
Hotel5.HEIC,cead8f51350c6290c1f0bebace95f9c0,2025-06-08 19:10:24,2025-04-09 21:09:18,05_2025Apr深圳
Hotel5.HEIC,57b8a9a63de58373ebaa78a7412520c9,2025-06-08 17:38:37,2025-04-19 18:36:52,40_2025AprChina
Hotel6.HEIC,9d86ef8b439067590db7097a92764dae,2025-06-08 19:10:21,2025-04-07 09:36:58,05_2025Apr深圳
Hotel6.HEIC,c76eac61e1732ae2caf332d4f336e8bf,2025-06-08 17:38:37,2025-04-19 18:37:06,40_2025AprChina
Hotel7.HEIC,80e615f30ed2b1600d496fb07dcdc47f,2025-06-08 19:10:21,2025-04-07 09:36:52,05_2025Apr深圳
Hotel7.HEIC,f75b8ee04a9e758dd5ecefa3d42e7730,2025-06-08 17:38:37,2025-04-19 18:37:26,40_2025AprChina
Hotel8.HEIC,76ae51b741763b2d5eaa16b35f736b8b,2025-06-08 19:10:21,2025-04-07 09:36:10,05_2025Apr深圳
Hotel8.HEIC,68d0c3f0752f147999265c980e3f0c10,2025-06-08 17:38:37,2025-04-19 18:39:08,40_2025AprChina
Hotel9.HEIC,be0eb4b05f61008c86eabf5c681c0035,2025-06-08 17:38:37,2025-04-19 18:39:32,40_2025AprChina
Hotel9.MP4,65a1ba5801c04111082652ed5477b7e8,2025-06-08 19:00:38,2025-04-07 09:36:18,05_2025Apr深圳
Hotel_100.HEIC,2583e0b7833d84f7e94542df57d3b8e3,2025-06-08 17:38:45,2025-04-20 18:38:10,40_2025AprChina
Hotel_101.HEIC,0906a6496efe16e67a1412f40100328d,2025-06-08 17:38:46,2025-04-20 18:38:18,40_2025AprChina
Hotel_102BFast.HEIC,9a872236666205f47241d79544461f07,2025-06-08 17:38:46,2025-04-20 18:43:56,40_2025AprChina
Hotel_103BFast.HEIC,8d4065ef9516426793e81bf814cf35a7,2025-06-08 17:38:48,2025-04-20 18:52:16,40_2025AprChina
Hotel_104BFast.HEIC,732e74b3a7f05f348d0fe1b799e07608,2025-06-08 17:38:48,2025-04-20 18:52:20,40_2025AprChina
Hotel_105.HEIC,faf1252749beade31e8cc202b6bb0be3,2025-06-08 17:38:48,2025-04-20 19:14:18,40_2025AprChina
Hotel_106_Store.HEIC,1f0122c0ee694871595d7797b81792c9,2025-06-08 17:38:48,2025-04-20 19:53:12,40_2025AprChina
Hotel_107_Store.HEIC,d8f0fd11877a57c73379e0919effc249,2025-06-08 17:38:48,2025-04-20 19:53:12,40_2025AprChina
Hotel_108_Store.HEIC,b1e46bef2565be185fc4f69134136f50,2025-06-08 17:38:48,2025-04-20 19:53:20,40_2025AprChina
Hotel_109_Store.HEIC,29cadec36301607db78411ce817980aa,2025-06-08 17:38:48,2025-04-20 19:53:28,40_2025AprChina
Hotel_300.MOV,7cf4ac0889fb49f75c5d6631c7ef29fd,2025-06-08 17:38:49,2025-04-21 18:03:46,40_2025AprChina
Hotel_301.HEIC,6cc2d2815716323164fd719aa28bfbce,2025-06-08 17:38:49,2025-04-21 08:04:04,40_2025AprChina
Hotel_302.HEIC,0ec4dbe8840172110be743deaacea306,2025-06-08 17:38:49,2025-04-21 08:04:06,40_2025AprChina
Hotel_303.HEIC,2e683f55afd3cb8e50d16c400f944ccb,2025-06-08 17:38:49,2025-04-21 17:54:56,40_2025AprChina
Hotel_304.HEIC,ffb8d351f74cc78856fc693fb4e7bf94,2025-06-08 17:38:49,2025-04-21 17:55:36,40_2025AprChina
Hotel_305.HEIC,dd42e48ae95759f90410563b317d02e3,2025-06-08 17:38:49,2025-04-21 17:57:20,40_2025AprChina
Hotel_306.HEIC,6329d6ff7bf418901f9e02e3ec02508e,2025-06-08 17:38:51,2025-06-19 20:38:49,40_2025AprChina
Hotel_307.HEIC,1c8a31b9aedc67a2341bba238d284192,2025-06-08 17:38:51,2025-06-19 20:39:09,40_2025AprChina
Hotel_308.HEIC,20c4bcffba91779de1a20a24a0d67ae9,2025-06-08 17:38:51,2025-04-21 18:17:38,40_2025AprChina
HotelOppsite1.HEIC,6afdde91ae480a404923cbd48b3066c0,2025-06-08 19:10:24,2025-04-09 23:00:48,05_2025Apr深圳
HotelOppsite2.HEIC,71b63ace8e866cb9fcb9305c50cc131a,2025-06-08 19:10:24,2025-04-09 23:00:20,05_2025Apr深圳
HSchool_Classmates.MP4,726e2ee8d34ac11e5c560a3984007cb6,2025-06-08 17:10:46,2025-03-22 00:54:44,2025_HK_Friends
IMG_0037.PNG,ed3eb8ea5df9b633c830683c2a890412,2025-06-08 18:54:30,2025-05-21 07:14:12,Orders
IMG_0038.PNG,3f278789c987806c91903570b2eaeec7,2025-06-08 18:53:23,2025-05-21 07:15:50,Captures
IMG_0061.HEIC,2f0ceeb6bba54b1d6826e76b4a660357,2025-06-08 18:54:30,2025-05-21 20:24:24,Orders
IMG_0062.HEIC,47e4dff29320bb2bcdef9b889109e62e,2025-06-08 18:54:30,2025-05-21 20:24:32,Orders
IMG_0063.HEIC,9e4fb201b5915cdac9166e6736854a11,2025-06-08 18:54:30,2025-05-21 20:25:46,Orders
IMG_0064.HEIC,4fcde036504a50f0e6798768d215e403,2025-06-08 18:54:30,2025-05-21 20:25:46,Orders
IMG_0065.HEIC,2e475b22716ab4417ae563fe569232c4,2025-06-08 18:54:30,2025-05-21 20:26:04,Orders
IMG_0155.jpg,f8fcac3bd0084302b42844c0df483053,2025-06-08 18:54:30,2025-05-22 11:56:16,Orders
IMG_0156.PNG,b4d74bf1a4efaa81f4d573c38c8ab70d,2025-06-08 18:54:30,2025-05-22 11:56:42,Orders
IMG_0157.jpg,c86e3194d1475ee9952eb3a5a5a074a9,2025-06-08 18:54:31,2025-05-22 11:56:56,Orders
IMG_0217.heic,283a78a3f99e82bbdc7c55ff6e022e8f,2025-06-08 18:53:23,2025-05-25 13:11:04,Captures
IMG_0218.heic,2200663bf68561deedaff09b8f54ae64,2025-06-08 18:53:23,2025-05-25 13:11:22,Captures
IMG_0396.PNG,38e47620114dc48363faf7e518323388,2025-06-08 18:54:31,2025-03-31 04:57:02,Orders
IMG_0397.PNG,4a0b1513373c48f40bf3a0751a0089b9,2025-06-08 18:54:31,2025-03-31 04:57:26,Orders
IMG_0402.PNG,1d58d666f527c362e429149694d8cbba,2025-06-08 18:54:31,2025-05-20 00:10:12,Orders
IMG_1581.HEIC,e5dfa784b348f0d9a616e4cb56821671,2025-06-08 17:08:54,2025-04-19 16:41:16,50_2025Apr牛首山
IMG_1694.HEIC,31102d29b1ca5d81a45aa74a888bec70,2025-06-08 17:09:09,2025-04-24 09:09:50,00_2025_iPhone
IMG_6507.PNG,4e9bc71a280d2517e2d3a6e9bcc471f5,2025-06-08 18:53:27,2025-03-25 20:13:26,2025_HK_Bank
IMG_6508.PNG,c18d19fdba65d1545f91274a475ed6c2,2025-06-08 18:53:27,2025-03-27 06:10:28,2025_HK_Bank
IMG_6509.PNG,95bb74981298e04dd1c0b33296e048ab,2025-06-08 18:53:27,2025-03-27 06:18:42,2025_HK_Bank
IMG_6510.PNG,23d2ddf7090238ad23e04c5c2fcca4ae,2025-06-08 18:53:27,2025-03-27 06:20:26,2025_HK_Bank
IMG_6511.PNG,4d9da4427866a9153d67b6ca473cd840,2025-06-08 18:53:27,2025-03-27 20:28:26,2025_HK_Bank
IMG_6512.PNG,412e683549dacec00e54a54152c28654,2025-06-08 18:53:27,2025-03-27 20:35:18,2025_HK_Bank
IMG_6514.PNG,98146d10a91782cd61297e554f414d3d,2025-06-08 18:53:27,2025-03-31 23:33:30,2025_HK_Bank
IMG_6515.PNG,338493cfa6755faee99fd5d31fcb80f7,2025-06-08 18:53:27,2025-04-01 22:48:28,2025_HK_Bank
IMG_6516.PNG,469c38d9584adb6d225254b74f3d5723,2025-06-08 18:53:27,2025-04-01 22:48:34,2025_HK_Bank
IMG_6517.PNG,09b1b0e0c8368850864b2f7bdbf5ac5d,2025-06-08 18:53:27,2025-04-01 22:49:20,2025_HK_Bank
IMG_6518.PNG,49f7b2537b715d2e578c8d791a1c312e,2025-06-08 18:53:27,2025-04-01 22:49:30,2025_HK_Bank
IMG_6519.PNG,bc9a86a5bfd2551f58e25998fd9b7315,2025-06-08 18:53:27,2025-04-01 22:49:36,2025_HK_Bank
IMG_6520.PNG,d1625646cb2c6cd81762b98c3acda26f,2025-06-08 18:53:27,2025-04-01 22:50:08,2025_HK_Bank
IMG_6521.PNG,99b3df7121fa80c38a0fe0cc965bdca1,2025-06-08 18:53:27,2025-04-06 00:49:32,2025_HK_Bank
IMG_6522.PNG,83d8989af6bc98f11b4a1ee9b39488a1,2025-06-08 18:53:27,2025-04-06 00:49:56,2025_HK_Bank
IMG_6523.PNG,a8c955163dde47995fe69a3cffdc79e3,2025-06-08 18:53:27,2025-04-06 00:50:20,2025_HK_Bank
IMG_6524.PNG,3ecfb03686ac4c211d610c5795f59ee5,2025-06-08 18:53:27,2025-04-06 00:50:56,2025_HK_Bank
IMG_6525.PNG,76c82f71809e628af8b53f7453e31b14,2025-06-08 18:53:27,2025-04-06 00:51:14,2025_HK_Bank
IMG_6526.PNG,6805761c364fab25a66623e805d47e75,2025-06-08 18:53:27,2025-04-06 00:51:44,2025_HK_Bank
IMG_6527.PNG,0afe914ab3f0e7a46d747bcdff009381,2025-06-08 18:53:27,2025-04-06 00:51:52,2025_HK_Bank
IMG_6528.PNG,d31703939ae1f550e7349f401b1c1d0f,2025-06-08 18:53:27,2025-04-06 00:53:40,2025_HK_Bank
IMG_6529.PNG,6dbb4f42c6bec334bbbde1304b08da39,2025-06-08 18:53:27,2025-04-06 00:53:46,2025_HK_Bank
IMG_6535.PNG,f44d74bc95ed4066629544be68dec701,2025-06-08 18:53:27,2025-04-06 03:15:50,2025_HK_Bank
IMG_6536.PNG,50dded1e5780d05bc50af4a14898cf89,2025-06-08 18:53:27,2025-04-06 03:18:58,2025_HK_Bank
IMG_6537.PNG,9bc80e3fbbeec2e17b98e16b89102d7e,2025-06-08 18:53:27,2025-04-06 03:19:10,2025_HK_Bank
IMG_6538.PNG,27d47eff9f64d6d960f9e77eefc07d47,2025-06-08 18:53:27,2025-04-06 03:19:20,2025_HK_Bank
IMG_6539.PNG,6af69feb9a7ea57f213bacf59c59e7b0,2025-06-08 18:53:27,2025-04-06 03:23:46,2025_HK_Bank
IMG_6540.PNG,e84e63856082396e1f1bbdc4a71e3576,2025-06-08 18:53:27,2025-04-06 03:25:26,2025_HK_Bank
IMG_6541.PNG,6edec4ff1fdf3a355fb5cb4baff69b66,2025-06-08 18:53:27,2025-04-06 03:26:30,2025_HK_Bank
IMG_6542.PNG,74c6f24cfcab36bad18eac556471747a,2025-06-08 18:53:27,2025-04-06 03:27:02,2025_HK_Bank
IMG_6543.PNG,4a8cd8871742c2ad1608915513f9ae62,2025-06-08 18:53:27,2025-04-06 03:27:38,2025_HK_Bank
IMG_6544.PNG,2f07f019225934553aa58feb30ce05d9,2025-06-08 18:53:27,2025-04-06 03:27:50,2025_HK_Bank
IMG_6545.PNG,a55baed16b23efb67507b73641abb675,2025-06-08 18:53:27,2025-04-06 03:28:06,2025_HK_Bank
IMG_8146.HEIC,cbfb79f8778d96ed0203f95c6ff242b9,2025-06-08 18:54:31,2025-03-19 03:14:26,Orders
IMG_8184.HEIC,3615b10b5b47924defd42afe1d986acc,2025-06-08 17:23:44,2025-03-23 03:00:08,01_2025MarApr香港
IMG_8227.HEIC,bda054a517cfe31db7ebc40b220a70fe,2025-06-08 17:23:45,2025-03-26 07:32:08,01_2025MarApr香港
IMG_8229.HEIC,05ac1a1daf295643d6833fe5282dbebd,2025-06-08 18:53:23,2025-03-26 08:51:44,Captures
IMG_8244.PNG,f8c40f62ae892bfbf16da6dc129e5792,2025-06-08 18:54:31,2025-03-27 05:23:56,Orders
IMG_8251.HEIC,4b46e28f03cc4519fc3f90326ce66737,2025-06-08 17:23:46,2025-03-28 01:57:22,01_2025MarApr香港
IMG_8255.jpg,329e5e0ad76fc915e8c00ec5ed5ba3a1,2025-06-08 18:53:23,2025-03-28 02:32:50,01_2025MarApr香港
IMG_8257.HEIC,0eda3f4b9404d799e1fb66a65bc580be,2025-06-08 18:53:23,2025-03-28 02:34:44,01_2025MarApr香港
IMG_8258.HEIC,5eab11efc4f0e420b0d06e44f2bc6e70,2025-06-08 18:53:23,2025-03-28 03:06:10,01_2025MarApr香港
IMG_8262.HEIC,a9cc02438b3c5883772a1dbb1ae8227e,2025-06-08 17:05:22,2025-06-12 16:58:42,00_2025_iPhone
IMG_8263.HEIC,05abcef214a1d116f28b9cfa10f0f217,2025-06-08 17:05:22,2025-06-12 16:58:45,00_2025_iPhone
IMG_8264.jpg,678d61c3bda940595819ce872e417ab9,2025-06-08 18:53:27,2025-03-28 21:51:08,2025_HK_Bank
IMG_8266.PNG,4a1ecefed95d24a6c25d44415eb8e8c5,2025-06-08 18:54:31,2025-03-29 21:22:06,Orders
IMG_8267.jpg,df1a87fc59f7293c033681d9984ec30b,2025-06-08 18:54:31,2025-03-29 21:22:24,Orders
IMG_8268.PNG,d52afa949a076a78e2fa9d751a3e5e4d,2025-06-08 18:54:31,2025-03-29 23:34:48,Orders
IMG_8269.JPG,2201ff633433005edda588269c9bf1df,2025-06-08 18:54:31,2025-03-29 23:35:16,Orders
IMG_8270.PNG,ce9bfe28513fdde2c91d2a3f48c49be0,2025-06-08 18:54:31,2025-03-29 23:36:34,Orders
IMG_8271.PNG,4098f912267d1b4902c2654238a3a85c,2025-06-08 18:54:31,2025-03-29 23:37:18,Orders
IMG_8279.PNG,95611487548712d109d0a05cd4826983,2025-06-08 19:28:06,2025-03-30 22:02:44,00_2025_iPhone
IMG_8280.jpg,6de2a7228315c1991108eac790b5f648,2025-06-08 19:28:06,2025-03-30 22:16:24,00_2025_iPhone
IMG_8281.PNG,d83d2467b5f56a54276faae06d89f719,2025-06-08 19:28:06,2025-03-30 22:16:42,00_2025_iPhone
IMG_8282.jpg,4fe6d758e40763e2a1f2b76a2e450d11,2025-06-08 19:28:06,2025-03-30 22:27:46,00_2025_iPhone
IMG_8283.jpg,84857a6b072fcc87a113f412facc872a,2025-06-08 19:28:06,2025-03-30 22:27:56,00_2025_iPhone
IMG_8284.PNG,90aee1853e33b0e2d2bb87c045e729ed,2025-06-08 19:28:06,2025-03-30 23:22:32,00_2025_iPhone
IMG_8285.PNG,6403179e7b2b51580e6cb5266ec63fad,2025-06-08 19:28:06,2025-03-30 23:26:06,00_2025_iPhone
IMG_8286.PNG,d345a4db914328db887727e41a6680a7,2025-06-08 19:28:06,2025-03-30 23:31:38,00_2025_iPhone
IMG_8305.heic,29502f5f746f2ce53551d6fdf181c302,2025-06-08 18:53:23,2025-04-01 23:20:40,Captures
IMG_8306.jpg,964f73f5282973910621fcf1946ad350,2025-06-08 18:53:23,2025-04-01 23:20:46,Captures
IMG_8307.heic,63703f47fdc7ec3365034b084f5660e4,2025-06-08 18:53:23,2025-04-01 23:21:00,Captures
IMG_8308.HEIC,b0ac110a9eac0c45549e986d68dd1c9e,2025-06-08 18:53:23,2025-04-01 23:32:46,01_2025MarApr香港
IMG_8309.HEIC,7b9e88e81f82cb1736c98b6280b9983b,2025-06-08 18:53:23,2025-04-01 23:32:54,01_2025MarApr香港
IMG_8310.jpg,742b422e3662cdd7c42c113434de2b83,2025-06-08 18:53:23,2025-04-01 23:53:42,01_2025MarApr香港
IMG_8311.heic,60491374c8ad0060651107a46724f06f,2025-06-08 18:53:23,2025-04-01 23:59:48,Captures
IMG_8416.HEIC,509ace14c6574636afbbe1e7f8b7b236,2025-06-08 18:53:23,2025-04-06 05:32:18,Captures
IMG_8417.HEIC,8bf94ff6c07db96a6b4a530620f73590,2025-06-08 18:53:24,2025-04-06 05:32:24,Captures
IMG_8418.HEIC,0bc9ec1befb9f41c882cb1303b06db4f,2025-06-08 18:53:24,2025-04-06 05:32:34,Captures
IMG_8419.HEIC,2ac403ff3d76da8e75befabbe57e3033,2025-06-08 18:53:24,2025-04-06 05:32:38,Captures
IMG_8488.PNG,0356ee713137cd394a89503639e169e8,2025-06-08 19:10:24,2025-04-09 01:41:02,00_2025_iPhone
IMG_8546.HEIC,c47449453cea63e28103435f809f77f2,2025-06-08 19:26:00,2025-04-11 00:50:28,10_2025Apr東莞
IMG_8603.jpg,c729bc7e2f35031e05dcc99ef266a08b,2025-06-08 19:28:06,2025-04-12 23:49:36,00_2025_iPhone
IMG_8621.PNG,789e46a195a0ddad2b2b66f9d2625a5e,2025-06-08 19:28:07,2025-04-13 04:25:58,00_2025_iPhone
IMG_8622.PNG,c467d75052994086634b45bb5a27d557,2025-06-08 19:28:07,2025-04-13 04:26:18,00_2025_iPhone
IMG_8626.jpg,b20f12a7d7cbb378710548d88b5d56e8,2025-06-08 19:28:07,2025-04-13 05:17:30,00_2025_iPhone
IMG_8627.jpg,cab6b402f6bf1469251e8b69b4cae5a8,2025-06-08 19:28:07,2025-04-13 05:19:54,00_2025_iPhone
IMG_8701.PNG,137129f32b39c30aace9f383d66f671b,2025-06-08 18:53:27,2025-04-13 22:55:46,2025_HK_Friends
IMG_8761.jpg,a215a21e833991de91825d993ad34703,2025-06-08 19:38:22,2025-04-14 21:32:32,00_2025_iPhone
IMG_8785.jpg,7b67b16a2563d6587fa5699e419385d1,2025-06-08 19:38:25,2025-04-15 00:13:46,00_2025_iPhone
IMG_8794.PNG,3ece60b8a0fd68f8b0dd43109d90b7e5,2025-06-08 19:51:05,2025-04-15 08:33:18,00_2025_iPhone
IMG_8797.PNG,b1c2d8cddaefc72dae75ea757765d7b9,2025-06-08 19:51:05,2025-04-15 09:01:00,00_2025_iPhone
IMG_8859.PNG,1a475198c6bc58b728792f3f349e50ae,2025-06-08 19:51:10,2025-04-16 20:58:12,00_2025_iPhone
IMG_8860.PNG,9c77711d9e3874339deb62ea81a2a0ab,2025-06-08 19:51:10,2025-04-16 20:58:18,00_2025_iPhone
IMG_8862.jpg,29ff6c56db2a36701224db0d66dbaa2c,2025-06-08 19:51:10,2025-04-16 22:45:48,00_2025_iPhone
IMG_8863.jpg,9ddaac5145002438e4fef38e9bd9dc18,2025-06-08 19:51:10,2025-04-16 22:46:16,00_2025_iPhone
IMG_8864.jpg,e5435b953f9eb335b41ca38a731b5e5a,2025-06-08 19:51:10,2025-04-16 22:46:24,00_2025_iPhone
IMG_8865.jpg,3d50c5dad45b656a3cc46b51c90a1122,2025-06-08 19:51:10,2025-04-16 22:48:58,00_2025_iPhone
IMG_8979.HEIC,e64832fa3f76b27dfd2cbcf718fd2cde,2025-06-08 17:38:36,2025-04-19 07:59:56,00_2025_iPhone
IMG_8987.HEIC,36649ee87d93578946ea4ec334ac1a97,2025-06-08 17:38:36,2025-04-19 10:06:10,00_2025_iPhone
IMG_9009.HEIC,8e89bead2a61210fbffc3d31fa9f4d86,2025-06-08 17:38:39,2025-04-20 00:03:26,00_2025_iPhone
IMG_9091.HEIC,e04d0c127743165c447d44dca6c7131f,2025-06-08 17:38:51,2025-04-21 20:23:30,00_2025_iPhone
IMG_9146.HEIC,d37c1d4fb8c972364559a14e30a18cec,2025-06-08 17:51:31,2025-04-22 19:06:26,00_2025_iPhone
IMG_9147.HEIC,173e8e7f5f225efb6dfdcf688f3393e8,2025-06-08 17:51:31,2025-04-22 19:06:52,00_2025_iPhone
IMG_9151.HEIC,ccf1f14af3caf2e59e3be9bf864ca573,2025-06-08 18:53:24,2025-04-22 20:08:44,Captures
IMG_9154.PNG,9d27aa61ae32a1335e4cd06a32239b15,2025-06-08 17:38:52,2025-04-23 00:47:26,00_2025_iPhone
IMG_9155.PNG,ee672d8b6b7f2395b62a2e15d306bf13,2025-06-08 17:38:52,2025-04-23 00:47:42,00_2025_iPhone
IMG_9221.PNG,3fdc2fcdb78a6c15c468a7788f2ab8ab,2025-06-08 18:03:26,2025-04-24 02:20:42,00_2025_iPhone
IMG_9222.PNG,0df95f4346e64808301b5354ef5a0ed2,2025-06-08 18:03:26,2025-04-24 02:22:18,00_2025_iPhone
IMG_9223.PNG,df7a193e18a2a9b693df3263c440d3e3,2025-06-08 18:03:26,2025-04-24 02:31:24,00_2025_iPhone
IMG_9226.HEIC,02cf82f22561802ae9c9532ebdcda108,2025-06-08 18:03:26,2025-04-24 05:55:50,00_2025_iPhone
IMG_9232.HEIC,2bd386e4c27c9875b7e13ea5597f990f,2025-06-08 18:03:26,2025-04-24 20:37:28,00_2025_iPhone
IMG_9233.HEIC,5a527d00018eef2f122b7c28b0b462b0,2025-06-08 18:03:26,2025-04-24 20:37:34,00_2025_iPhone
IMG_9234.HEIC,bc1d0a94181228798750ee10c4338fd5,2025-06-08 18:03:26,2025-04-24 20:37:36,00_2025_iPhone
IMG_9235.HEIC,bfeea4ffc126c195f695e784d4435694,2025-06-08 18:03:26,2025-04-24 20:37:46,00_2025_iPhone
IMG_9262.HEIC,e7ebd0d3d07ff4e6f378957e9afe32aa,2025-06-08 18:03:40,2025-04-25 00:53:10,00_2025_iPhone
IMG_9341.jpg,4668f7d194052122909f4d344ee9d9bd,2025-06-08 18:54:31,2025-04-30 00:41:48,Orders
IMG_9342.PNG,33f8cb3a92f2c5887c58183046d0158d,2025-06-08 18:54:31,2025-04-30 04:03:08,Orders
IMG_9351.HEIC,2ff6eba0ec8ac5a0852eadf725ec09cf,2025-06-08 17:05:22,2025-05-01 00:39:42,00_2025_iPhone
IMG_9352.MOV,bc6910cb0d22170f24e4356f8611a178,2025-06-08 18:54:31,2025-05-01 04:12:20,Orders
IMG_9357.jpg,bd686ceb4ff13a762c025e471526835c,2025-06-08 18:54:42,2025-05-01 05:49:50,Orders
IMG_9358.PNG,4d9d81c1692645cb06111a68653c6e32,2025-06-08 18:54:42,2025-05-01 05:50:42,Orders
IMG_9406.jpg,d7231690f48fd0384f3dced06e92c1e7,2025-06-08 18:54:42,2025-05-02 22:20:46,Orders
IMG_9415.heic,745e5baf09feeca7fe0d615c430a9c87,2025-06-08 18:53:24,2025-05-05 00:42:40,Captures
IMG_9416.heic,ccc91c0ffeb6c4efe93741d7a1a61dd1,2025-06-08 18:53:24,2025-05-05 00:43:18,Captures
IMG_9417.heic,f6e6e453c1226ec44f12eaa79d851d88,2025-06-08 18:53:24,2025-05-05 00:43:26,Captures
IMG_9468.PNG,6445aefa641888c6e4beacfaff3bebce,2025-06-08 18:54:42,2025-05-05 22:14:54,Orders
IMG_9469.jpg,5b497eab48fd25f60b0061d82f1959d1,2025-06-08 18:54:42,2025-05-05 22:15:32,Orders
IMG_9471.jpg,9230a98e5c581fcc2b4a41bb4b30e2eb,2025-06-08 18:54:42,2025-05-05 22:16:04,Orders
IMG_9479.heic,367fdd9f6702ef31817c5f9a36d3320c,2025-06-08 18:54:42,2025-05-06 06:44:06,Orders
IMG_9480.heic,efe3270982a62436f74fe35ca0723c06,2025-06-08 18:54:42,2025-05-06 06:44:10,Orders
IMG_9481.heic,8267157e56f89a3b6fe40148394815f5,2025-06-08 18:54:42,2025-05-06 06:44:18,Orders
IMG_9482.heic,3222b46ae5fbfbe493701a8d3e1133a1,2025-06-08 18:54:42,2025-05-06 06:44:24,Orders
IMG_9483.HEIC,52f42e119ac216cc7f917433aa08f2fc,2025-06-08 18:54:42,2025-05-06 06:45:22,Orders
IMG_9484.HEIC,599fb397c39b62030d75c3f458da8f5a,2025-06-08 18:54:42,2025-05-06 06:47:52,Orders
IMG_9485.HEIC,6afc27697e21784be0b2ab4bcff8536a,2025-06-08 18:54:42,2025-05-06 06:48:00,Orders
IMG_9486.HEIC,a862fbb6b240a4ea8aebbf4d80e59251,2025-06-08 18:54:42,2025-05-06 06:48:34,Orders
IMG_9487.HEIC,3a449c39a31cd836d5fa2856f0fc50d8,2025-06-08 18:53:28,2025-05-06 08:34:24,2025_KTYSC
IMG_9488.HEIC,8878a0dcc7362564cc5cb2a3a48ccec0,2025-06-08 18:53:28,2025-05-06 08:34:30,2025_KTYSC
IMG_9489.HEIC,5b01e03ac42d96c97ecc79445c7680b5,2025-06-08 18:53:28,2025-05-06 08:34:34,2025_KTYSC
IMG_9490.HEIC,6a3da5462e8e26eaa58588bab56359a5,2025-06-08 18:53:28,2025-05-06 08:34:36,2025_KTYSC
IMG_9497.PNG,55d794398770259f5b3923c20f23c120,2025-06-08 18:53:27,2025-05-07 02:16:00,2025_HK_Friends
IMG_9498.HEIC,c162ad56bed62337cc4f58893d358363,2025-06-08 18:53:28,2025-05-07 02:22:48,2025_HK_Friends
IMG_9499.HEIC,38ba0f07a8c9ff3ca8e6eeb60041cc66,2025-06-08 18:53:28,2025-05-07 02:22:50,2025_HK_Friends
IMG_9500.heic,dc21375d4e06e633a94621d9b9a6eccd,2025-06-08 18:53:28,2025-05-07 02:22:52,2025_HK_Friends
IMG_9501.HEIC,2be9a1a67c78a5ecd40e21a3094eed3b,2025-06-08 18:53:28,2025-05-07 02:22:54,2025_HK_Friends
IMG_9506.HEIC,75f00e23a957822d3b3d5ef53ab5b0c6,2025-06-08 18:54:42,2025-05-07 11:48:24,Orders
IMG_9507.HEIC,a9392318836a2bfa356d87643aae9442,2025-06-08 18:54:42,2025-05-07 11:48:58,Orders
IMG_9508.HEIC,910e8fdc75706f260b3b634bf68e317f,2025-06-08 18:54:42,2025-05-07 11:49:10,Orders
IMG_9509.HEIC,74996086ff7d3bed986d3dcf13960cb1,2025-06-08 18:54:42,2025-05-07 11:49:14,Orders
IMG_9510.HEIC,9966587f76b8bf8d9d9ac1ec90b4dcd2,2025-06-08 18:54:42,2025-05-07 11:49:18,Orders
IMG_9511.HEIC,81d74ae534d2fead3578c5d912edc0b2,2025-06-08 18:54:42,2025-05-07 11:54:30,Orders
IMG_9512.HEIC,bc9c2eecb5d47b1fe5c67ede2daeb3e8,2025-06-08 18:54:42,2025-05-07 11:54:38,Orders
IMG_9513.HEIC,426f57d39052267165de40e5cfca9394,2025-06-08 18:54:42,2025-05-07 11:57:48,Orders
IMG_9514.HEIC,54c1ba147a01187063906e37c9c80a87,2025-06-08 18:54:43,2025-05-07 11:57:56,Orders
IMG_9515.HEIC,e0d9956a42c760cf513ec30e2753ca2a,2025-06-08 18:54:43,2025-05-07 11:58:02,Orders
IMG_9516.HEIC,d3685a84a94c0d320d038030ee1e44c6,2025-06-08 18:54:43,2025-05-07 12:01:52,Orders
IMG_9517.HEIC,c49dee753c32e021c31194d7136c09b7,2025-06-08 18:54:43,2025-05-07 12:02:02,Orders
IMG_9518.HEIC,2c462f5819805ddbdcbe43d15524c7b1,2025-06-08 18:54:43,2025-05-07 12:04:32,Orders
IMG_9519.HEIC,64a638636075f6bb573e37e6f92435f1,2025-06-08 18:54:43,2025-05-07 12:04:38,Orders
IMG_9520.HEIC,57d9d78993277325ea2d641b71448604,2025-06-08 18:54:43,2025-05-07 12:06:48,Orders
IMG_9523.jpg,f6c00442b755691a417a01e428605191,2025-06-08 18:53:28,2025-05-07 22:57:00,2025_HK_Friends
IMG_9524.heic,e3e819a8fd9f17c1132026a6ee37983e,2025-06-08 18:53:24,2025-05-07 23:24:44,Captures
IMG_9561.HEIC,b773c807a422e7a75d80cb8e2782c58f,2025-06-08 18:54:43,2025-05-08 03:53:04,Orders
IMG_9562.HEIC,c9f60a115c87f0a23d449956a7fbc49a,2025-06-08 18:54:43,2025-05-08 03:53:36,Orders
IMG_9563.HEIC,5714e69a96df8540bb8edc18f6852a83,2025-06-08 18:54:43,2025-05-08 03:55:08,Orders
IMG_9564.jpg,0df6499894a674a6ba5992e34f231782,2025-06-08 18:54:43,2025-05-08 03:55:38,Orders
IMG_9569.heic,d9b35101871505198da11371f299ad62,2025-06-08 18:54:43,2025-05-08 04:39:56,Orders
IMG_9570.heic,1a388ff28310208512b501d63998be7d,2025-06-08 18:54:43,2025-05-08 04:41:28,Orders
IMG_9723.PNG,3df293e7b16f979bf8cd67cc753f8756,2025-06-08 18:53:28,2025-05-12 21:19:12,2025_HK_Friends
IMG_9724.HEIC,8aaa7fefa7c254336809e5b9519d1250,2025-06-08 18:53:24,2025-05-12 22:23:24,Captures
IMG_9725.HEIC,7808f50878c092ba0605e2a73e5ea441,2025-06-08 18:53:24,2025-05-12 22:28:16,Captures
IMG_9739.heic,cdaae334d32d0fc740973dc59d980333,2025-06-08 17:05:22,2025-05-13 09:10:54,00_2025_iPhone
IMG_9860.jpg,3efbc7428728256a3edd53c0018b5e78,2025-06-08 18:54:43,2025-05-18 08:18:14,Orders
IMG_9861.jpg,5b9844f50bbfc9e3101bd1c800918bea,2025-06-08 18:54:43,2025-05-18 08:23:36,Orders
IMG_9862.jpg,27d6da49d6eefea5e07c95955bc02544,2025-06-08 18:54:43,2025-05-18 08:32:16,Orders
IMG_9999.jpg,e29b5340ebdcc59ffec98735af041811,2025-06-08 17:05:25,2025-05-20 21:46:38,00_2025_iPhone
King牛首山.HEIC,121734d6835db2bd5552ec5dd4e6ce95,2025-06-08 17:08:58,2025-04-19 17:26:46,50_2025Apr牛首山
Lunch1.HEIC,fee006a30be50ddd5b90b9318b557030,2025-06-08 17:38:41,2025-04-20 00:55:40,40_2025AprChina
Lunch2.HEIC,dc8438a7fe2fbb2030bfef6387671ece,2025-06-08 17:38:41,2025-04-20 00:55:50,40_2025AprChina
Lunch3.HEIC,d964a6331f305dc1496ac43e164e8cf9,2025-06-08 17:38:41,2025-04-20 00:56:16,40_2025AprChina
Lunch4.HEIC,f802137b0fae003593b8b40d71301508,2025-06-08 17:38:41,2025-04-20 00:56:18,40_2025AprChina
Lunch5.HEIC,75ef279c586a4c0e6a033ac62f590a7f,2025-06-08 17:38:41,2025-04-20 00:56:24,40_2025AprChina
Mall0.HEIC,6322e71d67208bffef6e2d0a7d2a23dc,2025-06-08 19:10:21,2025-04-07 08:51:50,05_2025Apr深圳
Mall1.HEIC,c4d75b1a8cab25290a9726e160a7cace,2025-06-08 17:08:20,2025-04-07 18:46:32,05_2025Apr深圳
Mall10.HEIC,a7f11ce13ed6cd907d6cc977bb1d3b20,2025-06-08 19:10:21,2025-04-07 04:51:58,05_2025Apr深圳
Mall10.MP4,15c2cb8a62a5e18bf99ab1485ad1f2dc,2025-06-08 19:04:11,2025-04-08 06:25:44,05_2025Apr深圳
Mall11.HEIC,ad6827871715eee593aa369bc47f3ee5,2025-06-08 19:10:21,2025-04-07 04:51:48,05_2025Apr深圳
Mall11.MP4,2ea8093311a1848e7755245f9a1285a4,2025-06-08 19:04:09,2025-04-08 06:24:56,05_2025Apr深圳
Mall12.MP4,68a8ba4a0113afc4677163e65533660d,2025-06-08 19:04:06,2025-04-08 06:24:42,05_2025Apr深圳
Mall13.MP4,160eefce309d83c742485e63dc687d19,2025-06-08 19:04:03,2025-04-08 06:23:32,05_2025Apr深圳
Mall14.MP4,9b668d4c8e00f030707e6444590ba132,2025-06-08 19:03:56,2025-04-08 06:17:26,05_2025Apr深圳
Mall15.MP4,0c68988f5018dd46814bca6787149bd8,2025-06-08 19:03:30,2025-04-08 06:13:14,05_2025Apr深圳
Mall16.MP4,2f325d0a9df0d59b0469c85d49f727f4,2025-06-08 19:03:13,2025-04-08 06:07:02,05_2025Apr深圳
Mall17.MP4,212fd6c2251b0fdd0dc7f1bb867428df,2025-06-08 19:03:08,2025-04-08 05:25:24,05_2025Apr深圳
Mall18.MP4,8f9ddce425f3612f204eee4a6a1855f6,2025-06-08 19:03:06,2025-04-08 05:23:22,05_2025Apr深圳
Mall19.MP4,553186c02802f3ee57787a44970d86cd,2025-06-08 19:02:54,2025-04-08 05:22:46,05_2025Apr深圳
Mall2.HEIC,118ad260b8ba6edbb74556e19975176d,2025-06-08 17:08:22,2025-04-08 18:09:40,05_2025Apr深圳
Mall20.MP4,862a8d00a2e1f282671cf44480bc21f7,2025-06-08 19:02:48,2025-04-08 05:19:52,05_2025Apr深圳
Mall21.HEIC,a520e045bb6f1557ecc5c3b2dfbb6d66,2025-06-08 19:10:23,2025-04-08 06:31:36,05_2025Apr深圳
Mall21.MP4,756484418b085b71886ba509641148bd,2025-06-08 19:02:46,2025-04-08 04:48:26,05_2025Apr深圳
Mall22.HEIC,6a50b553a19159c108146d3a93c37b20,2025-06-08 19:10:23,2025-04-08 06:32:00,05_2025Apr深圳
Mall23.MP4,d34a807a9d6428ff0f831fd52cf997ac,2025-06-08 19:05:48,2025-04-08 22:55:10,05_2025Apr深圳
Mall24.MP4,84dbe13cb2a65235b5790f0e64112de3,2025-06-08 19:05:50,2025-04-08 22:57:28,05_2025Apr深圳
Mall3.HEIC,c175d813e9a72a3f3f6a64ea768bbb20,2025-06-08 17:08:22,2025-04-08 18:09:52,05_2025Apr深圳
Mall4.HEIC,dd23b7a9d431d29bb0abceaeefe32eee,2025-06-08 17:08:22,2025-04-08 18:10:08,05_2025Apr深圳
Mall5.HEIC,9c7c11dd755f072ed5f4a4cc5bc73bbc,2025-06-08 17:08:23,2025-04-08 18:22:48,05_2025Apr深圳
Mall7.HEIC,f11853bb99fd5d8ee772e35da34661e2,2025-06-08 19:10:23,2025-04-08 06:12:46,05_2025Apr深圳
Mall8.HEIC,4c899c613b8a26ef990c99b62ae067f7,2025-06-08 19:10:23,2025-04-08 06:12:54,05_2025Apr深圳
Mall9.HEIC,87cab0f7238407d5fb1e5ddb9d3202ea,2025-06-08 17:08:23,2025-04-08 18:25:32,05_2025Apr深圳
Mall_21.MP4,ececc458f6814a8f991deb4c95c3ac05,2025-06-08 18:59:44,2025-04-07 09:00:18,05_2025Apr深圳
Mall_22.MP4,e362b69910e9db525badf851e761ebf7,2025-06-08 18:59:40,2025-04-07 08:58:06,05_2025Apr深圳
Mall_63.mov,af44bff7b4f7c27ed3c01142d01243cc,2025-06-08 18:54:43,2025-04-08 04:58:58,05_2025Apr深圳
Map1.PNG,2cb46b4746adcfdde83ed150fed78329,2025-06-08 19:10:24,2025-04-09 00:00:44,05_2025Apr深圳
Map2.PNG,5dd551b27db2df6bc300b43fe1987104,2025-06-08 19:10:21,2025-04-07 04:19:02,05_2025Apr深圳
May12_MingPalace.mp4,d535958a60ad2ed571a80311390479f0,2025-06-08 18:53:24,2025-05-14 01:44:16,Edit_output
Miu2.HEIC,188f38486e998cb0cbcd02c428036ac5,2025-06-08 17:08:07,2025-03-28 12:51:42,01_2025MarApr香港
Miu3.HEIC,2d5438b819e0e37034a333635b56ae86,2025-06-08 17:08:07,2025-03-28 12:49:16,01_2025MarApr香港
Miu4.HEIC,e2ba8ad9002efd0ef7b41b9f36d3f3a7,2025-06-08 17:08:07,2025-03-28 12:47:42,01_2025MarApr香港
Miu5.HEIC,65bf61d324e8b3e52528417298d97fb0,2025-06-08 17:08:06,2025-03-28 12:34:36,01_2025MarApr香港
MIu6.HEIC,2dd9253ecd9d2b52a74112980af91954,2025-06-08 17:08:06,2025-03-28 12:34:18,01_2025MarApr香港
Miu7.HEIC,8c7edb5984742b4484ad829f26db5fa4,2025-06-08 17:08:06,2025-03-28 12:30:26,01_2025MarApr香港
Miu8.HEIC,c2219f8d4f5803e1858b5084b5d5de7c,2025-06-08 17:08:06,2025-03-28 12:30:16,01_2025MarApr香港
Miu9.HEIC,c0ed79a36bca98d733415a20f27e041d,2025-06-08 17:08:05,2025-03-28 12:25:04,01_2025MarApr香港
Miu_1.HEIC,ba0fbfdf23e0c82ab5894806ac98440e,2025-06-08 17:08:08,2025-03-28 12:51:54,01_2025MarApr香港
Miu_100.HEIC,cec9016c05db85812dcf5b2766c3e933,2025-06-08 17:08:04,2025-03-26 19:00:54,01_2025MarApr香港
Miu_101.HEIC,c2664ed853cbec05cbda2886a2e054ba,2025-06-08 17:08:04,2025-03-26 18:49:14,01_2025MarApr香港
Miu_102.HEIC,662820e22eccacdc1aeb3ddd7bb53d20,2025-06-08 17:08:04,2025-03-26 18:49:04,01_2025MarApr香港
Miu_103.HEIC,d1250616d7ac878469a5578bf9d8cf77,2025-06-08 17:08:03,2025-03-26 18:48:52,01_2025MarApr香港
Miu_200.HEIC,0c0e5b7bbf81b9fcfd674d310734d1b5,2025-06-08 17:08:03,2025-03-26 14:38:40,01_2025MarApr香港
Miu_201.HEIC,7319e56e9a37d4bc3336e48234eca65f,2025-06-08 17:08:02,2025-03-26 14:36:50,01_2025MarApr香港
Miu_202.HEIC,f1d2085d490481d5307acd00a20a8c7d,2025-06-08 17:08:02,2025-03-26 14:35:56,01_2025MarApr香港
Miu_203.HEIC,af16bce189b7e845cd6c19c4454cd2af,2025-06-08 17:08:01,2025-03-26 14:34:40,01_2025MarApr香港
Miu_204.HEIC,469c59be33d521a782bae173d78517d8,2025-06-08 17:08:01,2025-03-26 14:33:30,01_2025MarApr香港
Miu_ExCentre9.HEIC,4b8c34175a58a0eba3490668a2a1d211,2025-06-08 17:08:16,2025-04-04 14:59:22,01_2025MarApr香港
Miu_PC1.HEIC,c2a9d0230bc07519503c5ed46575ff35,2025-06-08 17:07:59,2025-03-25 11:48:32,03_2025AprMay坪洲
Miu_PC10.HEIC,d00deb4bc0a846d881ce55c1762b5bbd,2025-06-08 17:07:55,2025-03-23 12:12:50,03_2025AprMay坪洲
Miu_PC11.HEIC,b9d509222a8526b797c9ceb6ca5d28ea,2025-06-08 17:07:55,2025-03-23 12:12:42,03_2025AprMay坪洲
Miu_PC12.HEIC,51ae4da4119aa16374c4e632cc678999,2025-06-08 17:07:54,2025-03-23 12:12:36,03_2025AprMay坪洲
Miu_PC13.HEIC,177dd93aace1319a8c820f72d870e191,2025-06-08 17:07:54,2025-03-23 12:12:22,03_2025AprMay坪洲
Miu_PC14.HEIC,3ea2b84d7433cd660e36e5826b78691e,2025-06-08 17:07:54,2025-03-22 11:25:12,01_2025MarApr香港
Miu_PC15.HEIC,ad4c23503768aa05e8f75f073b04c411,2025-06-08 17:07:53,2025-03-22 10:48:06,03_2025AprMay坪洲
Miu_PC16.HEIC,ecc8134aa14bcea67cf19090674fb375,2025-06-08 17:07:51,2025-03-21 09:17:26,03_2025AprMay坪洲
Miu_PC17.HEIC,084d100420de15d09a0b7ff9ee326eee,2025-06-08 17:07:50,2025-03-20 14:04:54,03_2025AprMay坪洲
Miu_PC18.HEIC,d76b9327730d9ccb95c027b555ba8ee3,2025-06-08 17:07:50,2025-03-20 14:04:46,03_2025AprMay坪洲
Miu_PC19.JPG,a270da18b6f9fbf4507d076b748fd43c,2025-06-08 17:08:10,2025-03-20 09:10:46,03_2025AprMay坪洲
Miu_PC2.HEIC,221411d428b0480420dad0fa0c75cc41,2025-06-08 17:07:59,2025-03-25 11:48:22,03_2025AprMay坪洲
Miu_PC21.HEIC,4ec3db0441de6505f0b78fd0309640d2,2025-06-08 17:08:10,2025-04-01 11:09:58,01_2025MarApr香港
Miu_PC22.HEIC,5d19a21422849db6df1d595d4b0fb389,2025-06-08 17:08:11,2025-04-01 11:10:20,01_2025MarApr香港
Miu_PC3.HEIC,24db42400b2c80ed13e9b041ca6718a1,2025-06-08 17:07:58,2025-03-25 11:48:12,03_2025AprMay坪洲
Miu_PC4.HEIC,89fd8344b7c0afec976add995e9a2e24,2025-06-08 17:07:57,2025-03-23 12:13:50,03_2025AprMay坪洲
Miu_PC5.HEIC,9fa3fb8b25fc1117d86cc0a0b000df58,2025-06-08 17:07:57,2025-03-23 12:13:40,03_2025AprMay坪洲
Miu_PC6.HEIC,bac15f0be0719d6e587d507479f49538,2025-06-08 17:07:56,2025-03-23 12:13:36,03_2025AprMay坪洲
Miu_PC7.HEIC,0dd42e682baff0b149458eb4db1b3f37,2025-06-08 17:07:56,2025-03-23 12:13:28,03_2025AprMay坪洲
Miu_PC8.HEIC,23e6c275976ebb4b638b7874157e71bc,2025-06-08 17:07:56,2025-03-23 12:13:22,03_2025AprMay坪洲
Miu_PC9.HEIC,8599ff7b610c90c8381120f42ec42499,2025-06-08 17:07:55,2025-03-23 12:12:56,03_2025AprMay坪洲
Miu_PC_Shrimp.HEIC,07a071bc21fe7a5374b7bea0648105e5,2025-06-08 17:08:09,2025-03-30 12:39:46,01_2025MarApr香港
MIu_selfie.HEIC,83f91134ac3408e3dc688712f8a75866,2025-06-08 17:08:27,2025-04-11 10:59:14,10_2025Apr東莞
Miu_海濱長廊1.HEIC,287b9b32c533a9ab13dbc6d9401364c1,2025-06-08 17:08:13,2025-04-04 13:59:20,01_2025MarApr香港
Miu_海濱長廊2.HEIC,c4c3ff0e8500addf85734530f8266d17,2025-06-08 17:08:13,2025-04-04 14:11:54,01_2025MarApr香港
Miu_海濱長廊3.HEIC,0b01d23e6cbb4df59932537ea8db8275,2025-06-08 17:08:14,2025-04-04 14:32:20,01_2025MarApr香港
Miu_海濱長廊5.HEIC,f50a9f7b6b19cd39845f13ebbedffa18,2025-06-08 17:08:15,2025-04-04 14:32:30,01_2025MarApr香港
MiuSimon1.HEIC,6f91e803f47350fbe3b91c0dd35178ae,2025-06-08 17:08:32,2025-04-11 20:03:46,10_2025Apr東莞
MiuSimon2.HEIC,9032f9223ebbd68a1add85000bddd523,2025-06-08 17:08:32,2025-04-11 20:03:48,10_2025Apr東莞
Miu牛首山1.HEIC,e4072769ab60461e947c93269ad5979f,2025-06-08 17:08:56,2025-04-19 16:48:48,50_2025Apr牛首山
Miu牛首山2.HEIC,d23b9a8b28a0f9d2036036840356722e,2025-06-08 17:08:56,2025-04-19 16:49:48,50_2025Apr牛首山
Miu牛首山3.HEIC,86c5a76e93f065e706bc5788f9c1df49,2025-06-08 17:08:56,2025-04-19 16:49:50,50_2025Apr牛首山
Miu牛首山4.HEIC,568c4d6b8cb1ca9adbd98349155b6a80,2025-06-08 17:08:56,2025-04-19 16:49:52,50_2025Apr牛首山
Miu牛首山5.HEIC,33c0a30c10a17855889fd46666fd328f,2025-06-08 17:08:58,2025-04-19 17:27:14,50_2025Apr牛首山
Miu牛首山6.HEIC,5c452cf140472e5cb989b3a8f96c6616,2025-06-08 17:08:58,2025-04-19 17:27:32,50_2025Apr牛首山
Mkiu_海濱長廊4.HEIC,1c0b49c9f59af429157c28c387e77730,2025-06-08 17:08:14,2025-04-04 14:32:22,01_2025MarApr香港
Mkiu牛首山7.HEIC,8c3824e4b03fc6775d0934e341733890,2025-06-08 17:08:58,2025-04-19 17:27:34,50_2025Apr牛首山
Mku_104.HEIC,406b83f2d9bba9861c97439d155da4e0,2025-06-08 17:08:03,2025-03-26 18:48:48,01_2025MarApr香港
NearHotel.MP4,d366c49c56eeb7f11602ca3caa0b5afa,2025-06-08 19:00:24,2025-04-07 09:24:12,05_2025Apr深圳
NearPark.PNG,cb51b09c44706420a4a7f49e6a37af0c,2025-06-08 19:10:24,2025-04-09 00:02:14,05_2025Apr深圳
NewBridgePark1.JPG,ed26593478d8832d314c161533d1fe4f,2025-06-08 19:10:20,2025-03-23 06:47:44,05_2025Apr深圳
NewBridgePark2.JPG,3726bb85454d365bcbd35c8513d7bcef,2025-06-08 19:10:20,2025-03-22 21:22:56,05_2025Apr深圳
OldCameraStore.HEIC,bd959a3df90d84dbfccd67aac42705f4,2025-06-08 17:23:44,2025-03-19 03:58:20,01_2025MarApr香港
OldClassmate.JPG,c4cef836cc990a6a8f3b52f63506060b,2025-06-08 18:53:27,2025-05-02 02:16:20,2025_HK_Friends
Park1.HEIC,d811bd97161b7a43073abf0ee835542f,2025-06-08 17:08:20,2025-04-08 15:02:24,05_2025Apr深圳
Park1.MP4,5b836fafd6e51ab2c3fc936a77454c21,2025-06-08 19:02:44,2025-04-08 04:06:50,05_2025Apr深圳
Park2.HEIC,33689296ec714be21b9fbec1e8c77e86,2025-06-08 17:08:21,2025-04-08 15:18:10,05_2025Apr深圳
Park2.MP4,caf1bcba650e43334d3308edf4ff4da3,2025-06-08 19:02:41,2025-04-08 04:06:28,05_2025Apr深圳
Park3.HEIC,7336f392836d9dadcc1f3a96aef8ab60,2025-06-08 17:08:21,2025-04-08 15:20:10,05_2025Apr深圳
Park3.MP4,f157768335365fcef6a1afbd0d8a7773,2025-06-08 19:00:56,2025-04-08 02:15:46,05_2025Apr深圳
Park4.HEIC,2c65ee286f01e1698139fbaf29ab0502,2025-06-08 17:08:21,2025-04-08 15:25:40,05_2025Apr深圳
Park5.HEIC,08b5ec774356296be8aa1d95ca1acbf3,2025-06-08 19:10:22,2025-04-08 03:02:48,05_2025Apr深圳
Park6.HEIC,9ecf9d806ea0e7e092de7d1744a02218,2025-06-08 19:10:22,2025-04-08 03:04:20,05_2025Apr深圳
ParkMap.HEIC,35dc615c803874d3313e25716c80288a,2025-06-08 19:10:22,2025-04-08 02:35:18,05_2025Apr深圳
ParkMap2.HEIC,86e01990e462a8c105649d8e9ba58e64,2025-06-08 19:10:22,2025-04-08 02:44:52,05_2025Apr深圳
ParkMap3.HEIC,21b00b6a06244432dab9e624f53083cb,2025-06-08 19:10:22,2025-04-08 02:44:48,05_2025Apr深圳
ParkSubWayMap.HEIC,70bd628772c71774f276ded6b5cdcc89,2025-06-08 19:10:23,2025-04-08 04:00:50,05_2025Apr深圳
Park無人機1.MP4,82d41ceb9d3c274d0afd052f9ba59ee4,2025-06-08 19:02:39,2025-04-08 03:38:02,05_2025Apr深圳
Park無人機2.MP4,a3bde03f7d1e67dd2da2a79ef344ca64,2025-06-08 19:02:35,2025-04-08 03:34:42,05_2025Apr深圳
Park無人機3.MP4,b3f66fddf5c0f997746d2adf1710bb8d,2025-06-08 19:02:25,2025-04-08 03:31:44,05_2025Apr深圳
Park無人機4.MP4,bcdcaefac0ef321d8956beab7008b429,2025-06-08 19:02:10,2025-04-08 03:28:02,05_2025Apr深圳
Park無人機5.MP4,909a0411e1d9a70cab655c01ef5ccb11,2025-06-08 19:01:50,2025-04-08 03:22:26,05_2025Apr深圳
Park無人機6.MP4,e891ed06dc95e6c6b95c89a726d36ca3,2025-06-08 19:01:43,2025-04-08 03:02:00,05_2025Apr深圳
Park無人機7.MP4,4361a9fc0fb27a5645d184082099942d,2025-06-08 19:01:14,2025-04-08 03:01:34,05_2025Apr深圳
PengChan_lunch3.HEIC,39a4db792429d0eeea4ffcf2e32ab387,2025-06-08 17:07:51,2025-03-21 12:29:36,03_2025AprMay坪洲
PengChau1.HEIC,63cf4978935fc1013ad16826546fd384,2025-06-08 17:09:14,2025-04-30 18:24:18,03_2025AprMay坪洲
PengChau2.HEIC,b3c81b239aeabf908c66166b883a3a5b,2025-06-08 17:09:13,2025-04-30 17:43:44,03_2025AprMay坪洲
PengChau3.HEIC,d170aa18fc7167d83231ce8b34181a7b,2025-06-08 17:09:13,2025-04-30 17:42:34,03_2025AprMay坪洲
PengChau5.HEIC,068f31c010aa4306493499e156178687,2025-06-08 17:08:11,2025-04-02 17:28:44,01_2025MarApr香港
PengChau6.HEIC,ccb252100786bbd1836fcfb78ac65dc6,2025-06-08 17:08:11,2025-04-02 18:06:12,01_2025MarApr香港
PengChau7.HEIC,b4e148eff0636c2a669838ba32a07dbb,2025-06-08 17:08:12,2025-04-02 18:14:56,01_2025MarApr香港
PengChau8.HEIC,9c1f5869d827d4943426362b22a69fdd,2025-06-08 17:08:12,2025-04-02 18:15:06,01_2025MarApr香港
PengChau9.HEIC,f3c3656e4fea42fca7673b3d770c0b02,2025-06-08 17:08:12,2025-04-02 18:15:16,01_2025MarApr香港
PengChau_Lunch1.HEIC,11e5f6a9294be42b63254d11c916674f,2025-06-08 17:07:52,2025-03-21 12:47:50,03_2025AprMay坪洲
PengChau_lunch2.HEIC,28bc069dc3866b8b142dd22ab6ed3f6a,2025-06-08 17:07:52,2025-03-21 12:30:48,03_2025AprMay坪洲
PengChau_Shrimp.MP4,012b30fc5dd09599033ad947ffd64e5f,2025-06-08 17:19:19,2025-03-30 00:41:06,01_2025MarApr香港
PengChauMap.HEIC,941e4909b4b5196298c952cc37e73a25,2025-06-08 17:07:53,2025-03-22 10:28:00,03_2025AprMay坪洲
PengChauPort1.MP4,56f9a38fa72f3c0b389a1a7e8b16158a,2025-06-08 17:19:23,2025-03-30 03:15:18,01_2025MarApr香港
PengChauPort2.MP4,e84fe72c4a7690f879e99524789ae92e,2025-06-08 17:19:32,2025-03-30 03:17:54,01_2025MarApr香港
PenghChau4.HEIC,9de2d89665a7ba3d8745a57414c876d2,2025-06-08 17:09:13,2025-04-30 17:19:20,03_2025AprMay坪洲
SelfDriveBus.HEIC,ae7a3373371fb813a096d12610fce351,2025-06-08 19:10:24,2025-04-09 02:09:50,05_2025Apr深圳
Selfie2.HEIC,bd6ff55c440dbf577cd2c05fabbb0c2e,2025-06-08 17:08:31,2025-04-11 20:03:32,10_2025Apr東莞
SelfSDrive2.MP4,1344c5b64dcc5cad6d6dc0517a6d8f52,2025-06-08 19:06:08,2025-04-09 02:10:08,05_2025Apr深圳
SelfSDrive3.MP4,42b30d938b81ce035f573b7c53878ce6,2025-06-08 19:06:56,2025-04-09 02:17:18,05_2025Apr深圳
SelfSDrive4.MP4,ba0e3a34f1c14936064650afdf78d03b,2025-06-08 19:07:25,2025-04-09 02:27:30,05_2025Apr深圳
ServiceCentre.HEIC,d8e5e0bf747f7b7834b038ee9b3c42ca,2025-06-08 17:38:33,2025-04-18 23:59:16,40_2025AprChina
ServiceCentre2.HEIC,be152d03c52dcf87ac0ad6e50353eb00,2025-06-08 17:38:41,2025-04-20 04:09:42,40_2025AprChina
SinkStore1.HEIC,af210810a0c60bbd0649c434e0b0464d,2025-06-08 17:38:51,2025-04-21 22:13:04,40_2025AprChina
SinkStore2.HEIC,8cede3687a1ffd8891b0fd4285db093f,2025-06-08 17:38:51,2025-04-21 22:14:34,40_2025AprChina
SinkStore3.HEIC,a78240f1c73273b41dc658e696f9c787,2025-06-08 17:38:51,2025-04-21 22:15:02,40_2025AprChina
SinkStore4.HEIC,ad6bcde270b9b32c05b29daddae2aae6,2025-06-08 17:38:51,2025-04-21 22:18:24,40_2025AprChina
SinkStore5.HEIC,ae2906adffa6d1b131e7cf9a3e2f1d3a,2025-06-08 17:38:52,2025-04-21 22:18:32,40_2025AprChina
SinkStore6.HEIC,f19bded5565178a3f1b8b44f6c9f098a,2025-06-08 17:38:52,2025-04-21 22:18:52,40_2025AprChina
SubwayRobot.HEIC,3d8d10919350a9b96656ae2728aeaecf,2025-06-08 19:10:22,2025-04-08 02:29:50,05_2025Apr深圳
TorAirPortDepart.MP4,2569e5a5fa0528d0b7ce4c1918f45146,2025-06-08 17:05:33,2025-03-16 22:26:54,01_2025MarApr香港
WaitPengChauFerry.HEIC,7d827e9785f59fc1d65072774d746636,2025-06-08 17:23:44,2025-03-17 18:22:26,01_2025MarApr香港
WaitPengChauFerry2.HEIC,42454e33381fd9e802b5540f1b1f169b,2025-06-08 17:23:44,2025-03-17 18:22:34,01_2025MarApr香港
WilliamSimon.JPG,80fb76abe3f0d0d099c7ac41ca99c337,2025-06-08 18:53:27,2025-04-07 21:02:08,00_2025_iPhone
XiaomiWatch.PNG,9217e9c4e72137eefbbaf20f81b71692,2025-06-08 17:05:22,2025-05-16 04:57:36,00_2025_iPhone
上海2ndVisit_1.MP4,6dc41c1349b9fddd1f9552e50b00815f,2025-06-08 17:57:37,2025-04-24 01:54:50,80_2025Apr上海2ndVisit
上海2ndVisit_10.HEIC,15e4073c3d53a1a29af501a9d5c3c9f3,2025-06-08 18:03:25,2025-04-24 02:04:56,80_2025Apr上海2ndVisit
上海2ndVisit_11.HEIC,784df38b88b6c3f1f85abf1a3fa80b5d,2025-06-08 18:03:25,2025-04-24 02:05:44,80_2025Apr上海2ndVisit
上海2ndVisit_12.MP4,3571eaea4b6b83b6ba02afb29ed25d83,2025-06-08 17:58:02,2025-04-24 02:28:56,80_2025Apr上海2ndVisit
上海2ndVisit_13.MP4,84086ba04628c1803846a98f3de51532,2025-06-08 17:58:08,2025-04-24 02:58:34,80_2025Apr上海2ndVisit
上海2ndVisit_14.MP4,0c706964ff6e174cd55c70b5efdd2f43,2025-06-08 17:58:21,2025-04-24 02:58:46,80_2025Apr上海2ndVisit
上海2ndVisit_15.MP4,c5e0b689a1a87529b9c75881cb7057a5,2025-06-08 17:58:24,2025-04-24 03:00:56,80_2025Apr上海2ndVisit
上海2ndVisit_16.MP4,18f25e936711b2987526c11a324efcbf,2025-06-08 17:58:53,2025-04-24 03:15:44,80_2025Apr上海2ndVisit
上海2ndVisit_17.MP4,d03810640119d39f40a3ffc6dd2ed26f,2025-06-08 18:00:30,2025-04-24 03:27:54,80_2025Apr上海2ndVisit
上海2ndVisit_18.MP4,969473dd556c713a06c1f730ddec7f4d,2025-06-08 18:01:20,2025-04-24 03:35:18,80_2025Apr上海2ndVisit
上海2ndVisit_19.MP4,759085eb0643f066af36f41d2bc56a16,2025-06-08 18:01:24,2025-04-24 03:37:26,80_2025Apr上海2ndVisit
上海2ndVisit_2.MP4,7f6a3d1f76606ada84d8acc8615acb56,2025-06-08 17:57:53,2025-04-24 01:56:10,80_2025Apr上海2ndVisit
上海2ndVisit_20.MP4,6aef5d64db8752f31e902700c535b6e7,2025-06-08 18:01:37,2025-04-24 03:42:04,80_2025Apr上海2ndVisit
上海2ndVisit_21.MP4,fd9bb753e2de8829123097e8de475d12,2025-06-08 18:02:09,2025-04-24 03:49:24,80_2025Apr上海2ndVisit
上海2ndVisit_22.MP4,53b625101d5f27da7acf96ac67664fd5,2025-06-08 18:02:37,2025-04-24 03:49:40,80_2025Apr上海2ndVisit
上海2ndVisit_23.MP4,5b5340f5a444621420ca87f94eefbf64,2025-06-08 18:02:38,2025-04-24 03:53:10,80_2025Apr上海2ndVisit
上海2ndVisit_24.MP4,cf15f3b947e257d7d0e53c8bae3c375e,2025-06-08 18:02:40,2025-04-24 03:54:42,80_2025Apr上海2ndVisit
上海2ndVisit_25.MP4,328810e5308e3f29e64f5782188fc301,2025-06-08 18:02:43,2025-04-24 03:57:28,80_2025Apr上海2ndVisit
上海2ndVisit_26.MP4,dcf7f042809fa30bce4b0e200ce783cb,2025-06-08 18:02:45,2025-04-24 04:19:32,80_2025Apr上海2ndVisit
上海2ndVisit_27.HEIC,e214f8b1a2f7d9a09ab1ab4e0e7c45ce,2025-06-08 18:03:26,2025-04-24 04:24:38,80_2025Apr上海2ndVisit
上海2ndVisit_28.HEIC,d693964d5773113449031adc79f02417,2025-06-08 18:03:26,2025-04-24 04:24:46,80_2025Apr上海2ndVisit
上海2ndVisit_29.MP4,8dceb40e21b69b041b58379ff1e0529b,2025-06-08 18:02:47,2025-04-24 04:49:30,80_2025Apr上海2ndVisit
上海2ndVisit_3.HEIC,a32218d786f84c210ac2f75c5aa175a9,2025-06-08 18:03:25,2025-04-24 01:57:44,80_2025Apr上海2ndVisit
上海2ndVisit_30.HEIC,d3f24c48a18385041e6d304d120b5e1f,2025-06-08 18:03:26,2025-04-24 06:25:52,80_2025Apr上海2ndVisit
上海2ndVisit_31.HEIC,8f9ece2613ca7950a8f616447ed4b6cc,2025-06-08 18:03:26,2025-04-24 06:26:06,80_2025Apr上海2ndVisit
上海2ndVisit_32.jpg,e9a1886c9bd5bd9021d77b22c850c17a,2025-06-08 18:03:26,2025-04-24 06:43:52,80_2025Apr上海2ndVisit
上海2ndVisit_33.MOV,5a94206dc7082b2e92119ac77bc46c23,2025-06-08 18:03:26,2025-04-24 20:39:02,80_2025Apr上海2ndVisit
上海2ndVisit_34.MOV,5e95991adebbe07226b0ca93e820a111,2025-06-08 18:03:27,2025-04-24 20:39:36,80_2025Apr上海2ndVisit
上海2ndVisit_35.MOV,630f05245cef815be80eb69cfe9ae98a,2025-06-08 18:03:27,2025-04-24 20:42:04,80_2025Apr上海2ndVisit
上海2ndVisit_36.HEIC,f45f0df859c58014006dd50bdf49926e,2025-06-08 18:03:29,2025-04-24 21:37:06,80_2025Apr上海2ndVisit
上海2ndVisit_37.HEIC,466716d22239c2fb297597455a293309,2025-06-08 18:03:29,2025-04-24 21:37:24,80_2025Apr上海2ndVisit
上海2ndVisit_38.HEIC,3d4f38d653c6233422c15635df6716b0,2025-06-08 18:03:29,2025-04-24 21:37:30,80_2025Apr上海2ndVisit
上海2ndVisit_39.HEIC,994345803dc452540bc0a1d3477bdbe9,2025-06-08 18:03:30,2025-04-24 21:37:36,80_2025Apr上海2ndVisit
上海2ndVisit_4.HEIC,2bf2f5dc87728b07aa4b26209046b33a,2025-06-08 18:03:25,2025-04-24 01:58:08,80_2025Apr上海2ndVisit
上海2ndVisit_40.HEIC,26ca5805c884ae9da1a801afa5e67de7,2025-06-08 18:03:30,2025-04-24 23:50:00,80_2025Apr上海2ndVisit
上海2ndVisit_41.MOV,e76c54f9dbacfaca5ef3c3eb6fc8fa71,2025-06-08 18:03:30,2025-04-24 23:56:04,80_2025Apr上海2ndVisit
上海2ndVisit_5.HEIC,bd2cc6880c8a4ae41e1f9acb0f530e94,2025-06-08 18:03:25,2025-04-24 01:59:12,80_2025Apr上海2ndVisit
上海2ndVisit_58.MOV,420d239d9d6624031e5de92591b21b65,2025-06-08 18:03:40,2025-04-25 01:05:32,80_2025Apr上海2ndVisit
上海2ndVisit_59.MOV,03b13aec662f666bbbce02401ceac5be,2025-06-08 18:03:40,2025-04-25 02:59:26,80_2025Apr上海2ndVisit
上海2ndVisit_6.HEIC,22f0575b5d0eed175423f04fcc2126e0,2025-06-08 18:03:25,2025-04-24 01:59:20,80_2025Apr上海2ndVisit
上海2ndVisit_68.HEIC,7615304a16edd5048ae0e88e534334fe,2025-06-08 17:09:11,2025-04-25 13:06:00,80_2025Apr上海2ndVisit
上海2ndVisit_7.MP4,d10fce42cb44de9c02a5cf0fd381b1b0,2025-06-08 17:57:57,2025-04-24 01:59:32,80_2025Apr上海2ndVisit
上海2ndVisit_8.HEIC,90d7870d4455e76f43ae90ae10797c8a,2025-06-08 18:03:25,2025-04-24 02:02:02,80_2025Apr上海2ndVisit
上海2ndVisit_9.HEIC,c80e6499aca0740a3a1caa96e06d007e,2025-06-08 18:03:25,2025-04-24 02:04:44,80_2025Apr上海2ndVisit
上海_SmokeControl.heic,c2b49ab58133031b66d469b761e8200e,2025-06-08 19:51:10,2025-04-16 21:37:20,25_2025Apr上海1stViisit
上海_人民廣場.HEIC,055fb4795e249490cb079f27521df722,2025-06-08 19:51:07,2025-04-16 01:14:22,25_2025Apr上海1stViisit
上海_城隍廟_20.HEIC,348d836da3a22381158058cac1364b71,2025-06-08 19:51:06,2025-04-15 23:35:12,25_2025Apr上海1stViisit
上海_城隍廟_21.HEIC,d3df69d8fe3d3a815e60f178638a356c,2025-06-08 19:51:06,2025-04-15 23:35:28,25_2025Apr上海1stViisit
上海_城隍廟_22.HEIC,355ad9f7e44d4d43a9d278ac57cf0baf,2025-06-08 19:51:06,2025-04-16 00:02:16,25_2025Apr上海1stViisit
上海_城隍廟_23.HEIC,a4d93f0e23351ec13107f0ec2edf75fa,2025-06-08 19:51:06,2025-04-16 00:04:14,25_2025Apr上海1stViisit
上海_城隍廟_24.HEIC,7faba3c1257967d61469c84ce2022a74,2025-06-08 19:51:06,2025-04-16 00:04:28,25_2025Apr上海1stViisit
上海_城隍廟_25.HEIC,786c4cc524ac6ad3dcc1d37e5d0761eb,2025-06-08 19:51:06,2025-04-16 00:09:12,25_2025Apr上海1stViisit
上海_城隍廟_26.HEIC,c11ea2d0426e5134a0092ccc50803181,2025-06-08 19:51:06,2025-04-16 00:09:18,25_2025Apr上海1stViisit
上海_城隍廟_27.HEIC,1e219e1b3678494a628b4fada37fbca4,2025-06-08 17:08:46,2025-04-16 12:09:46,25_2025Apr上海1stViisit
上海_城隍廟_28.HEIC,cafd29fbe3eeeb1644e85e4526378054,2025-06-08 19:51:06,2025-04-16 00:10:24,25_2025Apr上海1stViisit
上海_城隍廟_29.HEIC,272e5408ffa9d1e0b766c4cb53490c45,2025-06-08 19:51:07,2025-04-16 00:10:30,25_2025Apr上海1stViisit
上海_城隍廟_30.HEIC,e8dd71af00778d4aad18010b9b7c1b8e,2025-06-08 19:51:07,2025-04-16 00:14:34,25_2025Apr上海1stViisit
上海_城隍廟_31.HEIC,fae8c3dbe1ff50cd3f8935acdc5a816d,2025-06-08 19:51:07,2025-04-16 00:14:40,25_2025Apr上海1stViisit
上海_城隍廟_32.HEIC,46c6295219c74c45a96ae23d02595497,2025-06-08 17:08:47,2025-04-16 12:18:54,25_2025Apr上海1stViisit
上海_城隍廟_33.HEIC,72695d2f07fb0358ddf52bf0357d5627,2025-06-08 19:51:07,2025-04-16 00:21:42,25_2025Apr上海1stViisit
上海_城隍廟_34.HEIC,2cbe1587f7630514b42d3ca87d3edbc0,2025-06-08 17:08:47,2025-04-16 12:21:56,25_2025Apr上海1stViisit
上海_城隍廟_35.HEIC,6b94b93766631a1cf2a4c02069ffcb8a,2025-06-08 19:51:07,2025-04-16 00:23:52,25_2025Apr上海1stViisit
上海_城隍廟_Miu1.HEIC,c0d10a248c59f703b59c49a247e8a8db,2025-06-08 17:08:46,2025-04-16 11:48:04,25_2025Apr上海1stViisit
上海_城隍廟_Miu21.HEIC,e3f9c21f1432fd563ba11e0ee7020c9e,2025-06-08 17:08:46,2025-04-16 11:48:10,25_2025Apr上海1stViisit
上海_城隍廟_Miu22.HEIC,a46d52e6d8cc83ebe79e8689be8d2924,2025-06-08 17:08:46,2025-04-16 11:53:16,25_2025Apr上海1stViisit
上海_城隍廟_Simon1.HEIC,19cabc74d08911949af10cbfff2f028e,2025-06-08 19:51:06,2025-04-15 23:53:34,25_2025Apr上海1stViisit
上海_城隍廟_Simon2.HEIC,f65811201c3a426c1646228157217563,2025-06-08 19:51:06,2025-04-15 23:53:36,25_2025Apr上海1stViisit
上海StreetFood1.HEIC,cb1878b7d43d5b3154601a6469ac299d,2025-06-08 17:09:10,2025-04-24 16:14:56,25_2025Apr上海1stViisit
上海StreetFood2.HEIC,a8c733ce92fa3a0d0a5038bf624ef2b0,2025-06-08 17:09:10,2025-04-24 16:15:18,25_2025Apr上海1stViisit
上海Subway.MP4,c68e0297cc186cef1eef418b16487f54,2025-06-08 19:41:43,2025-04-15 22:12:16,25_2025Apr上海1stViisit
上海Subway_QACode.MP4,84ac861c2cb0b14f35bb1236d5fa7152,2025-06-08 19:41:44,2025-04-15 22:24:44,25_2025Apr上海1stViisit
上海Tempo.HEIC,7542f8435ad407c935d557d766888015,2025-06-08 17:09:10,2025-04-24 13:50:04,25_2025Apr上海1stViisit
上海南京步行街1.MP4,cd625f888b994c4cc6425ef86220c085,2025-06-08 19:38:26,2025-04-15 02:46:04,25_2025Apr上海1stViisit
上海南京步行街10.MP4,f7d4247844f746413a493ac263e4326f,2025-06-08 19:41:21,2025-04-15 04:01:58,25_2025Apr上海1stViisit
上海南京步行街2.MP4,fc4dfe6398dbaeaad2b78661cd991085,2025-06-08 19:38:28,2025-04-15 02:47:42,25_2025Apr上海1stViisit
上海南京步行街3.MP4,a2111c08a4b48df38f9325ed9b871d00,2025-06-08 19:38:33,2025-04-15 02:54:26,25_2025Apr上海1stViisit
上海南京步行街4.MP4,843b012f4a29a2a719f6c203e64b7ff9,2025-06-08 19:38:44,2025-04-15 03:15:04,25_2025Apr上海1stViisit
上海南京步行街5.MP4,36fae357b541f1ea69fefc38721ca3df,2025-06-08 19:39:01,2025-04-15 03:20:52,25_2025Apr上海1stViisit
上海南京步行街6.MP4,bdba16cd6c4dc154905f9f6972a8b30f,2025-06-08 19:39:03,2025-04-15 03:33:34,25_2025Apr上海1stViisit
上海南京步行街7.MP4,b9cd200e4533a951d82663e4c7d94c01,2025-06-08 19:39:05,2025-04-15 03:36:24,25_2025Apr上海1stViisit
上海南京步行街8.MP4,c45cc4898e0cac5f873499f6e7254d3f,2025-06-08 19:39:18,2025-04-15 03:45:50,25_2025Apr上海1stViisit
上海南京步行街9.MP4,23549944853987e3b01d27bf85721747,2025-06-08 19:40:20,2025-04-15 03:58:08,25_2025Apr上海1stViisit
上海南京步行街_100.HEIC,c7ac3e5df42eb3be35ca931378a17eb9,2025-06-08 19:51:05,2025-04-15 20:18:28,25_2025Apr上海1stViisit
上海南京步行街_40.HEIC,6a5d1efa99660939b5019f6d3da70ec2,2025-06-08 19:51:09,2025-04-16 09:01:10,25_2025Apr上海1stViisit
上海南京步行街_41.HEIC,f80af3065626dff4a9eade879618a597,2025-06-08 19:51:10,2025-04-16 09:22:40,25_2025Apr上海1stViisit
上海南京步行街_Dinner0.HEIC,33147d9d1f00daf72b0ccc4d77f7cabf,2025-06-08 19:51:05,2025-04-15 06:42:00,25_2025Apr上海1stViisit
上海南京步行街_Dinner1.MP4,e13266bcd36a77f07287494f075157c4,2025-06-08 19:41:23,2025-04-15 07:15:38,25_2025Apr上海1stViisit
上海南京步行街_Dinner2.MP4,0894c2e174b77a2f4384186c9eee665c,2025-06-08 19:41:26,2025-04-15 07:15:54,25_2025Apr上海1stViisit
上海南京步行街_Dinner3.MP4,ccf147f97393ed9cd02531eb693b9343,2025-06-08 19:41:27,2025-04-15 07:18:50,25_2025Apr上海1stViisit
上海南京步行街_Food1.HEIC,ca67f2be96618726e7d7d8a9a40e491e,2025-06-08 19:51:04,2025-04-15 03:24:22,25_2025Apr上海1stViisit
上海南京步行街_Food2.HEIC,d99eb4120f206b366a6d3bfbd1d448b4,2025-06-08 17:08:45,2025-04-15 15:50:18,25_2025Apr上海1stViisit
上海南京步行街_Food3.HEIC,d93a2d106edf932fb2cf380b7c95282d,2025-06-08 19:51:05,2025-04-15 07:55:28,25_2025Apr上海1stViisit
上海南京步行街_Food4.HEIC,03d140aebb9da0b84facb0d0b0dca331,2025-06-08 19:51:05,2025-06-19 11:24:30,25_2025Apr上海1stViisit
上海南京步行街_Food5.HEIC,f44e64f90a9fec5ac795c6e9e6526ee5,2025-06-08 19:51:05,2025-04-15 08:14:04,25_2025Apr上海1stViisit
上海南京步行街_Food6.HEIC,7e11e4cb17c47caca59132734491c139,2025-06-08 17:08:47,2025-04-17 14:32:48,25_2025Apr上海1stViisit
上海南京步行街_Food7.HEIC,625e56e3cb749959519e71fe79825fec,2025-06-08 19:51:10,2025-04-17 07:11:52,25_2025Apr上海1stViisit
上海南京步行街_Food8.HEIC,6f37d1b42bfc040394206e39cd5c0d59,2025-06-08 19:51:10,2025-04-17 07:13:36,25_2025Apr上海1stViisit
上海南京步行街_Miu1.HEIC,4a8ed6561929d28214647101a82b59f4,2025-06-08 17:08:47,2025-04-17 19:40:22,25_2025Apr上海1stViisit
上海南京步行街_Miu2.HEIC,d84ddc641e5baabf3de168b62f84287e,2025-06-08 17:08:48,2025-04-17 19:40:28,25_2025Apr上海1stViisit
上海南京步行街_Miu3.HEIC,059de7ea48c63ef680debc095e9d813b,2025-06-08 17:08:48,2025-04-17 19:40:30,25_2025Apr上海1stViisit
上海南京步行街_Night1.MP4,eff201073f82b42e3ab65143414b809a,2025-06-08 19:41:31,2025-04-15 08:21:42,25_2025Apr上海1stViisit
上海南京步行街_Night12.MP4,7868ed7bf2b40fa772345ebeb81f4c95,2025-06-08 19:41:36,2025-04-15 08:22:34,25_2025Apr上海1stViisit
上海南京步行街_Night13.MP4,61c99e52c26f5b68d17ef1c6966d205c,2025-06-08 19:41:39,2025-04-15 08:24:48,25_2025Apr上海1stViisit
上海南京步行街_Night4.HEIC,33c1bf7658ec84c3dfe86fbfdb4ab4c7,2025-06-08 17:08:45,2025-04-15 20:23:12,25_2025Apr上海1stViisit
上海南京步行街_record1.jpg,368908d5d4983be274bd07b7f4e840d7,2025-06-08 19:51:10,2025-04-17 02:31:40,25_2025Apr上海1stViisit
上海南京步行街_record2.PNG,b66016fc902f4b953e3add0ff4928b2f,2025-06-08 19:51:10,2025-04-17 02:33:02,25_2025Apr上海1stViisit
上海南京步行街_SideStreet1.MP4,7e1983f059724c1d8e4519f82805f70c,2025-06-08 19:49:35,2025-04-17 06:42:14,25_2025Apr上海1stViisit
上海南京步行街_SideStreet2.MP4,d2926204e924d4386550ce681ad9642c,2025-06-08 19:49:37,2025-04-17 06:48:40,25_2025Apr上海1stViisit
上海南京步行街_Street1.MP4,f354679e4d8dda29b7020a753678f2cf,2025-06-08 19:49:40,2025-04-17 07:33:24,25_2025Apr上海1stViisit
上海南京步行街_Street2.MP4,a2ced229ff4fc399d8e464717b82e9dd,2025-06-08 19:49:46,2025-04-17 07:35:34,25_2025Apr上海1stViisit
上海南京步行街_Street3.MP4,27e5d399fd4977529d0444a85bb7c7ce,2025-06-08 19:49:56,2025-04-17 07:38:46,25_2025Apr上海1stViisit
上海南京步行街_Street4.MP4,c44bf84f78b69c219ae62315f553a4f5,2025-06-08 19:50:02,2025-04-17 07:48:52,25_2025Apr上海1stViisit
上海南京步行街_Street5.MP4,5b1d2167d5b52135cb19a44c30986b58,2025-06-08 19:50:13,2025-04-17 07:52:18,25_2025Apr上海1stViisit
上海南京步行街_StreetFood1.HEIC,7998f1d6997191ea7c48b3ee8d0822c7,2025-06-08 19:51:09,2025-04-16 08:44:04,25_2025Apr上海1stViisit
上海南京步行街_StreetFood2.HEIC,8a4d3459fef89027691023cc47bd5c02,2025-06-08 19:51:09,2025-04-16 08:44:18,25_2025Apr上海1stViisit
上海南京步行街_StreetFood3.HEIC,9c76687ea339bcf797e0033724ca40fd,2025-06-08 19:51:09,2025-04-16 08:50:02,25_2025Apr上海1stViisit
上海南京步行街_StreetFood4.MP4,c023f098fc5349393784b9c75b626774,2025-06-08 19:48:42,2025-04-17 00:43:32,25_2025Apr上海1stViisit
上海南京步行街_StreetFood5.MP4,de12bf0ed567eadbd4ccc4d1e0d3f7cb,2025-06-08 19:48:46,2025-04-17 00:45:04,25_2025Apr上海1stViisit
上海南京步行街_StreetFood6.MP4,c1a54cdcf781bb63fefa150cf8d9a7b2,2025-06-08 19:48:56,2025-04-17 01:18:40,25_2025Apr上海1stViisit
上海南京步行街_StreetFood7.heic,bb82ed2191f5f5f4dc06906690ffa975,2025-06-08 19:51:10,2025-04-16 20:31:38,25_2025Apr上海1stViisit
上海南京步行街_StreetFood8.HEIC,ac004caca99bf6b088c192726a482fef,2025-06-08 19:51:10,2025-04-16 20:56:54,25_2025Apr上海1stViisit
上海南京步行街_Tim.HEIC,3b03895fc3a75721302fb237568e7b29,2025-06-08 19:51:04,2025-06-19 11:23:25,25_2025Apr上海1stViisit
上海南京步行街_View1.HEIC,6b0ea72124018fecbe2048e66daecbbc,2025-06-08 19:51:10,2025-04-17 07:40:50,25_2025Apr上海1stViisit
上海南京步行街_View2.HEIC,ca3071394e44b0bd369110beb624855c,2025-06-08 17:08:48,2025-04-17 19:40:58,25_2025Apr上海1stViisit
上海南京步行街_View3.HEIC,7e8ab02483fedb08f5304cd0cc494218,2025-06-08 19:51:11,2025-04-17 07:41:16,25_2025Apr上海1stViisit
上海南京步行街_View4.HEIC,2c4e3d2a4a51cb2a64916bfb96e825b6,2025-06-08 19:51:11,2025-04-17 07:41:30,25_2025Apr上海1stViisit
上海和平飯店1.heic,734a6eb9bfcc8a1d88c519c3737422cf,2025-06-08 19:51:14,2025-04-17 19:37:32,25_2025Apr上海1stViisit
上海和平飯店1.MP4,39fab6c6088f39c400b7160276487b6c,2025-06-08 19:49:10,2025-04-17 03:35:08,25_2025Apr上海1stViisit
上海和平飯店10.HEIC,c032636c5d2f74c9b9300ebd744ad7bf,2025-06-08 19:51:20,2025-04-17 20:56:34,25_2025Apr上海1stViisit
上海和平飯店11.HEIC,06643e23aca02d848563846f43e95d3f,2025-06-08 19:51:20,2025-04-17 20:56:56,25_2025Apr上海1stViisit
上海和平飯店12.HEIC,bb06a0f000cc3466cc5c63ae1d77f4ab,2025-06-08 19:51:21,2025-04-17 20:57:06,25_2025Apr上海1stViisit
上海和平飯店13.HEIC,b05b6bae181534c42d55d818e48e06f6,2025-06-08 19:51:21,2025-04-17 20:57:14,25_2025Apr上海1stViisit
上海和平飯店14.HEIC,f3d06643e2b1b74198d9c28a3a3d4f15,2025-06-08 19:51:21,2025-04-17 20:57:18,25_2025Apr上海1stViisit
上海和平飯店15.HEIC,62e1d7671a4ba52ba95da3de1767bbb8,2025-06-08 19:51:21,2025-04-17 20:57:26,25_2025Apr上海1stViisit
上海和平飯店16.HEIC,6ebcad8481546a5f8655dc18b0da2553,2025-06-08 19:51:21,2025-04-17 21:18:32,25_2025Apr上海1stViisit
上海和平飯店17.HEIC,4dc658803c443fcbf365163319558220,2025-06-08 19:51:21,2025-04-17 21:18:40,25_2025Apr上海1stViisit
上海和平飯店2.HEIC,7809e2a56153d2f9205131d9e3abe6c0,2025-06-08 19:51:14,2025-04-17 19:37:34,25_2025Apr上海1stViisit
上海和平飯店2.MP4,88c1c8f76e5b396533261c3795f197f4,2025-06-08 19:49:34,2025-04-17 03:38:16,25_2025Apr上海1stViisit
上海和平飯店3.HEIC,7f6926d4eea96021d3a6fe4962dbe799,2025-06-08 19:51:14,2025-04-17 19:39:04,25_2025Apr上海1stViisit
上海和平飯店4.HEIC,bc47ba13f601f5755715750f9b97c90e,2025-06-08 19:51:14,2025-04-17 19:39:22,25_2025Apr上海1stViisit
上海和平飯店5.HEIC,20f10acc61328c8d7977e6f229033842,2025-06-08 19:51:20,2025-04-17 20:41:32,25_2025Apr上海1stViisit
上海和平飯店5.MOV,4948f4d03353477b36c81aef536c3f33,2025-06-08 19:51:19,2025-04-17 20:41:04,25_2025Apr上海1stViisit
上海和平飯店6.HEIC,2bc94f87a74e47d0952ee8938b392a8e,2025-06-08 19:51:20,2025-04-17 20:55:04,25_2025Apr上海1stViisit
上海和平飯店7.HEIC,877dc7062799172ca6348fe0309d2db4,2025-06-08 19:51:20,2025-04-17 20:55:38,25_2025Apr上海1stViisit
上海和平飯店8.HEIC,6355d1229e17ae8e2e9284e9765c149c,2025-06-08 19:51:20,2025-04-17 20:55:50,25_2025Apr上海1stViisit
上海和平飯店9.HEIC,f061e56423ac5172e31af7c7b34afea4,2025-06-08 19:51:20,2025-04-17 20:56:04,25_2025Apr上海1stViisit
上海和平飯店_Bfast.MOV,307071a2c206e560cfad55fe63f3053e,2025-06-08 19:51:14,2025-04-17 19:57:28,25_2025Apr上海1stViisit
上海和平飯店_Food.HEIC,278ca94f0ab8ccfd389494761598ed03,2025-06-08 19:51:19,2025-04-17 20:01:16,25_2025Apr上海1stViisit
上海和平飯店_view.HEIC,1d720cf7604a59e0542c4b9736279095,2025-06-08 17:08:47,2025-04-17 15:37:10,25_2025Apr上海1stViisit
上海和平飯店_waiting.HEIC,1bd788840c592481bafa32ecce1bda1a,2025-06-08 19:51:21,2025-04-17 21:52:08,25_2025Apr上海1stViisit
上海城隍廟1.MP4,0941bff1be08c5c4273375acff6ab5ae,2025-06-08 19:42:35,2025-04-15 23:36:16,25_2025Apr上海1stViisit
上海城隍廟2.MP4,1e3ef72a05dc7170804a16409e106b8e,2025-06-08 19:42:42,2025-04-15 23:49:40,25_2025Apr上海1stViisit
上海城隍廟3_Food.MP4,ee45530191374d885aa87218f42812ce,2025-06-08 19:42:45,2025-04-15 23:50:22,25_2025Apr上海1stViisit
上海城隍廟4_food.MP4,9bb97ad3c887164dd10a4db0e00ba1f3,2025-06-08 19:42:47,2025-04-15 23:52:38,25_2025Apr上海1stViisit
上海城隍廟5.MP4,07f571b88f04ffd5d33adb4dd9d32a74,2025-06-08 19:42:54,2025-04-16 00:16:00,25_2025Apr上海1stViisit
上海城隍廟6.MP4,c86771f6a989da1afaa2e6d7bf387105,2025-06-08 19:43:03,2025-04-16 00:21:18,25_2025Apr上海1stViisit
上海城隍廟7.MP4,50b77306383babb59a7684932455b0c8,2025-06-08 19:43:26,2025-04-16 00:27:42,25_2025Apr上海1stViisit
上海城隍廟8.MOV,e613b8ab2e9dae2e09e23e30ba3cdd45,2025-06-08 19:51:08,2025-04-16 05:05:46,25_2025Apr上海1stViisit
上海外灘_1.HEIC,5d5291d865e8cd8afa065d7e4bfe49b1,2025-06-08 19:51:11,2025-04-17 07:54:26,25_2025Apr上海1stViisit
上海外灘_2.HEIC,4c217b213e4f8aba01bfd2eaab8ea89d,2025-06-08 19:51:11,2025-04-17 07:54:30,25_2025Apr上海1stViisit
上海外灘_3.HEIC,8351d13193a0787ac310b19fb761970c,2025-06-08 19:51:11,2025-04-17 07:54:40,25_2025Apr上海1stViisit
上海外灘_4.HEIC,52119101de822b6c68a9cbed2e66796d,2025-06-08 19:51:11,2025-04-17 07:54:48,25_2025Apr上海1stViisit
上海外灘_5.HEIC,4a97fb46e54709120f285431f05d460b,2025-06-08 17:08:49,2025-04-17 19:54:56,25_2025Apr上海1stViisit
上海外灘_6.HEIC,c8366d01cfa45acab8192ef3905e53e9,2025-06-08 17:08:49,2025-04-17 19:55:02,25_2025Apr上海1stViisit
上海外灘_7.HEIC,9c764883daf9f5c5920d741c22769e7d,2025-06-08 17:08:49,2025-04-17 19:56:40,25_2025Apr上海1stViisit
上海外灘_LaserShow1.MP4,b12a294d0794234d59f5e9ceb6d48c6e,2025-06-08 19:50:53,2025-04-17 08:05:00,25_2025Apr上海1stViisit
上海外灘_LaserShow10.HEIC,6462cd6c20044fbd3f4212bb88a87344,2025-06-08 17:08:50,2025-04-17 20:01:34,25_2025Apr上海1stViisit
上海外灘_LaserShow11.HEIC,5cd5b29a798fe3d948582f0c5e3117da,2025-06-08 17:08:50,2025-04-17 20:01:52,25_2025Apr上海1stViisit
上海外灘_LaserShow12.HEIC,e3ada467caddb5c1872cda4fc421b223,2025-06-08 17:08:50,2025-04-17 20:02:16,25_2025Apr上海1stViisit
上海外灘_LaserShow13.HEIC,a6a129d3aa056550905429608d9e50c4,2025-06-08 17:08:50,2025-04-17 20:03:08,25_2025Apr上海1stViisit
上海外灘_LaserShow2.mov,f42386cb147f0ccf9ebdaa759ea9e353,2025-06-08 19:51:12,2025-04-17 08:03:30,25_2025Apr上海1stViisit
上海外灘_LaserShow3.mov,f9a8a83b990da93408d5c5decf133d23,2025-06-08 19:51:12,2025-04-17 08:03:52,25_2025Apr上海1stViisit
上海外灘_Miu.HEIC,c29c2ca1b9ea3dbf5a42e652dae1643d,2025-06-08 17:08:47,2025-04-17 12:24:12,25_2025Apr上海1stViisit
上海外灘_Miu50.HEIC,90266ebd125111b4f44c275c64e74dfe,2025-06-08 17:08:48,2025-04-17 19:53:06,25_2025Apr上海1stViisit
上海外灘_Miu51.HEIC,33244803a4719dbaecc69a65193e3070,2025-06-08 17:08:48,2025-04-17 19:53:18,25_2025Apr上海1stViisit
上海外灘_Miu52.HEIC,907ed99a22332aafbce12eabcd5964d7,2025-06-08 17:08:49,2025-04-17 19:53:30,25_2025Apr上海1stViisit
上海外灘_Miu53.HEIC,dfb196175ee77535d2b968917bb83e76,2025-06-08 17:08:49,2025-04-17 19:54:02,25_2025Apr上海1stViisit
上海外灘_Miu54.HEIC,7e2691544cc0160342da76d2597cbcca,2025-06-08 17:08:49,2025-04-17 19:54:02,25_2025Apr上海1stViisit
上海外灘_view1.MP4,dc1aa2985b3161fac98c9a5460757a34,2025-06-08 19:50:30,2025-04-17 07:55:30,25_2025Apr上海1stViisit
上海外灘_view2.MOV,7ba1449d6a56bce04394dd52601dd4cb,2025-06-08 19:51:11,2025-04-17 07:56:46,25_2025Apr上海1stViisit
上海外灘_view3.MP4,15c946117b4ddb3d3535bee9684d1fe9,2025-06-08 19:50:32,2025-04-17 07:58:00,25_2025Apr上海1stViisit
上海外灘_view4.HEIC,3481b7d43326fa5a7b09ce4d5aa007e9,2025-06-08 19:51:10,2025-04-17 00:23:20,25_2025Apr上海1stViisit
上海外灘_view4.MP4,4d19217ae5f4727206fcf25d2f8a677d,2025-06-08 19:50:37,2025-04-17 08:02:48,25_2025Apr上海1stViisit
上海外灘_view5.HEIC,796d2f2e863202d4493a4bec56bb9625,2025-06-08 19:51:10,2025-04-17 00:23:26,25_2025Apr上海1stViisit
上海外灘_和平飯店1.HEIC,4d14231829d2a15c912628315032b22d,2025-06-08 19:51:10,2025-04-17 00:31:36,25_2025Apr上海1stViisit
上海外灘_和平飯店2.HEIC,f8a86ec709d8a24a423bd8ae4a2591cc,2025-06-08 17:08:47,2025-04-17 12:31:56,25_2025Apr上海1stViisit
上海明珠塔1.MP4,12b5ff855cdb3af9190fca98ec4ab8f4,2025-06-08 19:41:47,2025-04-15 22:26:50,25_2025Apr上海1stViisit
上海明珠塔2.MP4,6e4159866524582280b2d462d98b77e3,2025-06-08 19:41:49,2025-04-15 22:27:34,25_2025Apr上海1stViisit
上海明珠塔3.MP4,07336d74faf740a70d7167ebfef47040,2025-06-08 19:41:52,2025-04-15 22:28:10,25_2025Apr上海1stViisit
上海明珠塔4.MP4,e37d01c53b0c07d636d557494f794bfa,2025-06-08 19:43:41,2025-04-16 02:57:52,25_2025Apr上海1stViisit
上海明珠塔_Miu30.HEIC,03485d85e210d1aaafc105295f8f62b1,2025-06-08 17:08:45,2025-04-16 10:25:06,25_2025Apr上海1stViisit
上海明珠塔_Miu31.HEIC,c04bfa544f4f22c15e89bdaef6a35485,2025-06-08 17:08:45,2025-04-16 10:25:08,25_2025Apr上海1stViisit
上海明珠塔_Nxday1.HEIC,8fe3ff691b925034d275f4ec1955262d,2025-06-08 17:08:45,2025-04-16 10:27:56,25_2025Apr上海1stViisit
上海明珠塔_Nxday2.HEIC,6df4745980bde07a3958059e66e0528e,2025-06-08 19:51:05,2025-04-15 22:27:58,25_2025Apr上海1stViisit
上海明珠塔_Nxday3.HEIC,6a9de13444dbc1d015dabadc71943873,2025-06-08 19:51:05,2025-04-15 22:28:14,25_2025Apr上海1stViisit
上海明珠塔_Nxday4.HEIC,b0fc823bc20ce8bb6af9f903b804ae9c,2025-06-08 19:51:05,2025-04-15 22:28:24,25_2025Apr上海1stViisit
上海明珠塔_Nxday5.HEIC,c3a1a48fe1ae673e036d902e603671c9,2025-06-08 19:51:05,2025-04-15 22:32:28,25_2025Apr上海1stViisit
上海明珠塔_Nxday6.HEIC,160056b93ae5a8e3dfbcd381b3ca2480,2025-06-08 19:51:05,2025-04-15 22:33:34,25_2025Apr上海1stViisit
上海明珠塔_Nxday7.HEIC,5eb42549b6698682b7f286df47e0e933,2025-06-08 19:51:05,2025-04-15 23:13:28,25_2025Apr上海1stViisit
上海朱家閣_1.MP4,db054d8b7af5ae30a091dae0ce770d10,2025-06-08 19:29:42,2025-04-14 05:17:50,20_2025Apr上海朱家閣
上海朱家閣_10.MP4,7d33816cb53b68093e95a970bd6e1a3f,2025-06-08 19:32:26,2025-04-14 06:10:04,20_2025Apr上海朱家閣
上海朱家閣_11.MP4,34805aea08192b1d87a7c1b4ab0d4345,2025-06-08 19:32:51,2025-04-14 06:27:02,20_2025Apr上海朱家閣
上海朱家閣_12.MP4,b0dbed7db3f454e536b6e0f2cb42d4d4,2025-06-08 19:33:05,2025-04-14 06:29:36,20_2025Apr上海朱家閣
上海朱家閣_2.MP4,c23e650e71ce2f6be615ed40260e939c,2025-06-08 19:29:52,2025-04-14 05:27:16,20_2025Apr上海朱家閣
上海朱家閣_200.HEIC,424669838950787a45da8299d89a0185,2025-06-08 19:38:18,2025-04-14 04:49:14,20_2025Apr上海朱家閣
上海朱家閣_201.HEIC,6b75a071b7dc00354ac22c31ab86ed38,2025-06-08 17:08:40,2025-04-14 17:16:14,20_2025Apr上海朱家閣
上海朱家閣_202.HEIC,dce38f327abb1191e6856e01bd1f15af,2025-06-08 19:38:18,2025-04-14 05:16:18,20_2025Apr上海朱家閣
上海朱家閣_203_Miuc.HEIC,060d4c33fcd922be2ed09bcf932aea01,2025-06-08 17:08:40,2025-04-14 17:29:28,20_2025Apr上海朱家閣
上海朱家閣_204.HEIC,efd089e4dab99c601da2f551db77a939,2025-06-08 17:08:40,2025-04-14 17:36:22,20_2025Apr上海朱家閣
上海朱家閣_205.HEIC,7a1a7dc598137ca1c35925916239dd68,2025-06-08 17:08:40,2025-04-14 17:50:06,20_2025Apr上海朱家閣
上海朱家閣_206.HEIC,f83b6617e9cb14ba57592c5773f466f2,2025-06-08 19:38:18,2025-04-14 05:50:18,20_2025Apr上海朱家閣
上海朱家閣_207.HEIC,1b73c61d707ad9f4b692f485aa479d05,2025-06-08 19:38:18,2025-04-14 05:50:24,20_2025Apr上海朱家閣
上海朱家閣_208.HEIC,5765f35d9586780db703970ba17a6a6c,2025-06-08 19:38:18,2025-04-14 05:50:26,20_2025Apr上海朱家閣
上海朱家閣_209.HEIC,5e395e33a6937a7ed5b08a55cdfa6ee6,2025-06-08 19:38:18,2025-04-14 05:50:40,20_2025Apr上海朱家閣
上海朱家閣_210.HEIC,c8e4cb7b76ae704ea39a87f64c6f9352,2025-06-08 19:38:18,2025-04-14 05:50:48,20_2025Apr上海朱家閣
上海朱家閣_211.HEIC,603fe55bb838154df8be2881f5df58fe,2025-06-08 19:38:19,2025-04-14 06:13:54,20_2025Apr上海朱家閣
上海朱家閣_212.HEIC,dda9271af9306bc295d4d67e12d47eae,2025-06-08 19:38:19,2025-04-14 06:13:54,20_2025Apr上海朱家閣
上海朱家閣_213.HEIC,5b960b9647a9a2580a2cd8a7c30e3048,2025-06-08 19:38:19,2025-04-14 06:14:00,20_2025Apr上海朱家閣
上海朱家閣_214.HEIC,e0b020682bd13d4ed0e832b136c5bb26,2025-06-08 19:38:19,2025-04-14 06:15:38,20_2025Apr上海朱家閣
上海朱家閣_3.MP4,4f38e34bc66066b0af6bbd31c113b645,2025-06-08 19:30:06,2025-04-14 05:31:20,20_2025Apr上海朱家閣
上海朱家閣_4.MP4,e120eb003e506e5eb9edbe08afdadd21,2025-06-08 19:30:29,2025-04-14 05:33:24,20_2025Apr上海朱家閣
上海朱家閣_5.MP4,2d6a2d52c8fabb5c84a44165b53ccae4,2025-06-08 19:30:39,2025-04-14 05:34:02,20_2025Apr上海朱家閣
上海朱家閣_6.MP4,2c53951c70daba5f1bd66367975bab4a,2025-06-08 19:30:48,2025-04-14 05:37:44,20_2025Apr上海朱家閣
上海朱家閣_7.MP4,cf57384c453519ef3f7c939e51332b70,2025-06-08 19:31:12,2025-04-14 05:42:24,20_2025Apr上海朱家閣
上海朱家閣_8.MP4,00429dfa7290ffc68763d7911ed5db67,2025-06-08 19:31:33,2025-04-14 05:44:02,20_2025Apr上海朱家閣
上海朱家閣_9.MP4,ca51724332bd723d124514c8a0305ef2,2025-06-08 19:31:48,2025-04-14 05:50:18,20_2025Apr上海朱家閣
上海朱家閣_Hotel1.JPG,c016be81f4c6f5177bed9b639e4c4c2a,2025-06-08 19:38:18,2025-04-14 04:45:32,20_2025Apr上海朱家閣
上海朱家閣_Hotel2.MP4,d9fb0b42a7fc15d7e671c6f1f54d98a3,2025-06-08 19:28:20,2025-04-14 04:54:34,20_2025Apr上海朱家閣
上海朱家閣_Hotel3.MP4,95446206d922207cfa62003156de39d9,2025-06-08 19:28:28,2025-04-14 05:00:02,20_2025Apr上海朱家閣
上海朱家閣_Hotel30.MP4,e8268a933780559e5510ed5e75aa436c,2025-06-08 19:35:20,2025-04-14 19:04:10,20_2025Apr上海朱家閣
上海朱家閣_Hotel31.MP4,737b03734f70e5fadce3f9a4427f7d7a,2025-06-08 19:35:46,2025-04-14 19:29:48,20_2025Apr上海朱家閣
上海朱家閣_Hotel32.MP4,ef763b5bae39193a7ec432f65fc6e7b4,2025-06-08 19:35:49,2025-04-14 19:32:00,20_2025Apr上海朱家閣
上海朱家閣_Hotel33.MP4,bdc21e1d6039ec2cf9cf20885b9d9c35,2025-06-08 19:35:57,2025-04-14 19:33:26,20_2025Apr上海朱家閣
上海朱家閣_Hotel34.MP4,079297b050c87648c685ea2011e74ced,2025-06-08 19:36:02,2025-04-14 19:34:22,20_2025Apr上海朱家閣
上海朱家閣_Hotel35.MP4,7cde51670e1f3ea4cf035e5117b83835,2025-06-08 19:36:06,2025-04-14 19:41:38,20_2025Apr上海朱家閣
上海朱家閣_Hotel36.MP4,58a72fe8064514dee21b186d0f2bc6b0,2025-06-08 19:36:11,2025-04-14 19:42:12,20_2025Apr上海朱家閣
上海朱家閣_Hotel37.MP4,cb93af9066cb4c03c3447797a58565cd,2025-06-08 19:36:14,2025-04-14 19:43:22,20_2025Apr上海朱家閣
上海朱家閣_Hotel38.MP4,6a3bc03a9d57f4d56d73529273ecbc20,2025-06-08 19:36:17,2025-04-14 19:52:42,20_2025Apr上海朱家閣
上海朱家閣_Hotel39.MP4,09d73338b5d500a8c70681a6fc4a6685,2025-06-08 19:36:19,2025-04-14 19:53:22,20_2025Apr上海朱家閣
上海朱家閣_Hotel4.MP4,0710788b92ae16838d5ac7e88f16f675,2025-06-08 19:28:32,2025-04-14 05:03:12,20_2025Apr上海朱家閣
上海朱家閣_Hotel40.MP4,a76d72d59f179f354a6906999aa2559d,2025-06-08 19:36:20,2025-04-14 20:19:58,20_2025Apr上海朱家閣
上海朱家閣_Hotel41.HEIC,10849556243417829d8a326897a6cae9,2025-06-08 17:08:41,2025-04-14 20:29:00,20_2025Apr上海朱家閣
上海朱家閣_Hotel42.MP4,5ad3c665621858dbee593fa2c4a815ce,2025-06-08 19:36:20,2025-04-14 21:03:04,20_2025Apr上海朱家閣
上海朱家閣_Hotel43.MP4,c51965652dfdcb4ad574d1d17d2a1795,2025-06-08 19:36:22,2025-04-14 21:09:10,20_2025Apr上海朱家閣
上海朱家閣_Hotel5.MP4,22767d52a023c54e568cd7508767b23f,2025-06-08 19:28:47,2025-04-14 05:06:16,20_2025Apr上海朱家閣
上海朱家閣_Hotel6.MP4,50f3af5cdd40fc1436e3b933baaf9a37,2025-06-08 19:29:01,2025-04-14 05:07:34,20_2025Apr上海朱家閣
上海朱家閣_Hotel7.MP4,87757e3f9d16d4669d23be77d33d1434,2025-06-08 19:29:10,2025-04-14 05:13:36,20_2025Apr上海朱家閣
上海朱家閣_Hotel8.MP4,cc329c1ecf07f618d5197c81772b5f37,2025-06-08 19:29:38,2025-04-14 05:14:56,20_2025Apr上海朱家閣
上海朱家閣_Hotel_10.HEIC,baceb5b103d1acb2b6980666860f4585,2025-06-08 19:38:18,2025-04-14 04:47:26,20_2025Apr上海朱家閣
上海朱家閣_Hotel_11.HEIC,d838129e434830be4fccac1f29bbdd0e,2025-06-08 19:38:18,2025-04-14 04:47:38,20_2025Apr上海朱家閣
上海朱家閣_Hotel_12.HEIC,f7307272e62d16c53bc0ae2a0fcc5ff1,2025-06-08 19:38:18,2025-04-14 04:47:50,20_2025Apr上海朱家閣
上海朱家閣_Hotel_13.HEIC,5cf3956e4cb7a32857fe175cd0e495f1,2025-06-08 19:38:18,2025-04-14 04:48:22,20_2025Apr上海朱家閣
上海朱家閣_Hotel_14.HEIC,ee93c943a7834a5ddf3b1322e4bb90c5,2025-06-08 19:38:18,2025-04-14 04:48:24,20_2025Apr上海朱家閣
上海朱家閣_Hotel_Bfast1.HEIC,bc40e5a8ba634fef585af8c0472a3854,2025-06-08 17:08:42,2025-04-15 08:19:28,20_2025Apr上海朱家閣
上海朱家閣_Hotel_Bfast2.HEIC,536d08f581614fc34027bc1dcdc12b56,2025-06-08 19:38:21,2025-06-19 11:09:43,20_2025Apr上海朱家閣
上海朱家閣_Map.HEIC,b02214d02d1e808b6bf7a58bd3a5dd36,2025-06-08 19:38:17,2025-04-14 04:29:36,20_2025Apr上海朱家閣
上海朱家閣_Miu30.HEIC,d5ac85f849be29cd3b705ec3a9fb6586,2025-06-08 19:38:18,2025-04-14 06:12:06,20_2025Apr上海朱家閣
上海朱家閣_Miu31.HEIC,9d6b2d470a824d81d744fdd979c37548,2025-06-08 19:38:19,2025-04-14 06:12:14,20_2025Apr上海朱家閣
上海朱家閣_Miu50.HEIC,d785a939fbbc73e5b967d68f64e81f1f,2025-06-08 17:08:41,2025-04-14 19:45:06,20_2025Apr上海朱家閣
上海朱家閣_Miu51.HEIC,1ddca310b131816004bdf4e501666a8c,2025-06-08 17:08:41,2025-04-14 19:45:12,20_2025Apr上海朱家閣
上海朱家閣_Night1.MP4,16542f779215f3dc776377c24f66467e,2025-06-08 19:33:18,2025-04-14 06:30:14,20_2025Apr上海朱家閣
上海朱家閣_Night10.HEIC,3c9d8093afb2df13a30ddc821c4dd824,2025-06-08 19:38:19,2025-04-14 06:32:04,20_2025Apr上海朱家閣
上海朱家閣_Night10.MP4,4318b1b9442ba69fc3bc1a6309e30521,2025-06-08 19:34:34,2025-04-14 07:47:48,20_2025Apr上海朱家閣
上海朱家閣_Night11.HEIC,76dd06397d00d2c4aac30be40652b964,2025-06-08 17:08:40,2025-04-14 18:32:08,20_2025Apr上海朱家閣
上海朱家閣_Night11.MP4,cb3e8e6bfc0e3e34d0482f0b24a9c03f,2025-06-08 19:34:45,2025-04-14 07:54:22,20_2025Apr上海朱家閣
上海朱家閣_Night12_Dinner.HEIC,2825949e1efb62d3d14229719d3a008f,2025-06-08 19:38:19,2025-04-14 07:09:00,20_2025Apr上海朱家閣
上海朱家閣_Night2.MP4,293936f814356086bad8dc00d9a7163a,2025-06-08 19:33:20,2025-04-14 06:33:14,20_2025Apr上海朱家閣
上海朱家閣_Night3.MP4,55afb883efd0fa179ce4a07724541ea6,2025-06-08 19:33:23,2025-04-14 06:33:34,20_2025Apr上海朱家閣
上海朱家閣_Night4.MP4,c89e09e8d65a4391316c70414b4f8a08,2025-06-08 19:33:24,2025-04-14 06:37:12,20_2025Apr上海朱家閣
上海朱家閣_Night40.HEIC,3afa8db14768470771b68ecce9660980,2025-06-08 17:08:41,2025-04-14 19:20:16,20_2025Apr上海朱家閣
上海朱家閣_Night41.HEIC,e10fa83811e9a797f78607a8cc72c504,2025-06-08 17:08:41,2025-04-14 19:20:34,20_2025Apr上海朱家閣
上海朱家閣_Night42.HEIC,85ec6e7754ba96ef107daf3c6d184dd7,2025-06-08 17:08:41,2025-04-14 19:39:28,20_2025Apr上海朱家閣
上海朱家閣_Night5_Dinner.MP4,0b0818ccc635ad78068b66fddaba631f,2025-06-08 19:33:26,2025-04-14 06:52:14,20_2025Apr上海朱家閣
上海朱家閣_Night6.MP4,9c58e2b5e0d875b2b4c97d1ce4681bb8,2025-06-08 19:33:29,2025-04-14 07:25:22,20_2025Apr上海朱家閣
上海朱家閣_Night7.MP4,f3cfec0e82f57ea4bd0b766d5b91c36e,2025-06-08 19:33:40,2025-04-14 07:41:32,20_2025Apr上海朱家閣
上海朱家閣_Night8.MP4,f96cd3c15c76ea9f15446bb746024824,2025-06-08 19:34:05,2025-04-14 07:43:54,20_2025Apr上海朱家閣
上海朱家閣_Night9.MP4,9d9c15e696d8527a7c4187835a1ef0d4,2025-06-08 19:34:19,2025-04-14 07:46:54,20_2025Apr上海朱家閣
上海朱家閣_NightLight1.MP4,aea308835723bbb5df8eebc0e75185c9,2025-06-08 19:35:10,2025-04-14 08:06:10,20_2025Apr上海朱家閣
上海朱家閣_NightLight2.MP4,ec4acad167ef54f1e5439eb3dae6eea1,2025-06-08 19:35:11,2025-04-14 08:08:32,20_2025Apr上海朱家閣
上海朱家閣_NxDay1.HEIC,b22936c679b3db6b07c4b6c9ea0ea0cc,2025-06-08 19:38:21,2025-04-14 20:52:50,20_2025Apr上海朱家閣
上海朱家閣_NxDay1.MP4,4edeecc918cac1c9319e23bdd246810d,2025-06-08 19:36:25,2025-04-14 21:13:06,20_2025Apr上海朱家閣
上海朱家閣_NxDay10.MOV,d4ef253d7356763426cb7e0e55eb914f,2025-06-08 19:38:22,2025-04-14 22:04:06,20_2025Apr上海朱家閣
上海朱家閣_NxDay11.MP4,129c4e72214b629710440d5bc0c1fc17,2025-06-08 19:37:16,2025-04-14 22:16:14,20_2025Apr上海朱家閣
上海朱家閣_NxDay12.MP4,b1e91fc0e502bb366180cd63784a66ba,2025-06-08 19:37:33,2025-04-14 22:17:20,20_2025Apr上海朱家閣
上海朱家閣_NxDay13.MP4,a3d87881d6d6a711aa588525098c5798,2025-06-08 19:37:42,2025-04-14 22:21:42,20_2025Apr上海朱家閣
上海朱家閣_NxDay14.MP4,51541fba1bebd4b8b5e994768e6bd935,2025-06-08 19:38:04,2025-04-14 22:33:44,20_2025Apr上海朱家閣
上海朱家閣_NxDay2.HEIC,9dafefdb5d2252ff009c80218e23a740,2025-06-08 19:38:21,2025-04-14 20:52:58,20_2025Apr上海朱家閣
上海朱家閣_NxDay2.MP4,7c77dc6aad8ab669b90951a1cc24fd5d,2025-06-08 19:36:29,2025-04-14 21:14:32,20_2025Apr上海朱家閣
上海朱家閣_NxDay3.HEIC,9a6e357338536cdd3a451bba015cec1d,2025-06-08 19:38:24,2025-04-14 22:06:36,20_2025Apr上海朱家閣
上海朱家閣_NxDay3.MP4,7b3f3976efd4b5abfd3f96bacb27afde,2025-06-08 19:36:31,2025-04-14 21:16:18,20_2025Apr上海朱家閣
上海朱家閣_NxDay4.HEIC,1a4288c396ddc1bc1f8807500d9e6b71,2025-06-08 19:38:24,2025-04-14 22:09:18,20_2025Apr上海朱家閣
上海朱家閣_NxDay4.MP4,1011d1867b21a78b3f26fe004a59968c,2025-06-08 19:36:34,2025-04-14 21:17:16,20_2025Apr上海朱家閣
上海朱家閣_NxDay5.HEIC,6193f2568b7e8e9a4cbc49d1011d9cd0,2025-06-08 19:38:24,2025-04-14 22:09:36,20_2025Apr上海朱家閣
上海朱家閣_NxDay5.MP4,8957d79b723e52fa87aa273010061e9d,2025-06-08 19:36:37,2025-04-14 21:18:42,20_2025Apr上海朱家閣
上海朱家閣_NxDay6.MP4,3677e9495bcb372e53be5968d01bb33c,2025-06-08 19:36:44,2025-04-14 21:22:30,20_2025Apr上海朱家閣
上海朱家閣_NxDay7.MP4,2b0a4b42815f4a16c215256e577bf85d,2025-06-08 19:37:04,2025-04-14 21:50:32,20_2025Apr上海朱家閣
上海朱家閣_NxDay8.MP4,65a8041bbbca75c8a9574d53867a584d,2025-06-08 19:37:06,2025-04-14 21:59:44,20_2025Apr上海朱家閣
上海朱家閣_NxDay9.MP4,4ab19a70e6dad9f22b5f7b29aeda0e7b,2025-06-08 19:37:10,2025-04-14 22:01:52,20_2025Apr上海朱家閣
上海朱家閣_NxDay_Miu1.HEIC,a3b5b55a378f4a86dd067dfca709bb41,2025-06-08 17:08:42,2025-04-15 09:53:00,20_2025Apr上海朱家閣
上海朱家閣_NxDay_Miu2.HEIC,417ef5bd1a88c4acc519fe9cb192ce05,2025-06-08 17:08:42,2025-04-15 09:53:06,20_2025Apr上海朱家閣
上海朱家閣_NxDay_Miu3.HEIC,d4c21a8715bf81c0f5deb7a16a27724a,2025-06-08 17:08:42,2025-04-15 09:54:06,20_2025Apr上海朱家閣
上海朱家閣_NxDay_Miu4.HEIC,9427ed58fd7b2cfdc2b6a57389e6732f,2025-06-08 17:08:42,2025-04-15 09:59:20,20_2025Apr上海朱家閣
上海朱家閣_NxDay_Miu5.HEIC,2c76ae5ee5e43c3fac620de6422d55b9,2025-06-08 19:38:24,2025-04-14 22:07:42,20_2025Apr上海朱家閣
上海朱家閣_NxDay_Simon1.HEIC,11a97725e34639892ff4d7c7dcd9992e,2025-06-08 17:08:43,2025-04-15 10:02:16,20_2025Apr上海朱家閣
上海朱家閣_NxDay_Simon2.HEIC,08e51b880730231e6f1d0ce011b4dc71,2025-06-08 17:08:43,2025-04-15 10:02:26,20_2025Apr上海朱家閣
上海朱家閣_NxDay_Simon3.HEIC,c84f865ce5c3e0631faf38b68279d40d,2025-06-08 17:08:43,2025-04-15 10:03:02,20_2025Apr上海朱家閣
上海朱家閣_NxDay_Simon4.HEIC,f36d6cd287ca216a88f494339851e3e4,2025-06-08 17:08:43,2025-04-15 10:03:10,20_2025Apr上海朱家閣
上海朱家閣_NxDay_Simon5.HEIC,c985e077263744ac7ffe108c7b976df6,2025-06-08 17:08:43,2025-04-15 10:03:38,20_2025Apr上海朱家閣
上海朱家閣_NxDay_Simon6.HEIC,846c0daa0a057b319a06746fbfe58b6b,2025-06-08 19:38:24,2025-04-14 22:20:38,20_2025Apr上海朱家閣
上海朱家閣_NxDay_Simon7.HEIC,9a3b92596adaf217d08b8ed7bdbbe4ed,2025-06-08 19:38:24,2025-04-14 22:20:40,20_2025Apr上海朱家閣
上海朱家閣_NxDay_Simon8.HEIC,a52190d05568217cca5e9a5a151ae8c3,2025-06-08 19:38:24,2025-04-14 22:20:46,20_2025Apr上海朱家閣
上海朱家閣_NxDay_Simon9.HEIC,615cbaf9d5ec60a95b6c98815d173649,2025-06-08 19:38:24,2025-04-14 22:20:54,20_2025Apr上海朱家閣
上海朱家閣_NxHotel1.MP4,0a3ad217fe28182f8d036836e18d98ae,2025-06-08 19:38:07,2025-04-14 22:56:08,20_2025Apr上海朱家閣
上海朱家閣_NxHotel10.HEIC,1d96bf45ff1a7913181d82bd4d812227,2025-06-08 19:38:20,2025-04-14 19:04:52,20_2025Apr上海朱家閣
上海朱家閣_NxHotel11.HEIC,4f312a1016d2aaf9c9f95a65c4bb3030,2025-06-08 19:38:20,2025-04-14 19:05:02,20_2025Apr上海朱家閣
上海朱家閣_NxHotel12.HEIC,3ef2f4786c62ac71732034952105b1d2,2025-06-08 19:38:20,2025-04-14 19:05:10,20_2025Apr上海朱家閣
上海朱家閣_NxHotel13.HEIC,c08ceeaa4d00b71150de48c1c2e2ab9b,2025-06-08 19:38:20,2025-04-14 19:05:32,20_2025Apr上海朱家閣
上海朱家閣_NxHotel14.HEIC,de4a298499f923d472c84ff91028a26e,2025-06-08 19:38:20,2025-04-14 19:06:22,20_2025Apr上海朱家閣
上海朱家閣_NxHotel15.HEIC,573424f0ceb4e633f64bf74f536c5daa,2025-06-08 19:38:20,2025-04-14 19:06:48,20_2025Apr上海朱家閣
上海朱家閣_NxHotel16.HEIC,617769cca9c07e07019c2687a5499867,2025-06-08 17:08:41,2025-04-15 07:29:38,20_2025Apr上海朱家閣
上海朱家閣_NxHotel17.HEIC,be2430e0d2b35c9475a88deb6d131cbd,2025-06-08 19:38:20,2025-04-14 19:33:08,20_2025Apr上海朱家閣
上海朱家閣_NxHotel18.HEIC,b258e8c9234a04cd3f1a18a33cb42996,2025-06-08 19:38:20,2025-04-14 19:33:50,20_2025Apr上海朱家閣
上海朱家閣_NxHotel19.HEIC,112b3286a05a39c587d71b945d96670d,2025-06-08 17:08:41,2025-04-15 07:35:30,20_2025Apr上海朱家閣
上海朱家閣_NxHotel2.MP4,7e2c788e7052dc46a07e1a33a4978d63,2025-06-08 19:38:11,2025-04-14 22:56:42,20_2025Apr上海朱家閣
上海朱家閣_NxHotel20.HEIC,3077a6b648f7b683d4b6a99767d76a5c,2025-06-08 19:38:20,2025-04-14 19:35:40,20_2025Apr上海朱家閣
上海朱家閣_NxHotel21.HEIC,e7369cd0fc4d56d97a98997a3273b25a,2025-06-08 19:38:20,2025-04-14 19:35:50,20_2025Apr上海朱家閣
上海朱家閣_NxHotel22.HEIC,a1ba370c4756d1db94126a336d6242c2,2025-06-08 19:38:21,2025-04-14 19:37:50,20_2025Apr上海朱家閣
上海朱家閣_NxHotel23.HEIC,2ad29ebbdfd078107d4d31cffff59baa,2025-06-08 19:38:21,2025-04-14 19:38:12,20_2025Apr上海朱家閣
上海朱家閣_NxHotel24.HEIC,23af8fa1d2d08eb6f5d64dbb31fa31c7,2025-06-08 19:38:21,2025-04-14 19:44:18,20_2025Apr上海朱家閣
上海朱家閣_NxHotel25.HEIC,e7022692e4aede6df6c7d85490497cf6,2025-06-08 19:38:21,2025-04-14 19:44:26,20_2025Apr上海朱家閣
上海朱家閣_NxHotel26.HEIC,536dbee2f017ff292b6ed9d2125dff81,2025-06-08 19:38:21,2025-04-14 19:45:08,20_2025Apr上海朱家閣
上海朱家閣_NxHotel27.HEIC,9a2e079e0a28b7d54200529b6ac6a07a,2025-06-08 17:08:42,2025-04-15 07:45:58,20_2025Apr上海朱家閣
上海朱家閣_NxHotel28.HEIC,b310b0cca7bbea3018ee58e5e5a51453,2025-06-08 19:38:21,2025-04-14 19:46:28,20_2025Apr上海朱家閣
上海朱家閣_NxHotel29_Price.HEIC,3615415c63b0dd877b6dd589369bfcb9,2025-06-08 19:38:21,2025-04-14 19:46:36,20_2025Apr上海朱家閣
上海朱家閣_NxHotel3.MP4,24a754d65b24a1da39b4e79ea4e42482,2025-06-08 19:38:13,2025-04-14 22:57:10,20_2025Apr上海朱家閣
上海朱家閣_NxHotel30.HEIC,02fb649f172af2186f2d8f219d15d832,2025-06-08 17:08:42,2025-04-15 07:46:36,20_2025Apr上海朱家閣
上海朱家閣_NxHotel4.MP4,e6ddd5bd52aaeb21bfd5f4e5c28fe98b,2025-06-08 19:38:15,2025-04-14 23:18:40,20_2025Apr上海朱家閣
上海朱家閣_NxHotel5.HEIC,3831ebd6329e5f65ab689f1508073a50,2025-06-08 19:38:19,2025-04-14 19:04:02,20_2025Apr上海朱家閣
上海朱家閣_NxHotel6.HEIC,dab8d94417e50f260a7a5a5845d54df0,2025-06-08 19:38:19,2025-04-14 19:04:12,20_2025Apr上海朱家閣
上海朱家閣_NxHotel7.HEIC,6b8ecae6f92476029cb473dae5309395,2025-06-08 19:38:19,2025-04-14 19:04:16,20_2025Apr上海朱家閣
上海朱家閣_NxHotel8.HEIC,471938f45b7191696d08b823a17dd5e0,2025-06-08 19:38:20,2025-04-14 19:04:30,20_2025Apr上海朱家閣
上海朱家閣_NxHotel9.HEIC,181f57a863f68b642472953fa4df3560,2025-06-08 19:38:20,2025-04-14 19:04:38,20_2025Apr上海朱家閣
上海朱家閣_Simon30.HEIC,23603cb757e00a582b641f5b49d519e4,2025-06-08 19:38:19,2025-04-14 06:12:38,20_2025Apr上海朱家閣
上海朱家閣_Simon31.HEIC,37c42df552335d08c87f0b9e5cfaa844,2025-06-08 19:38:19,2025-04-14 06:12:52,20_2025Apr上海朱家閣
上海東方明珠_觀光巴士1.HEIC,95b8ec34811b49b1f06d8467ee187baa,2025-06-08 19:51:07,2025-04-16 04:17:16,25_2025Apr上海1stViisit
上海東方明珠_觀光巴士2.HEIC,a02af773506f617a318db189fde54ccd,2025-06-08 19:51:08,2025-04-16 04:17:22,25_2025Apr上海1stViisit
上海東方明珠Outside1.HEIC,dc0a98eec29fe2701e16cbd4033ecb8d,2025-06-08 19:51:07,2025-04-16 03:07:10,25_2025Apr上海1stViisit
上海東方明珠Outside2.HEIC,e1a85fb6bca984db9b25153361345d3a,2025-06-08 19:51:07,2025-04-16 03:07:28,25_2025Apr上海1stViisit
上海東方明珠Outside3.HEIC,fdfea83d2856a9a879a774518318dc34,2025-06-08 19:51:07,2025-04-16 03:07:42,25_2025Apr上海1stViisit
上海東方明珠Street1.HEIC,0ca65d499c67c71d65151fea09d1bd96,2025-06-08 19:51:07,2025-04-16 04:12:16,25_2025Apr上海1stViisit
上海東方明珠Street2.HEIC,6462ac918db740b237674bc291754f96,2025-06-08 19:51:07,2025-04-16 04:12:38,25_2025Apr上海1stViisit
上海東方明珠電視塔.HEIC,4f86b8c970f304e9ae7c80aba65166d8,2025-06-08 17:08:47,2025-04-16 14:52:58,25_2025Apr上海1stViisit
上海浮磁1.MOV,aa2d777367ac09f94811f2c0f5ff331e,2025-06-08 18:03:30,2025-04-25 00:30:30,80_2025Apr上海2ndVisit
上海浮磁10.HEIC,8faa46c461bd49e9e06e80284f5a6dfe,2025-06-08 17:09:10,2025-04-25 12:31:10,80_2025Apr上海2ndVisit
上海浮磁11.HEIC,7f64391b2e6d804a46c71268ba31b837,2025-06-08 17:09:10,2025-04-25 12:42:14,80_2025Apr上海2ndVisit
上海浮磁2.HEIC,6a496eb82b71949e07856a821ed99ad7,2025-06-08 18:03:31,2025-04-25 00:31:24,80_2025Apr上海2ndVisit
上海浮磁3.HEIC,0616bba844b267a250823cf26cd56fa8,2025-06-08 18:03:31,2025-04-25 00:31:26,80_2025Apr上海2ndVisit
上海浮磁4.MOV,cdfd754184ab1f3d035e993e3c6e39c0,2025-06-08 18:03:31,2025-04-25 00:36:40,80_2025Apr上海2ndVisit
上海浮磁5.MOV,9261fc895af242c7196765d02d99d510,2025-06-08 18:03:32,2025-04-25 00:40:20,80_2025Apr上海2ndVisit
上海浮磁6.MOV,752fefc326144eaa547e2635a8d69c20,2025-06-08 18:03:33,2025-04-25 00:40:56,80_2025Apr上海2ndVisit
上海浮磁7.HEIC,e1ff7f6f41927aec39f655bfa1dc1813,2025-06-08 18:03:41,2025-04-25 09:56:54,80_2025Apr上海2ndVisit
上海浮磁8.HEIC,bc826f1dcdc68649fb45a30bdc58e905,2025-06-08 17:09:10,2025-04-25 12:30:36,80_2025Apr上海2ndVisit
上海浮磁9.HEIC,aab182d99541da6419930e278d19b5d7,2025-06-08 17:09:10,2025-04-25 12:30:44,80_2025Apr上海2ndVisit
上海浮磁_Anthony1.HEIC,d72ea02786a1378ff1efbd7a25cf2d01,2025-06-08 18:03:39,2025-04-25 00:45:00,80_2025Apr上海2ndVisit
上海浮磁_Anthony2.HEIC,e9603d12d37f1c8d3e2a304f89ad0566,2025-06-08 18:03:39,2025-04-25 00:45:00,80_2025Apr上海2ndVisit
上海浮磁_Anthony3.HEIC,041155bcd598b26e96d676b9f6c31309,2025-06-08 18:03:39,2025-04-25 00:45:02,80_2025Apr上海2ndVisit
上海浮磁_John1.HEIC,fa6e05c42a290484efd95d5a37934a8e,2025-06-08 18:03:39,2025-04-25 00:46:30,80_2025Apr上海2ndVisit
上海浮磁_John2.HEIC,a0eea75795b419322e8d2e3007e4b477,2025-06-08 18:03:39,2025-04-25 00:46:32,80_2025Apr上海2ndVisit
上海浮磁_Kingsley1.HEIC,4f2bd0c8ee2436dfe6f930bfa23a28a4,2025-06-08 18:03:39,2025-04-25 00:45:50,80_2025Apr上海2ndVisit
上海浮磁_Kingsley2.HEIC,404870139abc9ce224246d00713437c6,2025-06-08 18:03:39,2025-04-25 00:46:00,80_2025Apr上海2ndVisit
上海浮磁_Miu1.HEIC,dbba7ecb3ba1c1e987a2e047776e32e9,2025-06-08 17:09:11,2025-04-25 12:44:14,80_2025Apr上海2ndVisit
上海浮磁_Miu2.HEIC,4dcb188fed93926c54084d94616c72d5,2025-06-08 17:09:11,2025-04-25 12:44:18,80_2025Apr上海2ndVisit
上海浮磁_Miu3.HEIC,2a89763d446e67ce7b7467a8ee6ad5bf,2025-06-08 17:09:11,2025-04-25 12:44:20,80_2025Apr上海2ndVisit
上海浮磁_Simon1.HEIC,e0a4c32a1e29ea6eecc07bf238132b04,2025-06-08 18:03:39,2025-04-25 00:45:24,80_2025Apr上海2ndVisit
上海浮磁_Simon2.HEIC,d24420ba2812f39906909f52599e69ad,2025-06-08 18:03:39,2025-04-25 00:45:26,80_2025Apr上海2ndVisit
上海虹橋Map1.JPG,a1e6e6eb0e5556af83dc29917f92852f,2025-06-08 19:51:04,2025-04-15 00:42:06,25_2025Apr上海1stViisit
上海虹橋Map2.JPG,0b3db6049298cdc42e0197455b0e47ce,2025-06-08 19:51:04,2025-04-15 00:43:06,25_2025Apr上海1stViisit
上海觀光巴士1.MP4,6169a5f73a9184da7116387870fa36ca,2025-06-08 19:41:55,2025-04-15 22:37:36,25_2025Apr上海1stViisit
上海觀光巴士10.MP4,d97e2c4d841a7d88d802cdb5a8f01ee8,2025-06-08 19:44:22,2025-04-16 04:43:04,25_2025Apr上海1stViisit
上海觀光巴士11.MP4,a86961a078f3e05a8c5c11a8de4beca6,2025-06-08 19:44:23,2025-04-16 04:43:48,25_2025Apr上海1stViisit
上海觀光巴士12.MP4,d1ca55d90ee1bebd1d853414e364110f,2025-06-08 19:44:26,2025-04-16 04:45:30,25_2025Apr上海1stViisit
上海觀光巴士13.MP4,58331c39cd393dec1143eb8a11842d33,2025-06-08 19:44:32,2025-04-16 04:46:44,25_2025Apr上海1stViisit
上海觀光巴士14.HEIC,47ba6bd9f08307b51770c1bb0d53af60,2025-06-08 19:51:05,2025-04-15 22:39:10,25_2025Apr上海1stViisit
上海觀光巴士15.HEIC,bc829f2af43a83db1b5463549380dc02,2025-06-08 19:51:05,2025-04-15 23:16:04,25_2025Apr上海1stViisit
上海觀光巴士16.HEIC,8cfc7610867e903c9bc7947a112066da,2025-06-08 19:51:06,2025-04-15 23:16:12,25_2025Apr上海1stViisit
上海觀光巴士2.MP4,d4a92140df1a8e2c34b6ee7504abee6c,2025-06-08 19:42:01,2025-04-15 22:51:42,25_2025Apr上海1stViisit
上海觀光巴士3.MP4,2d0fe082c63f3fe5d1a98b30cdedd67b,2025-06-08 19:42:05,2025-04-15 23:00:46,25_2025Apr上海1stViisit
上海觀光巴士4.MP4,65d30cde0c72a4849668ffd28a0dc422,2025-06-08 19:42:10,2025-04-15 23:20:46,25_2025Apr上海1stViisit
上海觀光巴士5.MP4,6f7eaff1a69367bade62f96f379130aa,2025-06-08 19:42:12,2025-04-15 23:22:10,25_2025Apr上海1stViisit
上海觀光巴士6.MP4,52c5be743ac08cc85b3b47aafc54326b,2025-06-08 19:42:19,2025-04-15 23:23:52,25_2025Apr上海1stViisit
上海觀光巴士7.MP4,96eefd539ba2905d2bcc9dcfc1d694f4,2025-06-08 19:42:28,2025-04-15 23:25:00,25_2025Apr上海1stViisit
上海觀光巴士8.MP4,d05f67e32fd547c9d4b1dc1d47be4072,2025-06-08 19:44:14,2025-04-16 04:41:22,25_2025Apr上海1stViisit
上海觀光巴士9.MP4,d86b15daae071c62cb0279a14672aff5,2025-06-08 19:44:18,2025-04-16 04:42:20,25_2025Apr上海1stViisit
上海觀光巴士_Audio.HEIC,45303b879459f47ae5eda7523f41f5fc,2025-06-08 19:51:08,2025-04-16 04:17:48,25_2025Apr上海1stViisit
上海觀光巴士_view1.HEIC,87ba845a44677d28ca1bb599035a744d,2025-06-08 19:51:08,2025-04-16 05:05:50,25_2025Apr上海1stViisit
上海觀光巴士_view2.HEIC,05a59fb5903d6223c60c86b3ca80910f,2025-06-08 19:51:08,2025-04-16 05:06:00,25_2025Apr上海1stViisit
上海觀光巴士_view3.HEIC,ead1439eadfd8b4fbc2c6dfd73eb5b6c,2025-06-08 19:51:08,2025-04-16 05:07:02,25_2025Apr上海1stViisit
上海觀光巴士_view4.HEIC,f58b74df3f37c5775943e1f6dcf2f042,2025-06-08 19:51:08,2025-04-16 05:07:38,25_2025Apr上海1stViisit
上海觀光巴士_view5.HEIC,e4d95827afb26607cabdfadfc2326204,2025-06-08 19:51:08,2025-04-16 05:09:00,25_2025Apr上海1stViisit
上海觀光巴士_view6.HEIC,345c8996ea11cfd8a0a7fa7ece4219a6,2025-06-08 19:51:08,2025-04-16 05:09:08,25_2025Apr上海1stViisit
上海觀光巴士_view7.HEIC,771e1962c7d8a3be91b43fcb06a9a3e1,2025-06-08 19:51:08,2025-04-16 05:09:14,25_2025Apr上海1stViisit
上海觀光巴士_view8.HEIC,9babf2c4f6ebe14e261592b4a6c747eb,2025-06-08 19:51:08,2025-04-16 06:35:12,25_2025Apr上海1stViisit
上海青年旅社_outside1.MP4,4cc361a4ea7bc927722f1db28ff011c4,2025-06-08 19:46:14,2025-04-16 21:54:48,25_2025Apr上海1stViisit
上海青年旅社_outside2.MP4,486f4c94cf7a15985e5ae2fc53daf918,2025-06-08 19:46:39,2025-04-16 22:26:18,25_2025Apr上海1stViisit
上海青年旅社_outside3.MP4,4f2f733c02cd3bbe1f341346fbf49f5d,2025-06-08 19:47:34,2025-04-16 22:33:36,25_2025Apr上海1stViisit
上海青年旅社_outside4.MP4,4ae74bc0a773583571473a38bf3e6650,2025-06-08 19:48:13,2025-04-16 22:41:32,25_2025Apr上海1stViisit
上海黃埔江1.MP4,c651792181a0479a946d44a794517c95,2025-06-08 19:44:36,2025-04-16 07:31:20,25_2025Apr上海1stViisit
上海黃埔江10.MP4,1f96c43742881b3c2ec2a217b88bca93,2025-06-08 19:45:07,2025-04-16 07:40:20,25_2025Apr上海1stViisit
上海黃埔江11.MP4,83c5590fcd45296595576625ec0b93e0,2025-06-08 19:45:11,2025-04-16 07:52:04,25_2025Apr上海1stViisit
上海黃埔江12.MP4,61afce001d941daf00983fc773b17110,2025-06-08 19:45:18,2025-04-16 08:00:04,25_2025Apr上海1stViisit
上海黃埔江13.MP4,566ffbdd3939abb3e2aa0dc64d981e5b,2025-06-08 19:45:22,2025-04-16 08:10:42,25_2025Apr上海1stViisit
上海黃埔江14_外灘.MP4,1d1016219957b0a977cb2ec2dc4b9aa5,2025-06-08 19:45:27,2025-04-16 08:22:18,25_2025Apr上海1stViisit
上海黃埔江15_外灘.MP4,5a9edc2e11d9fd93b316f18652191e5a,2025-06-08 19:45:28,2025-04-16 08:23:32,25_2025Apr上海1stViisit
上海黃埔江16_外灘.MP4,e20cf8ff0a728c6f47da3e4749f36b78,2025-06-08 19:45:33,2025-04-16 08:29:18,25_2025Apr上海1stViisit
上海黃埔江16_步行街.MP4,a54130e8e7c21a71483a9503372a3138,2025-06-08 19:45:43,2025-04-16 08:30:48,25_2025Apr上海1stViisit
上海黃埔江17_步行街.MP4,cb21651e776b3e9d8dace026b0e6e6f6,2025-06-08 19:45:50,2025-04-16 08:34:54,25_2025Apr上海1stViisit
上海黃埔江18_步行街.MP4,840e62fc3fd8c7eba8701ef4b0230744,2025-06-08 19:46:04,2025-04-16 08:36:30,25_2025Apr上海1stViisit
上海黃埔江19_步行街.MP4,0a5a38566d07cf90679d468ce56329b0,2025-06-08 19:46:07,2025-04-16 08:43:24,25_2025Apr上海1stViisit
上海黃埔江2.MP4,0ef7a11c68b13105fb5a40b2d98a6dc4,2025-06-08 19:44:37,2025-04-16 07:32:38,25_2025Apr上海1stViisit
上海黃埔江3.MP4,c48e0c29393708e3e9c5be9fb0485b25,2025-06-08 19:44:40,2025-04-16 07:33:52,25_2025Apr上海1stViisit
上海黃埔江4.MP4,d04c206971fabd1700ec11218d4cded9,2025-06-08 19:44:43,2025-04-16 07:35:18,25_2025Apr上海1stViisit
上海黃埔江5.MP4,d9ed8706f39c944897081d4725cc058f,2025-06-08 19:44:52,2025-04-16 07:37:00,25_2025Apr上海1stViisit
上海黃埔江6.MP4,f6d1562ada9b3502bc817247a1043940,2025-06-08 19:44:58,2025-04-16 07:38:06,25_2025Apr上海1stViisit
上海黃埔江7.MP4,1dee99ce39da08b02339c250fa7d7c0f,2025-06-08 19:45:00,2025-04-16 07:38:52,25_2025Apr上海1stViisit
上海黃埔江8.MP4,2c9974b3b8d15b9ddf202cba151455bc,2025-06-08 19:45:03,2025-04-16 07:39:20,25_2025Apr上海1stViisit
上海黃埔江9.MP4,f9dcfecc168b6a7c57053faaefc17aae,2025-06-08 19:45:05,2025-04-16 07:39:52,25_2025Apr上海1stViisit
上海黃埔江_view1.HEIC,cf80aa4fce5be870ea6fd3f1aecf0b1b,2025-06-08 19:51:08,2025-04-16 07:35:28,25_2025Apr上海1stViisit
上海黃埔江_view2.HEIC,b932d934c4b137b0d7b647d811ee852a,2025-06-08 19:51:08,2025-04-16 07:35:34,25_2025Apr上海1stViisit
上海黃埔江_view3.HEIC,863a53442ea6b80b1dc7fbe4fd440bd3,2025-06-08 19:51:09,2025-04-16 07:35:38,25_2025Apr上海1stViisit
上海黃埔江_view4.HEIC,fe3a8d645567249e4b9e0ef38755e852,2025-06-08 19:51:09,2025-04-16 07:44:42,25_2025Apr上海1stViisit
上海黃埔江_view5.HEIC,1367a71a965e7326237bd35ca519ac1a,2025-06-08 19:51:09,2025-04-16 07:44:50,25_2025Apr上海1stViisit
上海黃埔江_view6.HEIC,3d0ffeb6d2b2a98710263e62aa5cbc09,2025-06-08 19:51:09,2025-04-16 07:44:52,25_2025Apr上海1stViisit
上海黃埔江_view7.HEIC,cf1a8488c110d30e9df1934e5c721f13,2025-06-08 19:51:09,2025-04-16 08:10:02,25_2025Apr上海1stViisit
上海黃埔江_view8.HEIC,54c718c05f2a0d29e4739d31d24176d3,2025-06-08 19:51:09,2025-04-16 08:12:36,25_2025Apr上海1stViisit
上海黃埔江_view9.HEIC,6a17e9d051b3fb7b5a32d84b17de5158,2025-06-08 19:51:09,2025-04-16 08:18:02,25_2025Apr上海1stViisit
台灣_1.PNG,27585c6e6433aed07e715a45685ca3cd,2025-06-08 18:53:13,2025-03-25 21:27:34,90_2025May台灣
台灣_10.MP4,a6d80574906ee7a2fdff66b2c37f5944,2025-06-08 18:22:11,2025-05-19 02:22:32,90_2025May台灣
台灣_100.HEIC,95de23dd86e110c89ec374db46fb9e21,2025-06-08 18:53:19,2025-05-20 03:21:28,90_2025May台灣
台灣_101.MP4,8705232a8c3d21cd7ff8c78b52ad3fbb,2025-06-08 18:26:02,2025-05-20 03:23:02,90_2025May台灣
台灣_102.MP4,e0e5918747885b416d6a362d9c7eafac,2025-06-08 18:26:40,2025-05-20 03:24:00,90_2025May台灣
台灣_103.HEIC,675724f066d47f5933be9eba0db46987,2025-06-08 18:53:19,2025-05-20 03:30:02,90_2025May台灣
台灣_104.MP4,1f05dadd54d0f6c45849f659fa5cbb39,2025-06-08 18:26:52,2025-05-20 03:31:34,90_2025May台灣
台灣_105.MP4,9c1961197d3fc114c9146d25022f9ede,2025-06-08 18:27:24,2025-05-20 03:33:18,90_2025May台灣
台灣_106.HEIC,a97ece0888d2ddb0cae5ea2a313979c5,2025-06-08 18:53:19,2025-05-20 03:45:42,90_2025May台灣
台灣_107.HEIC,9fcd9419e10ca51efa5b1ee32ef7ad7c,2025-06-08 18:53:19,2025-05-20 03:45:44,90_2025May台灣
台灣_108.HEIC,bec5c291b60ecde5b0a4508cee5e5e33,2025-06-08 18:53:19,2025-05-20 04:07:50,90_2025May台灣
台灣_109.HEIC,37d2c264ce0fcc182163dfe435dc451f,2025-06-08 18:53:19,2025-05-20 04:08:04,90_2025May台灣
台灣_11.HEIC,3fced390ef08b4b4d3935e76aa91ec97,2025-06-08 18:53:14,2025-05-19 03:17:42,90_2025May台灣
台灣_110.HEIC,1be1a6ea77c524d1d6e0c4223dda3855,2025-06-08 18:53:19,2025-05-20 04:08:16,90_2025May台灣
台灣_111.HEIC,b6a12a2744ce52227c20089895682352,2025-06-08 18:53:19,2025-05-20 04:08:28,90_2025May台灣
台灣_112.HEIC,49efc536f79f724fd4b5b2bcdf585aec,2025-06-08 18:53:20,2025-05-20 04:09:02,90_2025May台灣
台灣_113.HEIC,377cc2b0a6a8892318e61da30062766a,2025-06-08 18:53:20,2025-05-20 04:17:18,90_2025May台灣
台灣_114.HEIC,fe200b34342e639370523aa2269465f4,2025-06-08 18:53:20,2025-05-20 04:17:30,90_2025May台灣
台灣_115.HEIC,0e3e82aa8987bca2055eea6db7a07ecf,2025-06-08 18:53:20,2025-05-20 04:18:02,90_2025May台灣
台灣_116.HEIC,246aba4e170a3ff46e7b90ca11485c6c,2025-06-08 18:53:20,2025-05-20 04:19:10,90_2025May台灣
台灣_117.HEIC,69668f5d7e403ce98682b8e0b7c521df,2025-06-08 18:53:20,2025-05-20 04:19:32,90_2025May台灣
台灣_118.heic,b3507a39973d7c31bd3387d68dc7a5f0,2025-06-08 18:53:20,2025-05-20 04:22:10,90_2025May台灣
台灣_119.MP4,7305474e31265d0330d852015cd3d430,2025-06-08 18:27:37,2025-05-20 04:40:08,90_2025May台灣
台灣_12.HEIC,aab2673c12c7315df28b98ac108fbce1,2025-06-08 18:53:14,2025-05-19 03:17:46,90_2025May台灣
台灣_120.HEIC,e136e9b2a53aa0a191cd5175674244c1,2025-06-08 18:53:20,2025-05-20 04:51:02,90_2025May台灣
台灣_121.HEIC,a1dc0cc3c2b3a5af41657484e4950453,2025-06-08 18:53:20,2025-05-20 04:51:16,90_2025May台灣
台灣_122.HEIC,93ce49aa25c64b2cde19d13d1ca9f458,2025-06-08 18:53:20,2025-05-20 04:52:14,90_2025May台灣
台灣_123.HEIC,1c001c2a6fee6e944c14e6474749bd12,2025-06-08 18:53:20,2025-05-20 04:54:32,90_2025May台灣
台灣_124.HEIC,7c8a3e860e376f9649213eb743bc5996,2025-06-08 18:53:20,2025-05-20 04:57:04,90_2025May台灣
台灣_125.MP4,6a3ee43192d06d0ed9921b7300ae7033,2025-06-08 18:27:53,2025-05-20 04:57:38,90_2025May台灣
台灣_126.HEIC,221667893d4a19eb3914eb57eaf9908e,2025-06-08 18:53:21,2025-05-20 04:59:38,90_2025May台灣
台灣_127.HEIC,54d7bb974554dc37db4bba48c4a27814,2025-06-08 18:53:21,2025-05-20 04:59:40,90_2025May台灣
台灣_128.MP4,d16ecb1b2cdc1d8863abb7fb9744c79f,2025-06-08 18:27:57,2025-05-20 05:00:02,90_2025May台灣
台灣_129.MP4,c986ce0d01af4b68fd2e83718cfc5cfb,2025-06-08 18:27:59,2025-05-20 05:04:36,90_2025May台灣
台灣_13.MOV,77debb256958477e3661ce54b1c1f819,2025-06-08 18:53:14,2025-05-19 03:18:32,90_2025May台灣
台灣_130.HEIC,215694f59f6a06fbc5d9e61b4c172bf2,2025-06-08 18:53:21,2025-05-20 05:15:02,90_2025May台灣
台灣_131.HEIC,e0badd4125e9df3e901bb96dda79d910,2025-06-08 18:53:21,2025-05-20 05:15:04,90_2025May台灣
台灣_132.HEIC,aa1df5a57a43994107d1a5a7897ba973,2025-06-08 18:53:21,2025-05-20 05:15:24,90_2025May台灣
台灣_133.HEIC,0323dbb0ec91b50503fb801a1d51e36f,2025-06-08 18:53:21,2025-05-20 05:15:30,90_2025May台灣
台灣_134.HEIC,da097f9058339e9067ee6c927df9a0e7,2025-06-08 18:53:21,2025-05-20 05:16:00,90_2025May台灣
台灣_135.HEIC,0264b7968a8d1feeb596a183a961f7f7,2025-06-08 18:53:21,2025-05-20 05:16:14,90_2025May台灣
台灣_136.MP4,60573ed428b292d26b4151952f45e2c5,2025-06-08 18:28:22,2025-05-20 05:16:16,90_2025May台灣
台灣_137.MP4,cccb10d09e3d022f43c58abd13e669a6,2025-06-08 18:29:29,2025-05-20 05:18:34,90_2025May台灣
台灣_138.MP4,f1aac01895ce9e0bfc4b35a73658dcbd,2025-06-08 18:29:49,2025-05-20 05:24:52,90_2025May台灣
台灣_139.HEIC,cc9b6d8b40e52a4e231e0e624a96eeec,2025-06-08 18:53:21,2025-05-20 05:28:42,90_2025May台灣
台灣_14.MP4,e069dba2f5731f815d02c2d057e98b50,2025-06-08 18:22:48,2025-05-19 03:21:20,90_2025May台灣
台灣_140.HEIC,11e08d7797f5841b1bfa738d66ae6f0c,2025-06-08 18:53:21,2025-05-20 05:29:26,90_2025May台灣
台灣_141.MP4,a99fe1bf365a608c1695bc5441dd79a9,2025-06-08 18:30:24,2025-05-20 05:40:16,90_2025May台灣
台灣_142.HEIC,a645cc9bf93c344a6d640c27374a78df,2025-06-08 18:53:21,2025-05-20 05:42:12,90_2025May台灣
台灣_143.HEIC,f51623f58bb60d648f32c7b4c5bfce4d,2025-06-08 18:53:22,2025-05-20 05:42:24,90_2025May台灣
台灣_144.HEIC,e07085d538f295ba1a8739f6be8554a6,2025-06-08 18:53:22,2025-05-20 05:42:40,90_2025May台灣
台灣_145.HEIC,bddf8f86ef42800da7b5f556b64bf991,2025-06-08 18:53:22,2025-05-20 05:42:48,90_2025May台灣
台灣_146.HEIC,6a2991d3bee53ec3ff072481d5ade526,2025-06-08 18:53:22,2025-05-20 05:42:56,90_2025May台灣
台灣_147.MP4,fc13930ddf8674468a79402a86e6cadd,2025-06-08 18:31:03,2025-05-20 05:45:46,90_2025May台灣
台灣_148.HEIC,4e12d4f797b3cfe3458c19eb0f588196,2025-06-08 18:53:22,2025-05-20 05:47:28,90_2025May台灣
台灣_149.HEIC,a507d70dedf9527dd02baabe9d9cd2e8,2025-06-08 18:53:22,2025-05-20 05:52:40,90_2025May台灣
台灣_15.HEIC,90073f8efb37bb5468b1afa76272c7b0,2025-06-08 18:53:14,2025-05-19 03:23:40,90_2025May台灣
台灣_150.HEIC,8087a74b3d2f20fbe12217d4dfc56f0a,2025-06-08 18:53:22,2025-05-20 06:04:16,90_2025May台灣
台灣_151.HEIC,209640752e20738bb28b37d06db833d0,2025-06-08 18:53:22,2025-05-20 06:04:20,90_2025May台灣
台灣_152.HEIC,d450ea0f3318e699b6271696c044fef4,2025-06-08 18:53:22,2025-05-20 06:17:24,90_2025May台灣
台灣_153.MP4,27125c74f065b888e76e2f9c67bbdccb,2025-06-08 18:31:32,2025-05-20 06:24:52,90_2025May台灣
台灣_154.HEIC,e189474729061fde8befc23855c5c462,2025-06-08 18:53:22,2025-05-20 06:25:36,90_2025May台灣
台灣_155.HEIC,4e7a83dff8a7700cc09e7d6370e3a780,2025-06-08 18:53:22,2025-05-20 06:25:52,90_2025May台灣
台灣_156.MP4,f857b549e3144d690466f97f3fc3df4b,2025-06-08 18:31:32,2025-05-20 06:26:40,90_2025May台灣
台灣_157.MP4,b67e86ba4b8546ea287d35883535344e,2025-06-08 18:31:33,2025-05-20 06:29:00,90_2025May台灣
台灣_158.MP4,6293905d350209fec8339ccf6440a46c,2025-06-08 18:31:36,2025-05-20 06:30:40,90_2025May台灣
台灣_159.MP4,81be768c647623dc52f1b6181c187c59,2025-06-08 18:31:37,2025-05-20 06:32:30,90_2025May台灣
台灣_16.HEIC,d105f7cf1488ccecef880c92db49faca,2025-06-08 18:53:14,2025-05-19 04:04:20,90_2025May台灣
台灣_160.MP4,3f2432f608cae79a065829ba36f34ad5,2025-06-08 18:31:37,2025-05-20 06:33:00,90_2025May台灣
台灣_161.MP4,733b40059df35dc914daa59bb60eb8b6,2025-06-08 18:31:42,2025-05-20 06:45:36,90_2025May台灣
台灣_162.MP4,2c13caf9c6905fe8215150c45508eb04,2025-06-08 18:32:02,2025-05-20 06:49:30,90_2025May台灣
台灣_163.MP4,656eb7089c6270a0fdf770c4d41b7216,2025-06-08 18:32:24,2025-05-20 06:51:42,90_2025May台灣
台灣_164.HEIC,eda3323e206b36408d40b454e9313e93,2025-06-08 18:53:22,2025-05-20 06:52:24,90_2025May台灣
台灣_165.HEIC,bb1b5313e24a33882fd40a33eb663316,2025-06-08 18:53:22,2025-05-20 06:52:38,90_2025May台灣
台灣_166.HEIC,738dbdfc3d8e8da47f79efa0b40d4dc1,2025-06-08 18:53:22,2025-05-20 06:52:50,90_2025May台灣
台灣_167.HEIC,78dacf5dc6883cfc2d007053648ed2bf,2025-06-08 18:53:22,2025-05-20 06:52:56,90_2025May台灣
台灣_168.HEIC,be7df07b705407e35481108cc02a7d3a,2025-06-08 18:53:22,2025-05-20 06:53:06,90_2025May台灣
台灣_169.HEIC,453f2094d71e81be5b573b5076fa5955,2025-06-08 18:53:22,2025-05-20 06:53:14,90_2025May台灣
台灣_17.HEIC,02cab5614cc3f2743b279d9fbfc4223d,2025-06-08 18:53:14,2025-05-19 04:04:32,90_2025May台灣
台灣_170.HEIC,bd3709119dbb5b1910fb36404b9178b8,2025-06-08 18:53:22,2025-05-20 06:53:18,90_2025May台灣
台灣_171.HEIC,e46ff4200cb16eb849993fecaf7ed0d2,2025-06-08 18:53:23,2025-05-20 06:53:56,90_2025May台灣
台灣_172.HEIC,11f8ca7f11e3e0cd0602d700a0f82173,2025-06-08 18:53:23,2025-05-20 06:54:20,90_2025May台灣
台灣_173.MP4,3462050b2550d72a3a27b43b9c4581a1,2025-06-08 18:32:32,2025-05-20 06:55:32,90_2025May台灣
台灣_174.MP4,d0758c54bca1bd127528c9207bf6ee43,2025-06-08 18:32:49,2025-05-20 07:14:14,90_2025May台灣
台灣_175.HEIC,73385d9f1bc09e642ef77653755b3421,2025-06-08 18:53:23,2025-05-20 08:03:26,90_2025May台灣
台灣_176.MP4,e1cd1da06f9a1e71444272190e24a34e,2025-06-08 18:33:18,2025-05-20 08:20:20,90_2025May台灣
台灣_177.MP4,341b3e9cade232b2746ac6d939f82539,2025-06-08 18:34:36,2025-05-20 08:33:12,90_2025May台灣
台灣_178.MP4,647788d47febe252c0987c83e61d3049,2025-06-08 18:35:47,2025-05-20 08:36:16,90_2025May台灣
台灣_179.MP4,2bd46b49c3c133127bf3973c85cdc446,2025-06-08 18:36:09,2025-05-20 08:43:44,90_2025May台灣
台灣_18.HEIC,73ad5277990c029e31e308974399b837,2025-06-08 18:53:14,2025-05-19 04:04:32,90_2025May台灣
台灣_180.MP4,be2616a967e606421d5851f6c6c27304,2025-06-08 18:36:48,2025-05-20 08:45:56,90_2025May台灣
台灣_181.HEIC,a0811f24ae9059448667555435470945,2025-06-08 17:09:41,2025-05-20 15:02:00,90_2025May台灣
台灣_182.HEIC,9f85a1fbf227db97b7d25dffb11c5b61,2025-06-08 17:09:41,2025-05-20 15:02:24,90_2025May台灣
台灣_183.HEIC,813c1fb3de1242e062c5950a658c5d9a,2025-06-08 17:09:41,2025-05-20 15:02:34,90_2025May台灣
台灣_184.HEIC,74d40c28af0452574352f3a8b966fc65,2025-06-08 17:09:42,2025-05-20 15:02:50,90_2025May台灣
台灣_185.HEIC,2238a7a193f4b6d1d1d863031be8a8a2,2025-06-08 17:09:42,2025-05-20 15:03:04,90_2025May台灣
台灣_186.HEIC,5c7c318dbb5ffd0bace12287e012fd6f,2025-06-08 17:09:42,2025-05-20 15:20:46,90_2025May台灣
台灣_187.HEIC,dcbe56497881c32bc27109dd55f43185,2025-06-08 17:09:43,2025-05-20 15:20:48,90_2025May台灣
台灣_188.HEIC,bc43669608fda8bc6352ffacbb07a4c0,2025-06-08 17:09:43,2025-05-20 16:08:00,90_2025May台灣
台灣_189.HEIC,d4148c9d819e0d84e2fa44930c8243f6,2025-06-08 17:09:43,2025-05-20 16:08:16,90_2025May台灣
台灣_19.HEIC,54a909155bec6053165a6a4a34b16c10,2025-06-08 18:53:15,2025-05-19 04:05:24,90_2025May台灣
台灣_190.HEIC,4c0f9b370eca60f1210bf11f16f7d9c8,2025-06-08 17:09:44,2025-05-20 16:08:44,90_2025May台灣
台灣_191.HEIC,b9425aa3666c3e84c420679eb38e340f,2025-06-08 17:09:44,2025-05-20 16:17:24,90_2025May台灣
台灣_192.HEIC,43783d69dcea580b10e6a9b26937ee79,2025-06-08 17:09:44,2025-05-20 17:36:48,90_2025May台灣
台灣_193.HEIC,d6ebdffdda9a3242c93e003c9856df8d,2025-06-08 17:09:44,2025-05-20 17:43:34,90_2025May台灣
台灣_194.HEIC,a19078ec1f5ef43321983395d29f9598,2025-06-08 17:09:45,2025-05-20 18:41:50,90_2025May台灣
台灣_195.HEIC,668b6b44710d7c0a2f1f605cfbcb818a,2025-06-08 17:09:45,2025-05-20 18:52:34,90_2025May台灣
台灣_196.HEIC,d852404cfeb954c9af5d034f0054c989,2025-06-08 17:09:45,2025-05-20 18:54:40,90_2025May台灣
台灣_197.HEIC,6e6ed7412808d1114bb25d127b527ca9,2025-06-08 17:09:46,2025-05-20 20:16:50,90_2025May台灣
台灣_198.HEIC,7f5d925391a66dbea08632bb7ded3239,2025-06-08 17:09:46,2025-05-20 20:17:02,90_2025May台灣
台灣_199.JPG,2ee8fa4bf2bf693ad943484e341a3ff2,2025-06-08 17:09:56,2025-05-20 22:29:24,90_2025May台灣
台灣_2.PNG,e20bdc9aa6be81f5e04297679afc07f8,2025-06-08 18:53:13,2025-04-01 08:53:06,90_2025May台灣
台灣_20.MP4,a4c5d15e4ca11701b7e50335a2fe5765,2025-06-08 18:22:50,2025-05-19 04:07:02,90_2025May台灣
台灣_200.HEIC,891a1c0de194ee439c1165d1b4bb9d63,2025-06-08 18:52:51,2025-05-20 22:52:24,90_2025May台灣
台灣_201.HEIC,68d759e344dfeb700e3b26a70c72ccc1,2025-06-08 18:52:51,2025-05-20 23:10:24,90_2025May台灣
台灣_202.HEIC,601ea28aa4eb6a58082b43266490efb7,2025-06-08 18:52:51,2025-05-20 23:27:44,90_2025May台灣
台灣_203.HEIC,d8a1a76eeb188346eda974fd76370d27,2025-06-08 18:52:51,2025-05-20 23:40:22,90_2025May台灣
台灣_204.HEIC,9a79c1733bc8aa68702b1ab376e6b748,2025-06-08 18:52:51,2025-05-21 00:42:24,90_2025May台灣
台灣_205.HEIC,d7f7d724aa7a6fba4e2587d1c0ba4a45,2025-06-08 18:52:51,2025-05-21 00:46:46,90_2025May台灣
台灣_206.HEIC,aeb918e4ac38f1dc67b30304e30e3784,2025-06-08 18:52:51,2025-05-21 00:59:48,90_2025May台灣
台灣_207.HEIC,ff79337f73119228d25c835464ff1d29,2025-06-08 18:52:51,2025-05-21 01:00:40,90_2025May台灣
台灣_208.MP4,0497dad6fea8d46973013cff6b709cf6,2025-06-08 18:37:12,2025-05-21 01:02:48,90_2025May台灣
台灣_209.MP4,32feb2d3efa0584219a180a7b7500083,2025-06-08 18:38:18,2025-05-21 01:07:22,90_2025May台灣
台灣_21.MP4,9fa6832d7f81150e265bb10bc0a3b5a1,2025-06-08 18:22:52,2025-05-19 04:08:52,90_2025May台灣
台灣_210.MP4,4983936bc5c4d6370cb7f4117907bbb9,2025-06-08 18:38:33,2025-05-21 01:09:34,90_2025May台灣
台灣_211.MP4,b2ee09e9ecd670a10d1844937c35b75a,2025-06-08 18:38:55,2025-05-21 01:18:30,90_2025May台灣
台灣_212.MP4,939c09e27af09ef530a835c32806d72a,2025-06-08 18:39:41,2025-05-21 01:21:46,90_2025May台灣
台灣_213.HEIC,d24ba3f6bf33675a974ca75fc022d56a,2025-06-08 18:52:51,2025-05-21 01:22:52,90_2025May台灣
台灣_214.HEIC,661a6c026d7e2b3e30ef2dc2c43410d2,2025-06-08 18:52:51,2025-05-21 01:22:56,90_2025May台灣
台灣_215.HEIC,f17a4819301434e59739606249c489c3,2025-06-08 18:52:51,2025-05-21 01:23:32,90_2025May台灣
台灣_216.MP4,0f919246f811f9983c686cfd6d1d47aa,2025-06-08 18:39:55,2025-05-21 01:25:24,90_2025May台灣
台灣_217.HEIC,32b8f8bf65c90b41e0e78169938b4e7d,2025-06-08 18:52:51,2025-05-21 01:36:18,90_2025May台灣
台灣_218.HEIC,f3d1b0cb2325fcbe98a8c141b0fd552e,2025-06-08 18:52:51,2025-05-21 01:36:28,90_2025May台灣
台灣_219.HEIC,7bfd0f25512e78d20723f331386322d9,2025-06-08 18:52:51,2025-05-21 01:37:54,90_2025May台灣
台灣_22.MP4,31ab1b00c7a7df01b82ea5eb12ee9a9d,2025-06-08 18:22:58,2025-05-19 04:59:16,90_2025May台灣
台灣_220.HEIC,7d37be1a5c362385b5d9103da9c3c402,2025-06-08 18:52:51,2025-05-21 01:37:56,90_2025May台灣
台灣_221.HEIC,455430e0d6ec8d21da8c959ef5a0703b,2025-06-08 18:52:52,2025-05-21 01:38:00,90_2025May台灣
台灣_222.HEIC,bb9208cf1b9f10a5465c890cc3e762f2,2025-06-08 18:52:52,2025-05-21 01:38:04,90_2025May台灣
台灣_223.MP4,863c1ae284272758e3654f5f5529ede5,2025-06-08 18:40:09,2025-05-21 01:47:22,90_2025May台灣
台灣_224.MP4,0977f271f472b2795f0ad8e1679a0d17,2025-06-08 18:40:09,2025-05-21 01:47:46,90_2025May台灣
台灣_225.HEIC,e505ec5725c3c29d04897ea6f5d21636,2025-06-08 18:52:52,2025-05-21 01:50:20,90_2025May台灣
台灣_226.HEIC,5104c7a15da29b61ca180fa89a4c273a,2025-06-08 18:52:52,2025-05-21 01:50:26,90_2025May台灣
台灣_227.HEIC,85da335567351faf47058ea267caab1e,2025-06-08 18:52:52,2025-05-21 01:50:38,90_2025May台灣
台灣_228.MP4,129b10d2997a40717b8dfe0cfb70d69c,2025-06-08 18:40:17,2025-05-21 02:26:20,90_2025May台灣
台灣_229.HEIC,15564600c3981b9efe5a5a82334583b0,2025-06-08 18:52:52,2025-05-21 02:40:38,90_2025May台灣
台灣_23.MP4,3c9c3481c59eab376fd7ff94a9fe65f9,2025-06-08 18:23:02,2025-05-19 05:02:20,90_2025May台灣
台灣_230.HEIC,0457e82faf22407a46041757627af0ae,2025-06-08 18:52:52,2025-05-21 03:06:20,90_2025May台灣
台灣_231.MP4,92402f17e0776a5de38b315e3867da79,2025-06-08 18:40:41,2025-05-21 03:15:24,90_2025May台灣
台灣_232.HEIC,27f4d3d1b828f6012f106efa90beebd4,2025-06-08 18:52:52,2025-05-21 05:44:26,90_2025May台灣
台灣_233.HEIC,96edf000a0f9d55e72203558911b1022,2025-06-08 18:52:52,2025-05-21 06:06:22,90_2025May台灣
台灣_234.MP4,6af48816f7af08a40859e88cb226db63,2025-06-08 18:40:46,2025-05-21 06:09:58,90_2025May台灣
台灣_235.MP4,309a63e4c44117cc19c759333642011e,2025-06-08 18:40:52,2025-05-21 06:11:56,90_2025May台灣
台灣_236.MP4,f948449f3c5a5c38e1e226389f1edff0,2025-06-08 18:41:01,2025-05-21 06:14:46,90_2025May台灣
台灣_237.HEIC,329b90253e717d21948c19bffb3f8a9f,2025-06-08 18:52:52,2025-05-21 06:32:58,90_2025May台灣
台灣_238.heic,32b6d8349472acade87aa242f6cb8b9e,2025-06-08 18:52:52,2025-05-21 06:33:12,90_2025May台灣
台灣_239.heic,80372119d88fba9c4cf79512946cffcf,2025-06-08 18:52:52,2025-05-21 06:33:22,90_2025May台灣
台灣_24.HEIC,567f6e19abe62a8b718b2014644d69c4,2025-06-08 18:53:15,2025-05-19 05:02:36,90_2025May台灣
台灣_240.MP4,d0a8480b83c1c9251ea1456a60968c02,2025-06-08 18:41:36,2025-05-21 06:34:22,90_2025May台灣
台灣_241.MP4,88ebc4f4d7992c4babab761c12c8db8c,2025-06-08 18:43:13,2025-05-21 06:36:54,90_2025May台灣
台灣_242.MP4,02b978595b99c55bf850dc2592882836,2025-06-08 18:43:32,2025-05-21 06:41:36,90_2025May台灣
台灣_243.MP4,8f30df4db33f5e9f0130ce7258fa7c15,2025-06-08 18:44:06,2025-05-21 06:49:56,90_2025May台灣
台灣_244.MP4,8707194040202338516dc3a3d28b3eb1,2025-06-08 18:44:53,2025-05-21 06:52:24,90_2025May台灣
台灣_245.HEIC,ac5a583dd1e506d4d56e64e8a51d4ee3,2025-06-08 18:52:52,2025-05-21 06:58:48,90_2025May台灣
台灣_246.MP4,5e7c4c1a456c56cd0b88c57eaf673178,2025-06-08 18:45:12,2025-05-21 06:59:42,90_2025May台灣
台灣_247.HEIC,a45da2ed2ab34a6c25ae1c78bb7f8896,2025-06-08 18:52:52,2025-05-21 07:31:24,90_2025May台灣
台灣_248.HEIC,df198fee1eef884a106cec488ee050e5,2025-06-08 18:52:52,2025-05-21 07:31:32,90_2025May台灣
台灣_249.HEIC,4aa280dffef9c8302d7b80e0619cfaa0,2025-06-08 18:52:52,2025-05-21 07:31:32,90_2025May台灣
台灣_25.HEIC,6db575a31b9197311c721a472f83ec15,2025-06-08 18:53:15,2025-05-19 05:03:30,90_2025May台灣
台灣_250.MP4,386787d68dc31f0a698f87dd18fbae93,2025-06-08 18:45:44,2025-05-21 07:34:30,90_2025May台灣
台灣_251.HEIC,44c32f1d35df550dc40e890dff4da293,2025-06-08 18:52:52,2025-05-21 07:44:10,90_2025May台灣
台灣_252.HEIC,59a223ca523f16007d99d5494644b67d,2025-06-08 18:52:53,2025-05-21 07:45:50,90_2025May台灣
台灣_253.HEIC,2d2b38d7c94e70756b267acf81c11080,2025-06-08 18:52:53,2025-05-21 07:45:52,90_2025May台灣
台灣_254.HEIC,bc75d888763363438e62f15bd46e1043,2025-06-08 18:52:53,2025-05-21 07:45:58,90_2025May台灣
台灣_255.HEIC,cb41f7d0b3de118b68ab1ae5409c884f,2025-06-08 18:52:53,2025-05-21 07:46:18,90_2025May台灣
台灣_256.MP4,99874a4a21685fd9737e49d47cd416f0,2025-06-08 18:46:07,2025-05-21 07:46:24,90_2025May台灣
台灣_257.HEIC,7f78574fed468b4b1ee929ec95819eb9,2025-06-08 18:52:53,2025-05-21 07:46:28,90_2025May台灣
台灣_258.HEIC,40cdddbb84902be59635a23339f0c6a6,2025-06-08 18:52:53,2025-05-21 07:46:44,90_2025May台灣
台灣_259.MP4,f04de269fa169b54a2fba319f83c1e9a,2025-06-08 18:47:04,2025-05-21 07:49:22,90_2025May台灣
台灣_26.HEIC,9d09cf912ffdf8f75dd6e88d697c0d22,2025-06-08 18:53:15,2025-05-19 05:04:42,90_2025May台灣
台灣_260.MP4,7070e84b959d10d2d3243fcfa9b21662,2025-06-08 18:47:10,2025-05-21 07:52:56,90_2025May台灣
台灣_261.MP4,ad5b1ea96c267325aea6356988bc8a26,2025-06-08 18:47:22,2025-05-21 07:57:08,90_2025May台灣
台灣_262.MP4,3c27b0b7b10fa6ff066d69e342843683,2025-06-08 18:47:38,2025-05-21 08:04:00,90_2025May台灣
台灣_263.MP4,8861c1d6e6de892119057e7d2a995a3b,2025-06-08 18:48:15,2025-05-21 08:06:48,90_2025May台灣
台灣_264.HEIC,09a34fbc3192d7987a0dc2a1143e63ad,2025-06-08 18:52:53,2025-05-21 08:25:08,90_2025May台灣
台灣_265.HEIC,beebcaecc24c7892403c47bc00b0ada7,2025-06-08 18:52:53,2025-05-21 08:25:26,90_2025May台灣
台灣_266.HEIC,97d6850087f53eb0a8ea155854bd2d7d,2025-06-08 18:52:53,2025-05-21 08:25:28,90_2025May台灣
台灣_267.HEIC,d3f3219cb10ed9f7927eeb7fac25cb15,2025-06-08 18:52:53,2025-05-21 08:25:40,90_2025May台灣
台灣_268.HEIC,275924d5ed15c9a26fadceaf6eef0085,2025-06-08 18:52:53,2025-05-21 08:25:48,90_2025May台灣
台灣_269.HEIC,a1e9116d410b58b3a9fcf68b90e39537,2025-06-08 18:52:53,2025-05-21 08:26:34,90_2025May台灣
台灣_27.HEIC,4fc74fe7c706e4ab22bd24609d26e718,2025-06-08 18:53:15,2025-05-19 05:04:54,90_2025May台灣
台灣_270.HEIC,9387a452024791af8cde27dfb21e6123,2025-06-08 18:52:53,2025-05-21 08:26:44,90_2025May台灣
台灣_271.MP4,11a8f24b24dd97c4d519bbf7e82c86b0,2025-06-08 18:48:51,2025-05-21 08:27:40,90_2025May台灣
台灣_272.MOV,111b8d48ff509e8429b7b71d182b4b89,2025-06-08 18:52:53,2025-05-21 08:28:22,90_2025May台灣
台灣_273.HEIC,002456ce84b4089d0d21d65f3eb37399,2025-06-08 18:52:54,2025-05-21 08:35:28,90_2025May台灣
台灣_274.HEIC,3345f3adadf82ba0d6438d2e14a694a7,2025-06-08 17:09:46,2025-05-21 11:10:50,90_2025May台灣
台灣_275.HEIC,fdda743d4de490367909968e8e595f0b,2025-06-08 17:09:47,2025-05-21 11:45:04,90_2025May台灣
台灣_276.HEIC,6bf21625a6edab8dace8a8ac2be65f60,2025-06-08 17:09:47,2025-05-21 12:42:30,90_2025May台灣
台灣_277.HEIC,4e22c5ff5d8e77d00b4cfbccdaab7449,2025-06-08 17:09:47,2025-05-21 12:47:10,90_2025May台灣
台灣_278.HEIC,8f5f9de29c45f11398e0ac09345b7c50,2025-06-08 17:09:48,2025-05-21 18:08:58,90_2025May台灣
台灣_279.HEIC,138606e9d901a6299af62e86c6ef5319,2025-06-08 17:09:48,2025-05-21 18:12:18,90_2025May台灣
台灣_28.MP4,c2a4b9de9a0a0f5e9bb91da6686e5f92,2025-06-08 18:23:13,2025-05-19 05:04:58,90_2025May台灣
台灣_280.HEIC,98e740226a6d5e701e8b2f26d9bc5069,2025-06-08 17:09:48,2025-05-21 19:31:02,90_2025May台灣
台灣_281.HEIC,6555e45c1abb3a563e838f04c322eda7,2025-06-08 17:09:49,2025-05-21 19:31:08,90_2025May台灣
台灣_282.HEIC,471a9e8780cf7d4508efa4bc60cb6dd6,2025-06-08 17:09:49,2025-05-21 19:31:36,90_2025May台灣
台灣_283.HEIC,6a54f24a611cff209e351821031d62f7,2025-06-08 18:52:54,2025-05-21 22:12:04,90_2025May台灣
台灣_284.HEIC,4a8637b0d23b3c5f07ab16f570c76775,2025-06-08 18:52:54,2025-05-21 22:12:20,90_2025May台灣
台灣_285.HEIC,902d5309bb0d610a72f7fc3fb5fe186f,2025-06-08 18:52:54,2025-05-21 22:12:24,90_2025May台灣
台灣_286.HEIC,d1d5b5b459c09fe4bd64d3703a6c0378,2025-06-08 18:52:54,2025-05-21 22:12:26,90_2025May台灣
台灣_287.HEIC,12bb49b0424fd2ac9d1189e513f07d2f,2025-06-08 18:52:54,2025-05-21 22:13:04,90_2025May台灣
台灣_288.HEIC,6777977046ffd19d08c592acbc07d2f1,2025-06-08 18:52:54,2025-05-21 22:13:40,90_2025May台灣
台灣_289.HEIC,24e9c0103d72549ff09b57c63b771d21,2025-06-08 18:52:54,2025-05-21 22:13:46,90_2025May台灣
台灣_29.HEIC,4f7d84d6830df7f2d504894846719184,2025-06-08 18:53:15,2025-05-19 05:05:26,90_2025May台灣
台灣_290.HEIC,f79ebc31b0ec9bbfe2f527beabecb5d9,2025-06-08 18:52:54,2025-05-21 22:13:54,90_2025May台灣
台灣_291.HEIC,36569a15817bd6584467ecb39c56975e,2025-06-08 18:52:54,2025-05-21 22:14:52,90_2025May台灣
台灣_292.HEIC,d96f0d3f617308a4b454f1d2555ed92d,2025-06-08 18:52:54,2025-05-21 22:19:08,90_2025May台灣
台灣_293.HEIC,2c22c29c9b432cf1497a7f4ec93ec87f,2025-06-08 18:52:54,2025-05-21 22:25:12,90_2025May台灣
台灣_294.HEIC,b5305aa8680fafecc8c6d00d1ed3e70a,2025-06-08 18:52:55,2025-05-21 22:26:36,90_2025May台灣
台灣_295.HEIC,e0d9f0ab0f1667060d77293d69af35ab,2025-06-08 18:52:55,2025-05-21 22:41:26,90_2025May台灣
台灣_296.MP4,d938fe12c585c778c4b035530433af61,2025-06-08 18:50:51,2025-05-21 22:47:24,90_2025May台灣
台灣_297.MP4,6f4bf823c368239d24eb2819b95f5eb7,2025-06-08 18:50:58,2025-05-21 22:49:16,90_2025May台灣
台灣_298.MP4,523c552deab1a0f6bf92901a7c69ae16,2025-06-08 18:51:07,2025-05-21 22:52:10,90_2025May台灣
台灣_299.heic,0130f12664592547741b6d96f45e70b5,2025-06-08 18:52:55,2025-05-21 22:52:18,90_2025May台灣
台灣_3.HEIC,5b55e83e51e3852fafac1ed854de90af,2025-06-08 18:53:13,2025-05-19 01:17:46,90_2025May台灣
台灣_30.HEIC,54f6606d80321b89612f25a792ba1e48,2025-06-08 18:53:15,2025-05-19 05:05:42,90_2025May台灣
台灣_300.HEIC,bc5e555ee4915358a9de1e0cdbe93991,2025-06-08 18:52:55,2025-05-21 22:53:22,90_2025May台灣
台灣_301.HEIC,9212fde6d28186d296fe2f3f2f58edea,2025-06-08 18:52:55,2025-05-21 22:53:38,90_2025May台灣
台灣_302.HEIC,54c6afaa047046b6f61cabbd1f76400e,2025-06-08 18:52:55,2025-05-21 22:54:06,90_2025May台灣
台灣_303.HEIC,3bced7bf09b1a474451b6150ef7a77d2,2025-06-08 18:52:55,2025-05-21 22:59:18,90_2025May台灣
台灣_304.MP4,006d4d3ba7f1d424c9dd4e4eadccc1fe,2025-06-08 18:51:23,2025-05-21 23:02:28,90_2025May台灣
台灣_305.HEIC,31dc8b20778c78a38ccf99e557b7f2fd,2025-06-08 18:52:55,2025-05-21 23:04:44,90_2025May台灣
台灣_306.HEIC,a6b30826134770c2de630fda9fcdfd1a,2025-06-08 18:52:55,2025-05-21 23:08:30,90_2025May台灣
台灣_307.HEIC,f40732fcc9547d676ab5bbec373e4792,2025-06-08 18:52:56,2025-05-21 23:08:36,90_2025May台灣
台灣_308.HEIC,b0bb7a8d8b7686519dfa774e34faf888,2025-06-08 18:52:56,2025-05-21 23:09:32,90_2025May台灣
台灣_309.HEIC,2e6e26bc246858f92bb8d208036f0bfb,2025-06-08 18:52:56,2025-05-21 23:09:42,90_2025May台灣
台灣_31.HEIC,c92aa4a33daf405121db1c8686e307bf,2025-06-08 18:53:15,2025-05-19 05:05:54,90_2025May台灣
台灣_310.HEIC,cb3b386e7711f638fc32cd26fe6d68fb,2025-06-08 18:52:56,2025-05-21 23:09:56,90_2025May台灣
台灣_311.HEIC,f8febcd2c9f521e28d080f2792560103,2025-06-08 18:52:56,2025-05-21 23:10:22,90_2025May台灣
台灣_312.HEIC,49764076d00b8c485b8e08e4f9f3b901,2025-06-08 18:52:56,2025-05-21 23:10:46,90_2025May台灣
台灣_313.MP4,b3d073594bdc4abc076fb33e372489c2,2025-06-08 18:51:36,2025-05-21 23:11:20,90_2025May台灣
台灣_314.HEIC,84f8501a050a4b6baa3e7923cd59a3e2,2025-06-08 18:52:56,2025-05-21 23:12:06,90_2025May台灣
台灣_315.MP4,c6a7f58a43ca9c71e5cbdd5649a972ec,2025-06-08 18:51:40,2025-05-21 23:25:44,90_2025May台灣
台灣_316.MP4,3cb940073878af3b93a268a0e1d9ffa0,2025-06-08 18:51:43,2025-05-21 23:26:58,90_2025May台灣
台灣_317.HEIC,0f9980f86088f341e143fd090e5fb7f8,2025-06-08 18:52:56,2025-05-21 23:29:46,90_2025May台灣
台灣_318.HEIC,41db51676811712526ed6565938b0124,2025-06-08 18:52:56,2025-05-21 23:29:54,90_2025May台灣
台灣_319.MP4,29c757c25c1b3896c2bf6f6243fda087,2025-06-08 18:51:47,2025-05-21 23:30:10,90_2025May台灣
台灣_32.HEIC,e281f4ac51cd8a284c8ebe42ca7a8693,2025-06-08 18:53:15,2025-05-19 05:06:06,90_2025May台灣
台灣_320.HEIC,a1433cf3eed2dc7b5b32ba6bb3601a66,2025-06-08 18:52:56,2025-05-21 23:30:46,90_2025May台灣
台灣_321.HEIC,0f62b44aa15549b9523a14d24909eb33,2025-06-08 18:52:56,2025-05-21 23:31:34,90_2025May台灣
台灣_322.HEIC,f9cdc2ba6e84d71d85b295af0c9d5830,2025-06-08 18:52:56,2025-05-21 23:32:36,90_2025May台灣
台灣_323.HEIC,2e677c5c501bcc5a70014adfb937220e,2025-06-08 18:52:56,2025-05-21 23:34:12,90_2025May台灣
台灣_324.HEIC,164120028170add63e55a2d31537fd19,2025-06-08 18:52:57,2025-05-21 23:34:16,90_2025May台灣
台灣_325.MP4,bf7cf1ea0f834816e18f6196c6dde726,2025-06-08 18:51:55,2025-05-21 23:44:58,90_2025May台灣
台灣_326.HEIC,176c451b025251aa0378676dc13fec2f,2025-06-08 18:52:57,2025-05-21 23:46:22,90_2025May台灣
台灣_327.HEIC,82071ddb54fda063c47a34fa7a20927f,2025-06-08 18:52:57,2025-05-21 23:47:24,90_2025May台灣
台灣_328.HEIC,4fc0b5d8a57ea59be3ac7ddec0cfd72b,2025-06-08 18:52:57,2025-05-21 23:47:34,90_2025May台灣
台灣_329.HEIC,bbab1072ee07a4094a4a6f739cf12db0,2025-06-08 18:52:57,2025-05-21 23:47:54,90_2025May台灣
台灣_33.HEIC,2ec54bc01551769a29bc84e428a895b0,2025-06-08 18:53:15,2025-05-19 05:06:26,90_2025May台灣
台灣_330.HEIC,c0f300e02f0736353caa523e078ca464,2025-06-08 18:52:57,2025-05-21 23:48:12,90_2025May台灣
台灣_331.HEIC,5f689f7fdc357d0dafd23918e3054405,2025-06-08 18:52:57,2025-05-21 23:48:34,90_2025May台灣
台灣_332.HEIC,aca7b9c47870723308fae204c1c11ff4,2025-06-08 18:52:57,2025-05-21 23:49:06,90_2025May台灣
台灣_333.HEIC,43b018233279947d1598276c5f7a1f80,2025-06-08 18:52:57,2025-05-21 23:49:44,90_2025May台灣
台灣_334.HEIC,b67cbf72f8292f0b69d855ab64f93004,2025-06-08 18:52:57,2025-05-22 00:01:46,90_2025May台灣
台灣_335.HEIC,fc9dcb89e3afcbbc43b476a423f330b8,2025-06-08 18:52:57,2025-05-22 00:16:00,90_2025May台灣
台灣_336.HEIC,4d8085aedc50160a163d5187f78ac9f7,2025-06-08 18:52:57,2025-05-22 00:16:10,90_2025May台灣
台灣_337.PNG,70314c02cd495e7ca9b471dadc32ad75,2025-06-08 18:52:57,2025-05-22 00:46:10,90_2025May台灣
台灣_338.PNG,0ff35b92e75cedb96a69aec75f149c0d,2025-06-08 18:52:57,2025-05-22 00:46:26,90_2025May台灣
台灣_339.HEIC,6fd96ee3d4d909b05bcd8d3975a66b31,2025-06-08 18:52:57,2025-05-22 00:55:12,90_2025May台灣
台灣_34.HEIC,7ffc6f4d399e4b4bdd6cdcda3d9dcfbc,2025-06-08 18:53:15,2025-05-19 05:06:34,90_2025May台灣
台灣_340.HEIC,381ff11f4021e42593285648aa76e5b5,2025-06-08 18:52:57,2025-05-22 00:55:18,90_2025May台灣
台灣_341.HEIC,7e214fefb393cb041d85fedcc1e8bdb3,2025-06-08 18:52:57,2025-05-22 01:00:08,90_2025May台灣
台灣_342.MP4,88ff95e5f1b0ce8bb79d96c90c1c3e37,2025-06-08 18:52:07,2025-05-22 01:06:16,90_2025May台灣
台灣_343.MP4,47b8d5e752e25dbcb29899b8eac75a4f,2025-06-08 18:52:08,2025-05-22 01:06:46,90_2025May台灣
台灣_344.MP4,aa810a906dba9d10729f8dea1b70b97e,2025-06-08 18:52:10,2025-05-22 01:07:16,90_2025May台灣
台灣_345.MP4,1847d13faeb220ece583ec68d9138979,2025-06-08 18:52:13,2025-05-22 01:09:56,90_2025May台灣
台灣_346.MP4,1916b088a75fb70fc48c73bc6b962845,2025-06-08 18:52:20,2025-05-22 01:15:30,90_2025May台灣
台灣_347.heic,6b0fc7c142439800f21c0e8add442394,2025-06-08 18:52:58,2025-05-22 01:15:42,90_2025May台灣
台灣_348.HEIC,ed3f688785aad863eb99a1349f202fa2,2025-06-08 18:52:58,2025-05-22 01:20:18,90_2025May台灣
台灣_349.HEIC,c5899c2d5eaa9c9ac77bdbb202a5165b,2025-06-08 18:52:58,2025-05-22 01:24:02,90_2025May台灣
台灣_35.HEIC,7659fb93c8fc37198f333fe6c9fc9bfa,2025-06-08 18:53:16,2025-05-19 05:06:48,90_2025May台灣
台灣_350.HEIC,ef7fd9558c9896ed3190c7a0d37ecfc6,2025-06-08 18:52:58,2025-05-22 01:24:12,90_2025May台灣
台灣_351.HEIC,95f5c032871307bd1342d27bd26c2e24,2025-06-08 18:52:58,2025-05-22 01:24:32,90_2025May台灣
台灣_352.HEIC,573ca5d18f05ccef95d7c52b53ddfba7,2025-06-08 18:52:58,2025-05-22 01:26:16,90_2025May台灣
台灣_353.HEIC,e3ad338f52e2222628a2b413b2e6bf2f,2025-06-08 18:52:58,2025-05-22 01:26:24,90_2025May台灣
台灣_354.HEIC,48b76397d752966ba56db503fdca4565,2025-06-08 18:52:58,2025-05-22 01:26:26,90_2025May台灣
台灣_355.HEIC,f8cd4ebd485aeac19db5649ea2cd1675,2025-06-08 18:52:58,2025-05-22 01:26:56,90_2025May台灣
台灣_356.HEIC,99beeb556ef9cbb90a0835e815615f4b,2025-06-08 18:52:58,2025-05-22 02:16:06,90_2025May台灣
台灣_357.MP4,a7548db4c568caf73ff671ba2cc5a154,2025-06-08 18:52:30,2025-05-22 02:26:32,90_2025May台灣
台灣_358.MP4,ed62249ef29b0382cb525b3911b3434d,2025-06-08 18:52:38,2025-05-22 02:27:40,90_2025May台灣
台灣_359.HEIC,f9e4d1ee49b0fe9f77200ebdef307c33,2025-06-08 18:52:58,2025-05-22 02:28:12,90_2025May台灣
台灣_36.MP4,809eb0dac4aeeeca758352537a678fba,2025-06-08 18:23:19,2025-05-19 06:13:26,90_2025May台灣
台灣_360.HEIC,33605b980066567b6a0aede2bcdf0f1c,2025-06-08 18:52:59,2025-05-22 02:28:18,90_2025May台灣
台灣_361.HEIC,27589d2dd3f99d952562663fc1029f9e,2025-06-08 18:52:59,2025-05-22 02:28:22,90_2025May台灣
台灣_362.HEIC,83ce453ef0a2caa1a77f4dfc7718999d,2025-06-08 18:52:59,2025-05-22 02:28:38,90_2025May台灣
台灣_363.MP4,2d76ff675f73c442ff179909158539c9,2025-06-08 18:52:41,2025-05-22 02:28:46,90_2025May台灣
台灣_364.HEIC,f17fb54cb69526f28fc62950a3263e47,2025-06-08 18:52:59,2025-05-22 02:33:12,90_2025May台灣
台灣_365.HEIC,9956b92315d20791555eee71024326c4,2025-06-08 18:52:59,2025-05-22 02:33:26,90_2025May台灣
台灣_366.HEIC,b0dd60227ae23f16a7658664f13893f1,2025-06-08 18:52:59,2025-05-22 02:33:30,90_2025May台灣
台灣_367.HEIC,b79898e7e61df957430e322fd0354626,2025-06-08 18:52:59,2025-05-22 02:33:56,90_2025May台灣
台灣_368.MP4,9404e1c48d27dfbef87d103d776775f5,2025-06-08 18:52:44,2025-05-22 02:34:22,90_2025May台灣
台灣_369.HEIC,cb80237582f0e29cf8ce7e2a69d4a33e,2025-06-08 18:52:59,2025-05-22 02:35:14,90_2025May台灣
台灣_37.HEIC,ec40f039bfc5eadad25c6397b42874e4,2025-06-08 18:53:16,2025-05-19 06:45:12,90_2025May台灣
台灣_370.HEIC,6f65337c873e89186153190da685594b,2025-06-08 18:52:59,2025-05-22 02:35:22,90_2025May台灣
台灣_371.HEIC,067c06cce939ca7db07d3efc073d4072,2025-06-08 18:52:59,2025-05-22 02:35:48,90_2025May台灣
台灣_372.HEIC,8442437d58c86b394418494143beec28,2025-06-08 18:52:59,2025-05-22 02:35:56,90_2025May台灣
台灣_373.MP4,f9274bb69111000bedd39280d3e4c37f,2025-06-08 18:52:47,2025-05-22 02:36:02,90_2025May台灣
台灣_374.HEIC,b0ea54482cbb8e6e406b23af6884166d,2025-06-08 18:52:59,2025-05-22 02:38:02,90_2025May台灣
台灣_375.HEIC,afa9b8ee120a6ffd96295f700a95c034,2025-06-08 18:52:59,2025-05-22 02:38:14,90_2025May台灣
台灣_376.HEIC,3d5c2cf43b7babc473be67d208f91f43,2025-06-08 18:53:00,2025-05-22 02:46:36,90_2025May台灣
台灣_377.HEIC,c5b1769321ac7cf1ecbb847fa75c0b60,2025-06-08 18:53:00,2025-05-22 02:47:24,90_2025May台灣
台灣_378.HEIC,8f3f16bd0658ba5f9536c3e978decc5d,2025-06-08 18:53:00,2025-05-22 03:13:10,90_2025May台灣
台灣_379.HEIC,c8c050c0e1a30262ea02d9901bae072e,2025-06-08 18:53:00,2025-05-22 03:13:14,90_2025May台灣
台灣_38.HEIC,e7cb729b258aa8688f8b0bdab9ab405d,2025-06-08 18:53:16,2025-05-19 06:45:16,90_2025May台灣
台灣_380.HEIC,9a2b982f76ad9bc4883c2609722e74d5,2025-06-08 18:53:00,2025-05-22 03:22:36,90_2025May台灣
台灣_381.HEIC,e0332964a122230432577d0c43b42cd9,2025-06-08 18:53:00,2025-05-22 03:22:42,90_2025May台灣
台灣_382.HEIC,ef8ca32ab6eed0bc1e00d0ec332eed17,2025-06-08 18:53:00,2025-05-22 03:23:40,90_2025May台灣
台灣_383.PNG,5335a243dcb51a0681799212526f05f0,2025-06-08 18:53:00,2025-05-22 05:04:44,90_2025May台灣
台灣_384.HEIC,e7e14c98e3479626861d657af63f9a30,2025-06-08 18:53:00,2025-05-22 05:50:54,90_2025May台灣
台灣_385.PNG,dca22b24d58b6faa01016fed3d1b71f4,2025-06-08 18:53:00,2025-05-22 06:54:46,90_2025May台灣
台灣_386.HEIC,ad223d3ccc3f77d6d644e85a876f96ee,2025-06-08 17:09:49,2025-05-22 11:41:56,90_2025May台灣
台灣_387.HEIC,988983adc71b404bf2868f8b6f2d61f3,2025-06-08 17:09:50,2025-05-22 11:41:58,90_2025May台灣
台灣_388.HEIC,f3c0107d01ea3a9debf44b4e801c1cae,2025-06-08 17:09:50,2025-05-22 11:42:24,90_2025May台灣
台灣_389.HEIC,239461c30b166287a83098c374684dc6,2025-06-08 17:09:50,2025-05-22 11:42:40,90_2025May台灣
台灣_39.HEIC,2ae0287020df5b8177c353a1e3a90bc3,2025-06-08 18:53:16,2025-05-19 06:52:26,90_2025May台灣
台灣_390.HEIC,291cc2f685d3c44a3096870d6794302b,2025-06-08 17:09:51,2025-05-22 11:48:12,90_2025May台灣
台灣_391.HEIC,8dbad29bba439eb9ab7b50eb556301c2,2025-06-08 17:09:51,2025-05-22 11:48:18,90_2025May台灣
台灣_392.HEIC,ef8b76bf304d275a3b9e69a57280a4cc,2025-06-08 17:09:51,2025-05-22 11:48:20,90_2025May台灣
台灣_393.HEIC,640fc9e51a6f77119a598eaa3cc6d385,2025-06-08 17:09:52,2025-05-22 11:49:52,90_2025May台灣
台灣_394.HEIC,530b9216300c8c298253d5bf9e78c22f,2025-06-08 17:09:52,2025-05-22 11:51:16,90_2025May台灣
台灣_395.HEIC,a58c5feeb3053a1dc05039d5fdf71d27,2025-06-08 17:09:52,2025-05-22 13:25:30,90_2025May台灣
台灣_396.HEIC,666fc0d801324db1285762ae1ee4c66e,2025-06-08 17:09:53,2025-05-22 13:25:52,90_2025May台灣
台灣_397.HEIC,105659ad98b927ab4fb57d96d9d76773,2025-06-08 17:09:53,2025-05-22 14:26:42,90_2025May台灣
台灣_398.HEIC,3f40706456d220cac74f3bf40e44fbe3,2025-06-08 17:09:53,2025-05-22 14:26:52,90_2025May台灣
台灣_399.HEIC,5759728b5f237b893ab0fa1fbcd757eb,2025-06-08 17:09:53,2025-05-22 14:27:08,90_2025May台灣
台灣_4.JPG,6f1d0d77b0d1bc95ee44fba8c1718d1e,2025-06-08 18:21:53,2025-05-19 01:19:58,90_2025May台灣
台灣_40.HEIC,5702746758082eb61d492065d5417743,2025-06-08 18:53:16,2025-05-19 07:15:56,90_2025May台灣
台灣_400.HEIC,039a1cdf0a584ab40faa627497123394,2025-06-08 17:09:54,2025-05-22 14:27:12,90_2025May台灣
台灣_401.HEIC,5b2801287e2457aad41837d956602a8b,2025-06-08 17:09:54,2025-05-22 14:34:28,90_2025May台灣
台灣_402.HEIC,d0de94b7043597d765cb6c76cc13b431,2025-06-08 17:09:54,2025-05-22 14:34:34,90_2025May台灣
台灣_403.HEIC,ae06e00fff946bc3915a2581ac5f7b74,2025-06-08 17:09:55,2025-05-22 14:34:50,90_2025May台灣
台灣_404.HEIC,5516ccc434343413cfd6680167b1a8b4,2025-06-08 18:53:00,2025-05-22 19:01:48,90_2025May台灣
台灣_405.HEIC,3292522cb60c110e358ab4c887952d68,2025-06-08 18:53:00,2025-05-22 19:02:06,90_2025May台灣
台灣_406.HEIC,50a313f91df0a5840cd56509016eba0a,2025-06-08 18:53:00,2025-05-22 19:02:18,90_2025May台灣
台灣_407.HEIC,cc1c5c7e77301fe14e4827851d031d11,2025-06-08 18:53:00,2025-05-22 19:02:52,90_2025May台灣
台灣_408.HEIC,06a9c5f7974a1185fd89b688ac72aa9d,2025-06-08 18:53:00,2025-05-22 23:54:04,90_2025May台灣
台灣_409.HEIC,4fa79b7d9e985f3997511d216bf697a4,2025-06-08 18:53:00,2025-05-22 23:54:48,90_2025May台灣
台灣_41.HEIC,2d87588991a48fddfffb9984953129ad,2025-06-08 18:53:16,2025-05-19 07:15:58,90_2025May台灣
台灣_410.HEIC,754d83caf7aee48b9b069ee731bbac10,2025-06-08 18:53:01,2025-05-22 23:55:02,90_2025May台灣
台灣_411.HEIC,7201290e6bb7e9031302f2f1a13ef549,2025-06-08 18:53:01,2025-05-22 23:55:30,90_2025May台灣
台灣_412.HEIC,dfdb637c22294239b86e4a2403b9b221,2025-06-08 18:53:01,2025-05-22 23:55:50,90_2025May台灣
台灣_413.HEIC,ffe3c37566ebc4ccd2ffafa9c2fd0d99,2025-06-08 18:53:01,2025-05-22 23:56:02,90_2025May台灣
台灣_414.HEIC,ec8d39f1472df46d663293cb2fa69e4e,2025-06-08 18:53:01,2025-05-22 23:59:50,90_2025May台灣
台灣_415.HEIC,ce116c968145514ed18f235b5eb47a15,2025-06-08 18:53:01,2025-05-23 00:05:08,90_2025May台灣
台灣_416.HEIC,77d227419cb7333cab6d6cfb863f57f6,2025-06-08 18:53:01,2025-05-23 00:05:18,90_2025May台灣
台灣_417.HEIC,3a5bc6224da21a02cc4b6bb616a7bd20,2025-06-08 18:53:01,2025-05-23 00:09:24,90_2025May台灣
台灣_418.HEIC,dd0d18487ad2b92b65f91e95922fe6c6,2025-06-08 18:53:01,2025-05-23 00:09:32,90_2025May台灣
台灣_419.HEIC,b0fa5a662b2466418ee51b96b2dc1d6c,2025-06-08 18:53:01,2025-05-23 00:10:42,90_2025May台灣
台灣_42.HEIC,63d0d700b1622bfbd8158e3fc7663ae0,2025-06-08 18:53:16,2025-05-19 07:24:24,90_2025May台灣
台灣_420.HEIC,f9a4888f53094df878d523b48da0782f,2025-06-08 18:53:01,2025-05-23 00:10:58,90_2025May台灣
台灣_421.HEIC,fd2e1d77e2686dfe2de5199e90101cb6,2025-06-08 18:53:01,2025-05-23 00:11:36,90_2025May台灣
台灣_422.MOV,ca6cce6697cd2e353c4f028692e33731,2025-06-08 18:53:01,2025-05-23 00:11:46,90_2025May台灣
台灣_423.MOV,33a8766c098c84db9804b68ea761f896,2025-06-08 18:53:03,2025-05-23 00:12:38,90_2025May台灣
台灣_424.MOV,08e8ee313e8edcf91ff9419ad4e5fb36,2025-06-08 18:53:04,2025-05-23 00:14:58,90_2025May台灣
台灣_425.MOV,0fd18a37cf65789ae545f77520ce77e3,2025-06-08 18:53:05,2025-05-23 00:15:28,90_2025May台灣
台灣_426.MOV,7dd42cd8d25f5a8aabd56d3c5c3ae03a,2025-06-08 18:53:05,2025-05-23 00:16:50,90_2025May台灣
台灣_427.MOV,61a5a9584eb89ae5a79acd8dc30787b3,2025-06-08 18:53:06,2025-05-23 00:17:38,90_2025May台灣
台灣_428.MOV,f93e3a2884e9c4f2616053ebfd96be69,2025-06-08 18:53:06,2025-05-23 00:18:24,90_2025May台灣
台灣_429.MOV,d50f4f7bb6d8a97f683dfd916b230d72,2025-06-08 18:53:07,2025-05-23 00:20:28,90_2025May台灣
台灣_43.HEIC,056f5b1272d2b054ddf4ef9f34cc6de2,2025-06-08 18:53:16,2025-05-19 07:25:58,90_2025May台灣
台灣_430.MOV,040fbfe6c3707b9f0569821eb322bb89,2025-06-08 18:53:08,2025-05-23 00:21:32,90_2025May台灣
台灣_431.MOV,f3950c9c58b5f07c3feced4127e2821c,2025-06-08 18:53:09,2025-05-23 00:23:04,90_2025May台灣
台灣_432.MOV,9ec4d5d7fd711f2daed5d73461843ac1,2025-06-08 18:53:10,2025-05-23 00:34:22,90_2025May台灣
台灣_433.HEIC,063b17d7fd63ee559d30b3dd994085b5,2025-06-08 18:53:12,2025-05-23 00:46:18,90_2025May台灣
台灣_434.HEIC,1840155062ebb0ef7a6eba2f244d125e,2025-06-08 18:53:12,2025-05-23 00:46:48,90_2025May台灣
台灣_435.HEIC,58c67205cc4e509c6b6bc17503ef72b8,2025-06-08 18:53:12,2025-05-23 00:46:54,90_2025May台灣
台灣_436.HEIC,bdb1721638a43a3b0eee10ca845b43da,2025-06-08 18:53:12,2025-05-23 00:51:48,90_2025May台灣
台灣_437.HEIC,0449c1080952b08c1495ece5ea37321f,2025-06-08 18:53:12,2025-05-23 00:51:52,90_2025May台灣
台灣_438.HEIC,2d915b1b4de246a5a58fa6806411d60c,2025-06-08 18:53:12,2025-05-23 00:53:42,90_2025May台灣
台灣_439.HEIC,58f4c000b418630b40761409058cc44b,2025-06-08 18:53:12,2025-05-23 00:53:54,90_2025May台灣
台灣_44.HEIC,07a6ce48115a7fa00a5e2041ac16cc64,2025-06-08 17:09:36,2025-05-19 14:13:16,90_2025May台灣
台灣_440.HEIC,ffca8aa1bea8f998129efb312737b495,2025-06-08 18:53:12,2025-05-23 00:56:30,90_2025May台灣
台灣_441.HEIC,afd7405150eaa72c7ed7846b9c93ce98,2025-06-08 18:53:12,2025-05-23 01:01:32,90_2025May台灣
台灣_442.HEIC,1d6c25ab2c732f68f9b80cba9920ecfe,2025-06-08 18:53:12,2025-05-23 01:09:34,90_2025May台灣
台灣_443.HEIC,669125e77a2133320d458eea23dba987,2025-06-08 18:53:12,2025-05-23 02:14:10,90_2025May台灣
台灣_444.HEIC,d2ed9ccc14bcc8381d7de6d629c98844,2025-06-08 18:53:12,2025-05-23 02:14:20,90_2025May台灣
台灣_445.HEIC,958943ea0ef79627956a7860229b0d63,2025-06-08 18:53:12,2025-05-23 02:14:24,90_2025May台灣
台灣_446.HEIC,36d0599f58547b26ed333a65177c6687,2025-06-08 18:53:12,2025-05-23 02:15:46,90_2025May台灣
台灣_447.HEIC,d571b021dd0ed6ceca789cfef625447a,2025-06-08 18:53:12,2025-05-23 02:15:58,90_2025May台灣
台灣_448.HEIC,b6dc6c895f48c0abd673397053c3c234,2025-06-08 18:53:12,2025-05-23 02:16:06,90_2025May台灣
台灣_449.HEIC,a83ad6c5d9416c3642da22cda56e4fcb,2025-06-08 18:53:12,2025-05-23 02:16:16,90_2025May台灣
台灣_45.HEIC,9e959725e19e42c17b0751946a651091,2025-06-08 17:09:36,2025-05-19 14:15:36,90_2025May台灣
台灣_450.MOV,1ecd82c2a9acbda4c6cb9e27808386ce,2025-06-08 18:53:12,2025-05-23 02:33:46,90_2025May台灣
台灣_451.HEIC,fcbd29930fc8d20fe8eda02c8e90be40,2025-06-08 18:53:13,2025-05-23 03:17:32,90_2025May台灣
台灣_452.HEIC,bda4379365a6c1d74d1560130f5999e5,2025-06-08 18:53:13,2025-05-23 03:17:50,90_2025May台灣
台灣_453.HEIC,186ac40288c5c4bf52f58a11aa4e7fe4,2025-06-08 18:53:13,2025-05-23 03:18:26,90_2025May台灣
台灣_454.HEIC,e0af0c39e7c5177f7a1a02eb5134ce7b,2025-06-08 18:53:13,2025-05-23 03:58:42,90_2025May台灣
台灣_455.HEIC,6a511146d9fd08b8c9e26b983613830b,2025-06-08 18:53:13,2025-05-23 03:59:06,90_2025May台灣
台灣_456.HEIC,a3cbe8a5bed2b9015acd0e39bedd4c71,2025-06-08 18:53:13,2025-05-23 03:59:38,90_2025May台灣
台灣_457.HEIC,e94473a82e3d0f859c353add532f461e,2025-06-08 18:53:13,2025-05-23 09:10:18,90_2025May台灣
台灣_458.HEIC,de3ddb6f52bf27ab061903176fc86424,2025-06-08 18:53:13,2025-05-23 09:10:24,90_2025May台灣
台灣_459.HEIC,3cc6b75a05efa83cb0a621fe2919be38,2025-06-08 17:09:55,2025-05-23 12:13:42,90_2025May台灣
台灣_46.HEIC,a3d5f6a3bc25159a11356df96a29879b,2025-06-08 17:09:37,2025-05-19 14:18:36,90_2025May台灣
台灣_460.HEIC,987b5f54119d50b3560689f6272d4b8e,2025-06-08 17:09:55,2025-05-23 12:51:40,90_2025May台灣
台灣_461.HEIC,8acd9d6f26e32eef444c45e1296122b7,2025-06-08 17:09:55,2025-05-23 21:10:32,90_2025May台灣
台灣_462.HEIC,89658a15a4b99ff7f150a5b250d83448,2025-06-08 17:09:56,2025-05-23 21:10:42,90_2025May台灣
台灣_47.HEIC,af247d69f2abfb0d0a34768cca24495a,2025-06-08 17:09:37,2025-05-19 14:19:22,90_2025May台灣
台灣_48.HEIC,6300ee8a4812e74e3bbe9ab7bf5e543d,2025-06-08 17:09:37,2025-05-19 14:19:36,90_2025May台灣
台灣_49.HEIC,06dde73e0810550cce365ca3ba7b3415,2025-06-08 17:09:38,2025-05-19 14:20:08,90_2025May台灣
台灣_5.MP4,d92b026b7e3c4b314884fea6f94f3ea0,2025-06-08 18:21:55,2025-05-19 02:07:58,90_2025May台灣
台灣_50.HEIC,d77048170ccfdd57e7c6a446ceb07928,2025-06-08 17:09:38,2025-05-19 15:17:36,90_2025May台灣
台灣_51.HEIC,13f55188939afb1177eca2fa2ec7e26c,2025-06-08 17:09:39,2025-05-19 16:04:24,90_2025May台灣
台灣_52.HEIC,42efa5db76b556b1044b55fb961584bc,2025-06-08 17:09:39,2025-05-19 16:05:04,90_2025May台灣
台灣_53.HEIC,d23242688d3514c7cbda39a7979ce25a,2025-06-08 17:09:39,2025-05-19 17:01:20,90_2025May台灣
台灣_54.HEIC,452c4834bba63ef206a6a20a3efb79a1,2025-06-08 17:09:40,2025-05-19 17:01:46,90_2025May台灣
台灣_55.HEIC,060aa1869941f17feb87ffd9aee194c2,2025-06-08 17:09:40,2025-05-19 17:02:12,90_2025May台灣
台灣_56.HEIC,d06c2bdc238dd0c53c128d82c5b32cb6,2025-06-08 17:09:40,2025-05-19 17:02:14,90_2025May台灣
台灣_57.heic,fc55a4924f670835eb5243dbbd091cc6,2025-06-08 18:53:16,2025-05-19 20:42:38,90_2025May台灣
台灣_58.heic,2a2822997c644d2684ff3e38da6f65a6,2025-06-08 18:53:16,2025-05-19 20:43:00,90_2025May台灣
台灣_59.heic,56ded0878617f08742ea16ba3afc707a,2025-06-08 18:53:16,2025-05-19 20:43:04,90_2025May台灣
台灣_6.HEIC,89c23e5e60a8b7d101d69aa40465433b,2025-06-08 18:53:13,2025-05-19 02:13:54,90_2025May台灣
台灣_60.heic,0897c21dcfa0c45fa9160265690b8b90,2025-06-08 18:53:16,2025-05-19 20:43:40,90_2025May台灣
台灣_61.heic,9aa5d7ba64af9cf0e6fdb80f08acda03,2025-06-08 18:53:16,2025-05-19 20:57:26,90_2025May台灣
台灣_62.jpg,e9b9a72e10961d1cfee4a6bba71ed4e4,2025-06-08 18:53:17,2025-05-19 21:03:48,90_2025May台灣
台灣_63.HEIC,51b1423668ad7d08c1f65bea6b12ea7e,2025-06-08 18:53:17,2025-05-19 21:07:06,90_2025May台灣
台灣_64.heic,aabd45f1eee64c256731e9fcc0df27d7,2025-06-08 18:53:17,2025-05-19 21:32:24,90_2025May台灣
台灣_65.HEIC,9813aa589fdb25e8f1d1f1bb7134db56,2025-06-08 18:53:17,2025-05-19 21:34:46,90_2025May台灣
台灣_66.HEIC,3228de0006bb2572ce6e6ebdc404c437,2025-06-08 18:53:17,2025-05-19 21:35:42,90_2025May台灣
台灣_67.HEIC,1415946917106927ac7e30b8e2a32ea4,2025-06-08 18:53:17,2025-05-19 21:37:44,90_2025May台灣
台灣_68.jpg,980fabe8db15e6cdab2bb6e0031abd2b,2025-06-08 18:53:13,2025-05-19 23:05:00,90_2025May台灣
台灣_69.PNG,40d69300fd5bf84997deecdd9e7476ad,2025-06-08 18:53:17,2025-05-19 23:45:52,90_2025May台灣
台灣_7.HEIC,0e54e4aeb27aa793c3ee9a5381c862e8,2025-06-08 18:53:13,2025-05-19 02:14:32,90_2025May台灣
台灣_70.HEIC,d73cbec32a2fc10c81ae7be273e0dbe5,2025-06-08 18:53:17,2025-05-19 23:59:00,90_2025May台灣
台灣_71.HEIC,f0b348380d0e57b10453280ab33ae744,2025-06-08 18:53:17,2025-05-19 23:59:10,90_2025May台灣
台灣_72.HEIC,7bf5af0a74ffb3b7b1bfd1639e064fa7,2025-06-08 18:53:17,2025-05-19 23:59:34,90_2025May台灣
台灣_73.HEIC,442e7c5e6d0e01e02fe58573789ac2e3,2025-06-08 18:53:17,2025-05-19 23:59:46,90_2025May台灣
台灣_74.HEIC,6cf12c9b665619bb01b8a95e007aec0c,2025-06-08 18:53:17,2025-05-20 01:49:12,90_2025May台灣
台灣_75.HEIC,b63e73b2d1d49cc5c636b56b08ac1ca4,2025-06-08 18:53:18,2025-05-20 01:52:04,90_2025May台灣
台灣_76.HEIC,39d04b58b02a30230ad839a6513bc597,2025-06-08 18:53:18,2025-05-20 01:52:40,90_2025May台灣
台灣_77.HEIC,b2e1a110d470cd42a3888012a83eb2cd,2025-06-08 18:53:18,2025-05-20 01:53:16,90_2025May台灣
台灣_78.HEIC,6fa007c2f2cb98db10abe60745aa75b8,2025-06-08 18:53:18,2025-05-20 01:53:22,90_2025May台灣
台灣_79.HEIC,4246d72773a934af34226b3fb42107fc,2025-06-08 18:53:18,2025-05-20 01:53:26,90_2025May台灣
台灣_8.HEIC,5d25867d3fffde5dabd6bfc91c68e0bb,2025-06-08 18:53:14,2025-05-19 02:14:36,90_2025May台灣
台灣_80.MP4,f9fa0bcc9b9f0ef41bb41468b05a5b2e,2025-06-08 18:23:29,2025-05-20 01:55:26,90_2025May台灣
台灣_81.HEIC,a161a6d2f112b8ac7cfa40f51daf43cd,2025-06-08 18:53:18,2025-05-20 01:55:40,90_2025May台灣
台灣_82.HEIC,1c3da1b796116ee90eea3be384a86185,2025-06-08 18:53:18,2025-05-20 01:56:16,90_2025May台灣
台灣_83.HEIC,4709af9261707d9e635a811f59b3117e,2025-06-08 18:53:18,2025-05-20 01:56:20,90_2025May台灣
台灣_84.HEIC,886a11184cdc7891afc405941dbddfe6,2025-06-08 18:53:18,2025-05-20 01:56:58,90_2025May台灣
台灣_85.HEIC,bd8106c9456c0f14dfcd1aff0e720d78,2025-06-08 18:53:18,2025-05-20 01:57:10,90_2025May台灣
台灣_86.HEIC,05307e0d1e75defa9102d1a81d7b47fc,2025-06-08 18:53:18,2025-05-20 01:57:16,90_2025May台灣
台灣_87.HEIC,ab8e98cd8ec2e04347f45db2c7f9c151,2025-06-08 18:53:18,2025-05-20 01:58:22,90_2025May台灣
台灣_88.HEIC,f7883a0bd7bfb91ab020453f5636e06c,2025-06-08 18:53:18,2025-05-20 01:58:30,90_2025May台灣
台灣_89.MP4,b705501b8cf9c140a9329a33ad3c76b1,2025-06-08 18:23:59,2025-05-20 01:58:46,90_2025May台灣
台灣_9.HEIC,d00ad78262299ab54e257299aa77511a,2025-06-08 18:53:14,2025-05-19 02:19:08,90_2025May台灣
台灣_90.MP4,77e5f38aa4aa1b5dcf577339301ccb55,2025-06-08 18:24:07,2025-05-20 02:03:16,90_2025May台灣
台灣_91.MP4,acfaadf0e30fa11fb5640cb2466eca8d,2025-06-08 18:24:12,2025-05-20 02:13:42,90_2025May台灣
台灣_92.MP4,8f9916fb30f32be06e166f0d0e4d9660,2025-06-08 18:24:14,2025-05-20 02:49:24,90_2025May台灣
台灣_93.MP4,0f12bbcbb24fc1b9f66a6627ea40791e,2025-06-08 18:24:17,2025-05-20 02:55:16,90_2025May台灣
台灣_94.MP4,1ce58570d203bf5328aba2bf13adeb19,2025-06-08 18:24:21,2025-05-20 02:59:46,90_2025May台灣
台灣_95.MP4,4a1cfd728d1c3c4f35098d4117a89017,2025-06-08 18:24:27,2025-05-20 03:01:42,90_2025May台灣
台灣_96.HEIC,3d705eb16a7e839edcda5b9a2254b397,2025-06-08 18:53:19,2025-05-20 03:03:20,90_2025May台灣
台灣_97.MP4,ee9c7e6fda8339c8b4eca19d123484d4,2025-06-08 18:24:33,2025-05-20 03:05:48,90_2025May台灣
台灣_98.MP4,c76636c926d5c2b222c470b68be835cf,2025-06-08 18:25:01,2025-05-20 03:15:34,90_2025May台灣
台灣_99.HEIC,8df9d44a29660dccf81241fd1a99ded1,2025-06-08 18:53:19,2025-05-20 03:21:12,90_2025May台灣
坪洲495.MP4,fe7415b0d46b4d5a4558e93f7fd5a322,2025-06-08 18:10:18,2025-05-08 23:00:44,03_2025AprMay坪洲
坪洲_1.HEIC,d4e8f77eb7354357b3a0691d003b5f22,2025-06-08 17:05:11,2025-03-17 18:36:48,03_2025AprMay坪洲
坪洲_10.HEIC,63b7c18acb96d00c2a58064edfcd2624,2025-06-08 17:05:12,2025-03-18 18:59:20,03_2025AprMay坪洲
坪洲_100.HEIC,21bd946565418afd7c792e22f62e9f89,2025-06-08 17:05:20,2025-05-07 20:42:18,03_2025AprMay坪洲
坪洲_101.HEIC,07faebb585712ee72654e32125f7efcd,2025-06-08 17:05:20,2025-05-12 18:14:34,03_2025AprMay坪洲
坪洲_102.HEIC,6a8d9f1c9dc1d49de1300bf2aae7725e,2025-06-08 17:05:20,2025-05-12 18:14:48,03_2025AprMay坪洲
坪洲_103.HEIC,f2d7fcb14c8bdc1d01c5189169893c81,2025-06-08 17:05:20,2025-05-12 19:03:54,03_2025AprMay坪洲
坪洲_104.HEIC,6bde27a13c5088324ee5afbfeb77a650,2025-06-08 17:05:20,2025-05-13 11:02:20,03_2025AprMay坪洲
坪洲_105.HEIC,9ad8a5b5765a2f9f1aa97c4c6ec3e044,2025-06-08 17:05:21,2025-05-13 11:02:54,03_2025AprMay坪洲
坪洲_106.HEIC,fb4b50a1e45c684a64d584dad32165be,2025-06-08 17:05:21,2025-05-13 11:03:04,03_2025AprMay坪洲
坪洲_107.HEIC,5c408d10bf5a83f12927b7263ead9924,2025-06-08 17:05:21,2025-05-13 11:03:14,03_2025AprMay坪洲
坪洲_108.HEIC,e83e69f2f75ff8e5fc0c181afb4f63fb,2025-06-08 17:05:21,2025-05-13 12:12:06,03_2025AprMay坪洲
坪洲_109.HEIC,81a08b1111fcb0ed5a441ddff697da8f,2025-06-08 17:05:21,2025-05-14 04:53:06,03_2025AprMay坪洲
坪洲_11.HEIC,870b695cfc977e59f7896326c6d531b7,2025-06-08 17:05:12,2025-03-19 21:46:12,03_2025AprMay坪洲
坪洲_110.heic,cc2f5c315278f3100c365a590565e781,2025-06-08 17:05:21,2025-05-14 04:56:08,03_2025AprMay坪洲
坪洲_111.HEIC,7f278afd0b4217dad3e2dc5a7bb0f047,2025-06-08 17:05:21,2025-05-14 05:00:48,03_2025AprMay坪洲
坪洲_112.HEIC,63a7ad7cb5fff67dfce09417dfb32a58,2025-06-08 17:05:21,2025-05-14 22:35:26,03_2025AprMay坪洲
坪洲_113.HEIC,ea2d9c566b66b8aa215f5e751e8d3f90,2025-06-08 17:05:21,2025-05-15 03:05:28,03_2025AprMay坪洲
坪洲_114.heic,ab0a2c9c7d6b6deefb4efad5a2bf9871,2025-06-08 17:05:21,2025-05-16 23:12:50,03_2025AprMay坪洲
坪洲_115.HEIC,cc99fa90f0034c22d46eae44a8a7310c,2025-06-08 17:05:21,2025-05-16 23:13:02,03_2025AprMay坪洲
坪洲_116.HEIC,d757f2884da86652517bcd4fd73c99f5,2025-06-08 17:05:21,2025-05-16 23:13:10,03_2025AprMay坪洲
坪洲_117.HEIC,b08d9217bfb66660e15e939d4ebe7906,2025-06-08 17:05:21,2025-05-17 00:19:18,03_2025AprMay坪洲
坪洲_118.HEIC,ba93b5247672f4bfc4d1adca24c5d5fb,2025-06-08 17:05:21,2025-05-17 00:19:22,03_2025AprMay坪洲
坪洲_119.HEIC,fc695d0e3786ce2ce64c7d66480311f1,2025-06-08 17:05:21,2025-05-17 00:26:30,03_2025AprMay坪洲
坪洲_12.HEIC,c21edbb18d23107a6cf150801e4d46ef,2025-06-08 17:05:12,2025-03-19 21:46:26,03_2025AprMay坪洲
坪洲_120.heic,177ddbb8f1dce74ddd26d60f437dec39,2025-06-08 17:05:21,2025-05-17 00:27:32,03_2025AprMay坪洲
坪洲_121.HEIC,ca553542b4b216f56a6f0c6e662df2cf,2025-06-08 17:05:21,2025-05-17 22:40:54,03_2025AprMay坪洲
坪洲_122.HEIC,5545c655158b22f7f328991a14cd2e65,2025-06-08 17:05:21,2025-05-18 09:41:50,03_2025AprMay坪洲
坪洲_123.HEIC,fe786fd29e57328ad85125b55ea33e09,2025-06-08 17:05:21,2025-05-18 18:12:20,03_2025AprMay坪洲
坪洲_124.HEIC,9ea313858b35da05c023e45c792cfae0,2025-06-08 17:05:22,2025-05-18 18:13:38,03_2025AprMay坪洲
坪洲_125.HEIC,6e9514b81fd6dddcd45de588d3ff88a1,2025-06-08 17:05:22,2025-05-18 18:18:42,03_2025AprMay坪洲
坪洲_126.HEIC,b645a3bf9878ac933e6b0fcf17abd3e3,2025-06-08 17:05:22,2025-05-18 18:19:26,03_2025AprMay坪洲
坪洲_127.HEIC,5760d3b45d32606fb3b0b54ff073bfe1,2025-06-08 17:05:22,2025-05-18 18:24:06,03_2025AprMay坪洲
坪洲_128.HEIC,f75882dac895c2a5afde28ce8295132d,2025-06-08 17:05:22,2025-05-18 18:24:10,03_2025AprMay坪洲
坪洲_129.HEIC,774993f243429335f6239ca0dd1bfee2,2025-06-08 17:05:22,2025-05-18 18:24:28,03_2025AprMay坪洲
坪洲_13.heic,ea4a0477101a744872ebfb7787564760,2025-06-08 17:05:12,2025-03-20 01:45:16,03_2025AprMay坪洲
坪洲_14.HEIC,738faf904c93302c04ddecc9e3349e30,2025-06-08 17:05:12,2025-03-20 01:45:24,03_2025AprMay坪洲
坪洲_15.heic,e64fb604b9ebeb9b932d581554160029,2025-06-08 17:05:12,2025-03-20 01:58:50,03_2025AprMay坪洲
坪洲_16.HEIC,44a4a68b5fe5da7857a7956f360dd27d,2025-06-08 17:05:12,2025-03-20 01:58:56,03_2025AprMay坪洲
坪洲_17.HEIC,5c8fbaab404fc0ed2d1aa98550b72a4b,2025-06-08 17:05:12,2025-03-20 01:59:08,03_2025AprMay坪洲
坪洲_18.heic,58a30e5827b5361095129e14b710c31b,2025-06-08 17:05:12,2025-03-20 01:59:14,03_2025AprMay坪洲
坪洲_19.HEIC,ff8835e2565f0fb3f56f0e124c50f296,2025-06-08 17:05:13,2025-03-20 04:17:36,03_2025AprMay坪洲
坪洲_2.HEIC,26775ebc51e784594b4fd8f2a6dbb61a,2025-06-08 17:05:11,2025-03-17 18:36:50,03_2025AprMay坪洲
坪洲_20.HEIC,06c78d69afa8f75f1d0f994de83ffbe1,2025-06-08 17:05:13,2025-03-20 21:16:30,03_2025AprMay坪洲
坪洲_21.HEIC,2fb98202200aa0a74d3568ecbb8f3917,2025-06-08 17:05:13,2025-03-20 21:16:36,03_2025AprMay坪洲
坪洲_22.HEIC,d40aa22f6088246fb384c255d5b89d79,2025-06-08 17:05:13,2025-03-20 21:40:00,03_2025AprMay坪洲
坪洲_23.heic,d1962d69df5dabc350bf44355f97c8d7,2025-06-08 17:05:13,2025-03-21 07:18:20,03_2025AprMay坪洲
坪洲_24.HEIC,1a5ab482b0e47e97c75f3d230a3fd684,2025-06-08 17:05:13,2025-03-21 19:24:20,03_2025AprMay坪洲
坪洲_25.HEIC,74146e5482a5ef45723c2f2c3f20d150,2025-06-08 17:05:13,2025-03-22 22:12:28,03_2025AprMay坪洲
坪洲_26.HEIC,576081b5ec290a542ad5276e4230b29d,2025-06-08 17:05:13,2025-03-22 22:12:44,03_2025AprMay坪洲
坪洲_27.HEIC,0de922b454cbc34e2d3a436f8f157d56,2025-06-08 17:05:13,2025-03-22 22:12:44,03_2025AprMay坪洲
坪洲_28.HEIC,e07fe0d9479b2c642af27b8afc54133c,2025-06-08 17:05:13,2025-03-22 22:12:52,03_2025AprMay坪洲
坪洲_29.HEIC,677ddc45b5b0f315e7ff853c71ab7d2a,2025-06-08 17:05:13,2025-03-22 22:13:08,03_2025AprMay坪洲
坪洲_3.HEIC,00b4884a32e4cd0776261a5bf2c6813c,2025-06-08 17:05:11,2025-03-17 19:11:06,03_2025AprMay坪洲
坪洲_30.HEIC,2b832bf47e84ba7310286cf8d078fae9,2025-06-08 17:05:13,2025-03-22 22:13:38,03_2025AprMay坪洲
坪洲_31.HEIC,ea9e78a247354afdc878760887794ece,2025-06-08 17:05:13,2025-03-22 22:14:10,03_2025AprMay坪洲
坪洲_32.HEIC,9c71ad0998a6e9152464eafad3d13af9,2025-06-08 17:05:13,2025-03-22 23:44:32,03_2025AprMay坪洲
坪洲_33.HEIC,1bd41bfa846f5f1aa7f483afd30ded72,2025-06-08 17:05:13,2025-03-22 23:44:40,03_2025AprMay坪洲
坪洲_34.HEIC,5d27776abd84b47c66964fcbde6fce86,2025-06-08 17:05:14,2025-03-22 23:44:48,03_2025AprMay坪洲
坪洲_35.HEIC,d7b712f08ebc6674c20977adb26a76ef,2025-06-08 17:05:14,2025-03-22 23:45:04,03_2025AprMay坪洲
坪洲_36.HEIC,1d018ce48a2f7abeff6f94dc2294669e,2025-06-08 17:05:14,2025-03-22 23:45:24,03_2025AprMay坪洲
坪洲_37.heic,8f387524da1feb05c65f516d51a047ff,2025-06-08 17:05:14,2025-03-23 22:42:40,03_2025AprMay坪洲
坪洲_38.HEIC,c4780b0bee0204024b96ac4085803644,2025-06-08 17:05:14,2025-03-23 22:56:36,03_2025AprMay坪洲
坪洲_39.HEIC,95b9feca932b0a257f2a17202dc9b8f6,2025-06-08 17:05:14,2025-03-23 22:56:50,03_2025AprMay坪洲
坪洲_4.jpg,1da36cb171fa6305b8db3029b17b91c6,2025-06-08 17:05:12,2025-03-18 05:36:40,03_2025AprMay坪洲
坪洲_40.HEIC,3f82a92f626a051226d8cd0a5faf3610,2025-06-08 17:05:14,2025-03-23 22:57:20,03_2025AprMay坪洲
坪洲_41.HEIC,b208aa9e8a0423322507341a6407a1a8,2025-06-08 17:05:14,2025-03-23 22:57:42,03_2025AprMay坪洲
坪洲_42.HEIC,2134eb848cd8d858fec1be4ad81d309d,2025-06-08 17:05:14,2025-03-24 02:48:46,03_2025AprMay坪洲
坪洲_43.HEIC,afc81f269225516f156bacbe30b0cfe9,2025-06-08 17:05:14,2025-03-24 02:49:18,03_2025AprMay坪洲
坪洲_44.HEIC,27db9fcce93ae9a404d4e32006c6bc31,2025-06-08 17:05:14,2025-03-25 00:02:14,03_2025AprMay坪洲
坪洲_45.HEIC,3e6b090466bf57a544c078e43b408068,2025-06-08 17:05:14,2025-03-25 02:02:12,03_2025AprMay坪洲
坪洲_46.HEIC,8b2b579202dbba943a41ea4ed4b9e2e9,2025-06-08 17:05:14,2025-03-25 02:02:20,03_2025AprMay坪洲
坪洲_47.HEIC,f1dea274b8ede7f95495e958fb152bc0,2025-06-08 17:05:15,2025-03-25 02:02:20,03_2025AprMay坪洲
坪洲_48.HEIC,9ddce94e18f031c029588bc26e0a7cd0,2025-06-08 17:05:15,2025-03-25 02:29:04,03_2025AprMay坪洲
坪洲_49.HEIC,1950780a6dd82153a5179f49fbd78333,2025-06-08 17:05:15,2025-03-25 02:29:14,03_2025AprMay坪洲
坪洲_5.heic,1fcccc28dd230e4913a28d2a20775db7,2025-06-08 17:05:12,2025-03-18 18:44:46,03_2025AprMay坪洲
坪洲_50.HEIC,c6c6b5b3dccc329095b52c4647a7467d,2025-06-08 17:05:15,2025-03-25 02:38:24,03_2025AprMay坪洲
坪洲_51.HEIC,dd0db01fb0558961bd367a4fcb224ddb,2025-06-08 17:05:15,2025-03-25 02:38:32,03_2025AprMay坪洲
坪洲_52.HEIC,7a81beda8e8f150fba977d4a4ef7e89a,2025-06-08 17:05:15,2025-03-25 03:14:44,03_2025AprMay坪洲
坪洲_53.HEIC,fe100941524e2ed1f24bb4fae0254b1f,2025-06-08 17:05:15,2025-03-25 03:14:54,03_2025AprMay坪洲
坪洲_54.HEIC,e3273cc2d0f8ee3dc07d8f6a198b0b99,2025-06-08 17:05:15,2025-03-26 23:25:10,03_2025AprMay坪洲
坪洲_55.HEIC,3eb96014c4fc81abab32c58d4ccd0f46,2025-06-08 17:05:15,2025-03-26 23:25:22,03_2025AprMay坪洲
坪洲_56.HEIC,2c30600f2d62efaa3312d0c3526be5fe,2025-06-08 17:05:15,2025-03-30 20:49:00,03_2025AprMay坪洲
坪洲_57.HEIC,f3b30acf9979d0b7369ea44e4cf779e5,2025-06-08 17:05:15,2025-03-30 20:49:28,03_2025AprMay坪洲
坪洲_58.MOV,e19af7cfad4dbce1f3f663e2997edb47,2025-06-08 17:05:15,2025-03-31 23:09:30,03_2025AprMay坪洲
坪洲_59.HEIC,4d8cd1c3095bd1918a2bf5dea8e2c92b,2025-06-08 17:05:16,2025-04-01 05:27:00,03_2025AprMay坪洲
坪洲_6.heic,b81e6429b7c1eac3544de1ede5fd1800,2025-06-08 17:05:12,2025-03-18 18:46:22,03_2025AprMay坪洲
坪洲_60.HEIC,14aab6f6d7b9573111228e677c52f6de,2025-06-08 17:05:16,2025-04-02 05:04:52,03_2025AprMay坪洲
坪洲_61.heic,00d069369d600bbd0902ec3bceccff47,2025-06-08 17:05:16,2025-04-02 05:04:54,03_2025AprMay坪洲
坪洲_62.HEIC,5624a6251dc47801ef8fb2e7e9e4a29a,2025-06-08 17:05:16,2025-04-02 06:12:56,03_2025AprMay坪洲
坪洲_63.HEIC,6b03b5d02cf768c07ef1260a07d09406,2025-06-08 17:05:16,2025-04-02 06:12:58,03_2025AprMay坪洲
坪洲_64.jpg,1df4d1e4eabb6c468b94f22ad8f48178,2025-06-08 17:05:16,2025-04-05 02:55:56,03_2025AprMay坪洲
坪洲_65.jpg,81061931ab6851eba86d25f0cb06ed97,2025-06-08 17:05:16,2025-04-12 09:11:46,03_2025AprMay坪洲
坪洲_66.HEIC,61f6c3245dd21fbb4794c5be0bf2c605,2025-06-08 17:05:16,2025-04-28 03:53:52,03_2025AprMay坪洲
坪洲_67.HEIC,a8ce0aa9c2c0a04a1bcfe8a6c4ddc131,2025-06-08 17:05:16,2025-04-28 03:53:56,03_2025AprMay坪洲
坪洲_68.HEIC,a9bd77333d2ec74bf1b21118020f7a28,2025-06-08 17:05:16,2025-04-28 19:29:00,03_2025AprMay坪洲
坪洲_69.HEIC,f4b7a0781a6e2ae41a2e425bdd6075b8,2025-06-08 17:05:16,2025-04-28 19:29:52,03_2025AprMay坪洲
坪洲_7.heic,bf36e5f9e6829daac35c66f481f06bb9,2025-06-08 17:05:12,2025-03-18 18:48:00,03_2025AprMay坪洲
坪洲_70.HEIC,8f98e7ab10b362881ff756e74a4be9d6,2025-06-08 17:05:16,2025-04-28 19:30:18,03_2025AprMay坪洲
坪洲_71.HEIC,c7c122899d66449cddfb687d8bd6e30b,2025-06-08 17:05:16,2025-04-30 05:11:10,03_2025AprMay坪洲
坪洲_72.HEIC,772c4ee2389d941805ebf6e876db4cd5,2025-06-08 17:05:16,2025-04-30 05:11:12,03_2025AprMay坪洲
坪洲_73.HEIC,cf1eb0ad39163543bd6adc89db2879dd,2025-06-08 17:05:17,2025-04-30 05:42:58,03_2025AprMay坪洲
坪洲_74.HEIC,4aae448fe0f9a410c151b69f5ba61bd1,2025-06-08 17:05:17,2025-04-30 05:43:10,03_2025AprMay坪洲
坪洲_75.MOV,0ac8c5bda34d1e292360f0a5af736fa3,2025-06-08 17:05:17,2025-04-30 05:43:48,03_2025AprMay坪洲
坪洲_76.MOV,2d9a05f1fe934191f737d27de2be5494,2025-06-08 17:05:18,2025-05-01 06:57:46,03_2025AprMay坪洲
坪洲_77.HEIC,50fadd60f4d36e77c73499bb3bf78b48,2025-06-08 17:05:19,2025-05-01 20:08:10,03_2025AprMay坪洲
坪洲_78.HEIC,6307a5e0e7e5042028b56ff3fd7a1739,2025-06-08 17:05:19,2025-05-01 20:09:06,03_2025AprMay坪洲
坪洲_79.HEIC,93ed25855587d328427336afc300860f,2025-06-08 17:05:19,2025-05-01 20:09:50,03_2025AprMay坪洲
坪洲_8.heic,e7ce679336f81206789f9c220902630f,2025-06-08 17:05:12,2025-03-18 18:48:56,03_2025AprMay坪洲
坪洲_80.HEIC,a841bd675fdde100bbaa754b9d97466a,2025-06-08 17:05:19,2025-05-01 20:10:00,03_2025AprMay坪洲
坪洲_81.HEIC,b81608822df4b51bd0389bc5a4a723d6,2025-06-08 17:05:19,2025-05-01 20:10:38,03_2025AprMay坪洲
坪洲_82.HEIC,e32824c44336f930d30587e81417b173,2025-06-08 17:05:19,2025-05-01 20:11:32,03_2025AprMay坪洲
坪洲_83.HEIC,f055163b0da446d0e1b63f76830a0401,2025-06-08 17:05:19,2025-05-01 20:12:20,03_2025AprMay坪洲
坪洲_84.HEIC,b2fc8c1f21ca7bedd5ea21ce3b48e096,2025-06-08 17:05:19,2025-05-01 20:12:36,03_2025AprMay坪洲
坪洲_85.HEIC,d3e47e202b44f8f23e1ca6b695309310,2025-06-08 17:05:19,2025-05-01 20:12:56,03_2025AprMay坪洲
坪洲_86.HEIC,f0c0ddb4addfb0139b489e2f4174bab0,2025-06-08 17:05:19,2025-05-01 20:13:10,03_2025AprMay坪洲
坪洲_87.HEIC,8dab8fe48dc69551b40d44e4fe370dca,2025-06-08 17:05:19,2025-05-01 20:13:14,03_2025AprMay坪洲
坪洲_88.HEIC,cb943842d265d4e795c48d4f89ae2861,2025-06-08 17:05:19,2025-05-01 20:13:26,03_2025AprMay坪洲
坪洲_89.HEIC,5efcc94ea38165741c8855b150be31d3,2025-06-08 17:05:19,2025-05-01 20:14:14,03_2025AprMay坪洲
坪洲_9.HEIC,2244c20824030e414e680a68ec5bb9f5,2025-06-08 17:05:12,2025-03-18 18:59:12,03_2025AprMay坪洲
坪洲_90.HEIC,811b0bd0fc625b096b7f7fc6d3bad34f,2025-06-08 17:05:19,2025-05-01 20:15:02,03_2025AprMay坪洲
坪洲_91.HEIC,dfcfcadd2363fa4281d414ef16f253c6,2025-06-08 17:05:19,2025-05-01 20:15:28,03_2025AprMay坪洲
坪洲_92.HEIC,8a253223ec0cbdd980f0464a7b407c33,2025-06-08 17:05:20,2025-05-01 20:23:36,03_2025AprMay坪洲
坪洲_93.HEIC,f51d35052e5a1867077e187fc8e818ca,2025-06-08 17:05:20,2025-05-01 20:23:56,03_2025AprMay坪洲
坪洲_94.HEIC,bea2f7b86c437f283e601d824a8f7556,2025-06-08 17:05:20,2025-05-01 20:24:08,03_2025AprMay坪洲
坪洲_95.HEIC,051c45f1a54c77492eb2606bd1134b41,2025-06-08 17:05:20,2025-05-02 19:06:22,03_2025AprMay坪洲
坪洲_96.jpg,96d92a7b3a0854374a675419e0bb255f,2025-06-08 17:05:20,2025-05-02 22:08:46,03_2025AprMay坪洲
坪洲_97.HEIC,8ef2ce244d1c91a48fb11d322cf06e02,2025-06-08 17:05:20,2025-05-04 00:21:04,03_2025AprMay坪洲
坪洲_98.MOV,cedd12842a887e3f978c543969f21576,2025-06-08 17:05:20,2025-05-04 00:21:10,03_2025AprMay坪洲
坪洲_99.HEIC,df7c216ebe6861cb725833e2c736b0f5,2025-06-08 17:05:20,2025-05-07 20:42:12,03_2025AprMay坪洲
坪洲to長洲1.MP4,a56dfb9a5576c931c29621894c207c07,2025-06-08 18:03:41,2025-05-04 00:11:12,03_2025AprMay坪洲
坪洲to長洲2.MP4,7c95e69a9382de86c883ad1d76d25948,2025-06-08 18:03:44,2025-05-04 00:12:26,03_2025AprMay坪洲
坪洲to長洲3.MP4,2064355b93f37fb120edd06b075cbe82,2025-06-08 18:03:50,2025-05-04 00:43:34,03_2025AprMay坪洲
坪洲to長洲4.MP4,5cdd7a536a37d0b0dbaf7acd042e6690,2025-06-08 18:03:55,2025-05-04 00:45:32,03_2025AprMay坪洲
坪洲to長洲5.MP4,e8b8855ead3e48df113f0eca53bd6d20,2025-06-08 18:04:04,2025-05-04 00:45:58,03_2025AprMay坪洲
坪洲to長洲6.MP4,150d3fa6bb97591ba998c4b6278ac149,2025-06-08 18:04:06,2025-05-04 00:47:04,03_2025AprMay坪洲
坪洲to長洲7.MP4,4b6e28d6ef085936b4a70b50a9ad7f0e,2025-06-08 18:04:07,2025-05-05 01:49:50,03_2025AprMay坪洲
大報恩_Avtar_Miu.jpg,166d12c0c1f3edbfd285e4a5f0301721,2025-06-08 17:38:41,2025-04-20 00:32:18,40_2025AprChina
大報恩寺1.MP4,537e49735c912305d68cb65445076852,2025-06-08 17:28:01,2025-04-19 23:15:56,40_2025AprChina
大報恩寺10.MP4,321eed8a798e060277a5724fd8890c9a,2025-06-08 17:29:29,2025-04-20 00:20:42,40_2025AprChina
大報恩寺11.MP4,19e045f3112f645c784a7495b56a5e03,2025-06-08 17:29:46,2025-04-20 00:23:28,40_2025AprChina
大報恩寺12.HEIC,4f2fa883fc7ad55b8b6b0d4c6b46ddec,2025-06-08 17:38:39,2025-04-20 00:04:06,40_2025AprChina
大報恩寺13.HEIC,722f776a2237a2bfc42faf7ee129aac9,2025-06-08 17:38:40,2025-04-20 00:13:22,40_2025AprChina
大報恩寺14.HEIC,2a2659d760e505e9668ecc41376441ac,2025-06-08 17:38:40,2025-04-20 00:13:32,40_2025AprChina
大報恩寺15.HEIC,c70df7de7d37a7c4f234b6858589eeb4,2025-06-08 17:08:59,2025-04-20 12:13:48,40_2025AprChina
大報恩寺16.HEIC,d3551b39c758e15d968eab9be3306fbd,2025-06-08 17:38:40,2025-04-20 00:18:52,40_2025AprChina
大報恩寺17.HEIC,d7755218a4fd2fb313c2310078fd04e9,2025-06-08 17:38:40,2025-04-20 00:19:02,40_2025AprChina
大報恩寺18.HEIC,af9004979e0b011d6af829f0fd1230b5,2025-06-08 17:38:40,2025-04-20 00:21:44,40_2025AprChina
大報恩寺19.HEIC,b2af3ac89894987ff393790b8dffcbe9,2025-06-08 17:38:40,2025-04-20 00:21:54,40_2025AprChina
大報恩寺2.MP4,74387f34d0c06a94582079cc85507dc6,2025-06-08 17:28:07,2025-04-19 23:17:24,40_2025AprChina
大報恩寺20.HEIC,25fe67dcbe3036d9f8fe78a166509be8,2025-06-08 17:38:40,2025-04-20 00:22:02,40_2025AprChina
大報恩寺21.HEIC,7c40b1603f7fecae986d4f65cbf9422b,2025-06-08 17:38:40,2025-04-20 00:22:18,40_2025AprChina
大報恩寺22.HEIC,971b5740869f0b6641f38e43fc828607,2025-06-08 17:38:40,2025-04-20 00:22:26,40_2025AprChina
大報恩寺23.HEIC,19a06086d5ed491656378d8b7ba2bbee,2025-06-08 17:38:40,2025-04-20 00:25:50,40_2025AprChina
大報恩寺24.HEIC,ba212f44dcfe581a6f983ac1dd5a159b,2025-06-08 17:08:59,2025-04-20 12:26:20,40_2025AprChina
大報恩寺25.HEIC,8f52f058f8bcfbd6bb99424edae04b2a,2025-06-08 17:38:40,2025-04-20 00:26:44,40_2025AprChina
大報恩寺26.HEIC,f069e674d25332d924ec44e4c1b767ee,2025-06-08 17:38:40,2025-04-20 00:27:12,40_2025AprChina
大報恩寺27.HEIC,21023386a505c6712cfa15b35af94153,2025-06-08 17:38:40,2025-04-20 00:27:20,40_2025AprChina
大報恩寺3.MP4,afdb2e3e0dc6095697c7eb3fed0bd39d,2025-06-08 17:28:11,2025-04-19 23:52:42,40_2025AprChina
大報恩寺4.MP4,8babaf91f7c1905ef4855a823a5a73be,2025-06-08 17:28:14,2025-04-19 23:56:10,40_2025AprChina
大報恩寺5.MP4,a216a0b90d2306d14a5bdc14d5389c47,2025-06-08 17:28:17,2025-04-19 23:57:26,40_2025AprChina
大報恩寺6.MP4,0224ff4b7ee26c2463da5225fa16cfa4,2025-06-08 17:28:23,2025-04-19 23:59:42,40_2025AprChina
大報恩寺7.MP4,77fc3dbd8d46d17a640d22bad822ae55,2025-06-08 17:28:31,2025-04-20 00:04:28,40_2025AprChina
大報恩寺8.MP4,2bfbb1f08c1c51ed1a690fa2675d76f2,2025-06-08 17:28:38,2025-04-20 00:07:52,40_2025AprChina
大報恩寺9.MP4,bf4ce6ae8d46a786b2b39afc7735ec9e,2025-06-08 17:28:53,2025-04-20 00:15:10,40_2025AprChina
大報恩寺_Avtar1.HEIC,293c7887f0d142561d82c889ea9fc416,2025-06-08 17:38:40,2025-04-20 00:30:28,40_2025AprChina
大報恩寺_Avtar2.HEIC,fb81116fc2dc92cb1efa841bb267286b,2025-06-08 17:38:41,2025-04-20 00:30:30,40_2025AprChina
大報恩寺_Avtar_Simon.jpg,11c9ae225abd37c73c91ad2edb4a9f65,2025-06-08 17:38:41,2025-04-20 00:31:10,40_2025AprChina
大報恩寺Map1.HEIC,a3419b5fa06c02b70d8536a410f7955c,2025-06-08 17:38:41,2025-04-20 00:41:50,40_2025AprChina
大報恩寺Map2.HEIC,c88512bdf0398478fef49ff821c4686f,2025-06-08 17:08:59,2025-04-20 12:41:48,40_2025AprChina
太湖花園1.MP4,55a97322e9bb4aa0b074862a02297525,2025-06-08 17:29:50,2025-04-20 04:42:00,40_2025AprChina
太湖花園10.MP4,c406521a4143b2b73726d2d6a323ecb2,2025-06-08 17:32:57,2025-04-20 05:29:50,40_2025AprChina
太湖花園11.MP4,653b91093b3854c1ea276ca19c64fe24,2025-06-08 17:33:08,2025-04-20 05:47:34,40_2025AprChina
太湖花園12.MP4,cf5f82bfcd1dcbb728bdab39c88fb4f0,2025-06-08 17:33:33,2025-04-20 05:48:38,40_2025AprChina
太湖花園2.MP4,8c0a2958e758162db47204b5103b1bd8,2025-06-08 17:29:59,2025-04-20 04:44:44,40_2025AprChina
太湖花園3.MP4,55447c629880ed7f62693cbaf7b0d154,2025-06-08 17:30:14,2025-04-20 04:49:38,40_2025AprChina
太湖花園4.MP4,350a967d13de8304371d92e72ba160c4,2025-06-08 17:30:42,2025-04-20 04:58:36,40_2025AprChina
太湖花園5.MP4,4c0c1df03b3157d9e71c6358a8b366c2,2025-06-08 17:31:08,2025-04-20 05:01:18,40_2025AprChina
太湖花園50.HEIC,1a9653a99c21a94b402b8b013e9f3c2c,2025-06-08 17:08:59,2025-04-20 16:40:42,40_2025AprChina
太湖花園51.HEIC,84293403475706e380fa5a7887596012,2025-06-08 17:38:41,2025-04-20 04:49:42,40_2025AprChina
太湖花園52.HEIC,34a14b7f9328890571b28817411063b8,2025-06-08 17:38:41,2025-04-20 04:49:44,40_2025AprChina
太湖花園53.HEIC,0f80c806351a68ca86037cbe408f9d35,2025-06-08 17:38:42,2025-04-20 04:56:46,40_2025AprChina
太湖花園54.HEIC,ac3573690f759491cd2009a1426af4cf,2025-06-08 17:09:00,2025-04-20 16:56:56,40_2025AprChina
太湖花園55.HEIC,df61761f87effc6b22e7ec03d86d2c02,2025-06-08 17:38:42,2025-04-20 04:56:58,40_2025AprChina
太湖花園56.HEIC,9c59750994955ecc36c85495274c9f47,2025-06-08 17:38:42,2025-04-20 04:57:08,40_2025AprChina
太湖花園57.HEIC,1bc4615ae9b7ee2ee91e03bbe76aa601,2025-06-08 17:09:00,2025-04-20 16:58:36,40_2025AprChina
太湖花園58.HEIC,f2175b4c64b8a532d6dab9ffb90685df,2025-06-08 17:09:00,2025-04-20 16:59:14,40_2025AprChina
太湖花園59.HEIC,d5dfa1bd7e99f8f5d31b5f92d53a53da,2025-06-08 17:38:42,2025-04-20 04:59:34,40_2025AprChina
太湖花園6.MP4,b2c5e8cef4449a7d4b824403e98d06ad,2025-06-08 17:31:19,2025-04-20 05:03:08,40_2025AprChina
太湖花園60.HEIC,a4ba9fa5af0b5dbf0c782793f9e07d5e,2025-06-08 17:38:42,2025-04-20 05:20:38,40_2025AprChina
太湖花園61.HEIC,35fa80cfb8a91c463621d233e377f04d,2025-06-08 17:38:42,2025-04-20 05:20:38,40_2025AprChina
太湖花園62.HEIC,307aae461b55bd134e156988a1eafbd6,2025-06-08 17:38:42,2025-04-20 05:20:42,40_2025AprChina
太湖花園63.HEIC,8c011eb109fe0b855367d5cd41d58807,2025-06-08 17:38:42,2025-04-20 05:20:54,40_2025AprChina
太湖花園64.HEIC,cee9e9b045cdfd4bda9bc5c5fc39224a,2025-06-08 17:38:42,2025-04-20 05:21:12,40_2025AprChina
太湖花園65.HEIC,3826dc9b13f5817e977423ea2d538e54,2025-06-08 17:09:00,2025-04-20 17:21:52,40_2025AprChina
太湖花園7.MP4,9a31f9ba265c596f95e0fffcb95b8b1a,2025-06-08 17:31:28,2025-04-20 05:06:28,40_2025AprChina
太湖花園8.MP4,0382c4b7751b1f36fc3b23e05359fd52,2025-06-08 17:31:52,2025-04-20 05:12:50,40_2025AprChina
太湖花園80.HEIC,ec72b6ce99769564a2c82d3b01a7e897,2025-06-08 17:38:42,2025-04-20 05:39:24,40_2025AprChina
太湖花園81.HEIC,938d204b137d340a57faba621cd012cf,2025-06-08 17:09:01,2025-04-20 17:42:12,40_2025AprChina
太湖花園82.HEIC,108f5e5d69bb641fd156a90fb71ee8ed,2025-06-08 17:38:42,2025-04-20 06:05:18,40_2025AprChina
太湖花園83.HEIC,892a5cbf7dab7c94b23cd0e0ca949482,2025-06-08 17:38:42,2025-04-20 06:05:20,40_2025AprChina
太湖花園84.HEIC,43ccea755e85b751b9e3ccc226ccbaf2,2025-06-08 17:38:42,2025-04-20 06:05:32,40_2025AprChina
太湖花園85.HEIC,0466497db78d48d8f72bcaee6bd51945,2025-06-08 17:38:43,2025-04-20 06:05:34,40_2025AprChina
太湖花園9.MP4,1cafbfe8471fa37e0d913b6634f2bcee,2025-06-08 17:32:30,2025-04-20 05:22:22,40_2025AprChina
太湖花園_Dinner1.HEIC,8828bc13334174df496bd1f079a970e4,2025-06-08 17:38:43,2025-04-20 06:18:20,40_2025AprChina
太湖花園_Dinner2.HEIC,820f2c4eed10df640ac413497b69a774,2025-06-08 17:38:43,2025-04-20 06:18:24,40_2025AprChina
太湖花園_HotelPrice.HEIC,4a293405cd1465f83ce99fe424e44354,2025-06-08 17:38:43,2025-04-20 06:16:44,40_2025AprChina
太湖花園_Map.HEIC,95cb250ba9ef2bb1f12344121b330bbc,2025-06-08 17:08:59,2025-04-20 16:52:22,40_2025AprChina
太湖花園_Miu1.HEIC,eaa312eaa71b1c1982c85969b87a2802,2025-06-08 17:09:00,2025-04-20 17:25:58,40_2025AprChina
太湖花園_Miu2.HEIC,37b6b89779968f17fc48eadd0cb699f6,2025-06-08 17:09:00,2025-04-20 17:26:08,40_2025AprChina
太湖花園_Miu3.HEIC,69cc28fb53703916fbfd038f7013db42,2025-06-08 17:09:00,2025-04-20 17:26:44,40_2025AprChina
太湖花園_Miu4.HEIC,a09103ea29673a9eb83d2b878c727b78,2025-06-08 17:09:00,2025-04-20 17:26:50,40_2025AprChina
廣州_上海虹橋_高鐵.HEIC,863299e5d87525c12869c81be4568e54,2025-06-08 19:28:06,2025-04-13 01:05:36,15_2025Apr廣州
廣州_餐1.HEIC,86acc4743af98ffefd54301369a26ac4,2025-06-08 19:28:06,2025-04-12 20:36:10,15_2025Apr廣州
廣州_餐2.HEIC,494d760f291570d7a626aed0ecc26402,2025-06-08 19:28:06,2025-04-12 20:36:14,15_2025Apr廣州
廣州_餐3.MP4,f28a28b878f3349593c899c958a766aa,2025-06-08 19:27:53,2025-04-13 10:08:04,15_2025Apr廣州
廣州_高鐵站.MP4,916a142c66e2ddb882d2ef29cf908006,2025-06-08 19:27:50,2025-04-13 09:04:02,15_2025Apr廣州
廣州_高鐵站s.PNG,1f784a860b83d8ced2b2ddc6b37a955a,2025-06-08 19:28:12,2025-04-13 09:52:14,15_2025Apr廣州
廣州南站_Entrance1.HEIC,e7ab0778dfdffc94b45cce3b27ee9283,2025-06-08 19:28:12,2025-04-13 19:03:42,15_2025Apr廣州
廣州南站_Entrance2.HEIC,587f99b7689b6146900c3ab7fe13267b,2025-06-08 19:28:12,2025-04-13 19:03:46,15_2025Apr廣州
廣州南站_FoodVendor.HEIC,fc842298d6ae47f52602c727619b24da,2025-06-08 19:28:13,2025-04-13 19:20:14,15_2025Apr廣州
廣州南站_FoodVendors.HEIC,5aa517d517d4774883479e8b5ed4d0d1,2025-06-08 19:28:13,2025-04-13 19:21:16,15_2025Apr廣州
廣州南站_Gate1.HEIC,c2751a68db80e2c4863c6a0f69beb0c7,2025-06-08 19:28:12,2025-04-13 19:09:58,15_2025Apr廣州
廣州南站_Gate2.HEIC,62699fc28631f4be4a0a72157fc2158f,2025-06-08 19:28:12,2025-04-13 19:10:02,15_2025Apr廣州
廣州南站_Gate3.HEIC,4fa1aea8fe1a1614062f899c0e9e5967,2025-06-08 19:28:12,2025-04-13 19:12:02,15_2025Apr廣州
廣州南站_Gate4.HEIC,5258e61a90731a50776c182f452611d1,2025-06-08 19:28:12,2025-04-13 19:12:22,15_2025Apr廣州
廣州南站_Gate5.HEIC,3474777a95c756b87fa88fcbd037f76f,2025-06-08 19:28:13,2025-04-13 20:12:04,15_2025Apr廣州
廣州南站_GoToTrain1.HEIC,e72236101867b536fe06f4e50702aa4a,2025-06-08 19:28:13,2025-04-13 20:13:44,15_2025Apr廣州
廣州南站_GoToTrain2.HEIC,566f2497210ca3838699acc56176740f,2025-06-08 19:28:13,2025-04-13 20:13:46,15_2025Apr廣州
廣州南站_GoToTrain3.HEIC,05673884e10400f6185fbd604e2aa998,2025-06-08 19:28:13,2025-04-13 20:14:02,15_2025Apr廣州
廣州南站_GoToTrain4.HEIC,107eccb50a3c397ad000164078812214,2025-06-08 19:28:14,2025-04-13 20:15:58,15_2025Apr廣州
廣州南站_GoToTrain5.HEIC,504c16b7e7d6f129eb08c9955b33d212,2025-06-08 19:28:14,2025-04-13 20:16:06,15_2025Apr廣州
廣州南站_GoToTrain6.HEIC,7cbce48eeedde20c550bc857498fc852,2025-06-08 19:28:14,2025-04-13 20:16:20,15_2025Apr廣州
廣州南站_Hall1.HEIC,d21c06f2e3ced015f37f75e27a119461,2025-06-08 19:28:12,2025-04-13 19:02:12,15_2025Apr廣州
廣州南站_Hall2.HEIC,0cb7d0896ec4b3ff04aa383a6e8242eb,2025-06-08 19:28:12,2025-04-13 19:02:16,15_2025Apr廣州
廣州南站_hotel1.HEIC,3412b5712de14ebf1c8d239424b3e255,2025-06-08 19:28:06,2025-04-13 02:24:22,15_2025Apr廣州
廣州南站_hotel2.HEIC,b621e25c2565c0623dc3d783db07a43b,2025-06-08 19:28:06,2025-04-13 02:24:44,15_2025Apr廣州
廣州南站_WaitingArea1.HEIC,d5a249035fd3fb6176ad476090516cd7,2025-06-08 19:28:13,2025-04-13 19:17:54,15_2025Apr廣州
廣州南站_WaitingArea2.HEIC,4a5b473c9eda051f651f71015eff6ef1,2025-06-08 19:28:13,2025-04-13 19:18:18,15_2025Apr廣州
廣州南站_WaitingArea3.HEIC,9be2f8680820bcc464cb0aee7c768a82,2025-06-08 19:28:13,2025-04-13 19:18:42,15_2025Apr廣州
廣州南站_WaitingArea4.HEIC,1879b75cf8ea11c58501820c13ff39b3,2025-06-08 19:28:13,2025-04-13 19:23:18,15_2025Apr廣州
廣州塔1.MP4,d7d95baaeb4158eee8d3a015fa267ad4,2025-06-08 19:26:17,2025-04-13 03:16:00,15_2025Apr廣州
廣州塔10.MOV,1cb5bf634467591afbb6f6bbd9af6878,2025-06-08 19:28:09,2025-04-13 07:59:36,15_2025Apr廣州
廣州塔102.HEIC,6ee2de972bb4ca0437d00daced7ee5fe,2025-06-08 19:28:09,2025-04-13 07:46:18,15_2025Apr廣州
廣州塔112.MP4,42ee49528cd2eed201dcef1bcc44176b,2025-06-08 19:27:20,2025-04-13 08:04:30,15_2025Apr廣州
廣州塔12.MP4,f9febd051807709747e425ae22b507bc,2025-06-08 19:27:24,2025-04-13 08:05:48,15_2025Apr廣州
廣州塔13.MP4,b4df7e1707572cb9e09a4f28aa28778e,2025-06-08 19:27:31,2025-04-13 08:08:04,15_2025Apr廣州
廣州塔14.MP4,33f4992d1490954cfff4cd5733cbd5b9,2025-06-08 19:27:36,2025-04-13 08:10:16,15_2025Apr廣州
廣州塔15.MOV,0af16e068dd625e06ca1a797f3c180c7,2025-06-08 19:28:09,2025-04-13 08:09:16,15_2025Apr廣州
廣州塔16.MP4,97b9f3e8b898e1653359e0fb9026b0a6,2025-06-08 19:27:47,2025-04-13 08:17:46,15_2025Apr廣州
廣州塔2.MP4,ed7608fb00254dea443266f97a6e506a,2025-06-08 19:26:23,2025-04-13 03:56:24,15_2025Apr廣州
廣州塔3.MP4,f56e80e12228489a991a2390b7345b18,2025-06-08 19:26:27,2025-04-13 03:58:42,15_2025Apr廣州
廣州塔4.MP4,185a9016c8c91502a7f70698bfbe99e1,2025-06-08 19:26:30,2025-04-13 04:05:02,15_2025Apr廣州
廣州塔5_餐.MP4,775c73d19164a1b60ef548979dac0030,2025-06-08 19:26:32,2025-04-13 04:55:02,15_2025Apr廣州
廣州塔6.PNG,c647e71f8d85a47edf359700ec5c4440,2025-06-08 19:28:07,2025-04-13 04:57:40,15_2025Apr廣州
廣州塔7_餐.MP4,a63327da1ee4e676616311c4b0c37280,2025-06-08 19:26:33,2025-04-13 05:07:58,15_2025Apr廣州
廣州塔8.MP4,6b443a29315410232996e46a51970f1e,2025-06-08 19:26:36,2025-04-13 06:22:42,15_2025Apr廣州
廣州塔9.MP4,70cfde1bf393a18ef068fad18ad0a303,2025-06-08 19:26:44,2025-04-13 06:28:08,15_2025Apr廣州
廣州塔_100.HEIC,0014e1b178599840e5216d0cb9e92e74,2025-06-08 19:28:09,2025-04-13 07:45:50,15_2025Apr廣州
廣州塔_101.HEIC,74f59aa8dd3bb7befdef6c501d61b170,2025-06-08 19:28:09,2025-04-13 07:46:00,15_2025Apr廣州
廣州塔_103.HEIC,ee5bdaed3ddf672f50d46c590bfcd30a,2025-06-08 19:28:09,2025-04-13 07:59:32,15_2025Apr廣州
廣州塔_104.HEIC,c2122f24d2ee32c3f55016d12ec479a1,2025-06-08 17:08:39,2025-04-13 20:00:06,15_2025Apr廣州
廣州塔_105.HEIC,d2d258cdb0c955d9480e557b0915c692,2025-06-08 17:08:39,2025-04-13 20:04:02,15_2025Apr廣州
廣州塔_106.HEIC,c8fa3e7b48069ec5904d946af506a5f2,2025-06-08 17:08:39,2025-04-13 20:08:50,15_2025Apr廣州
廣州塔_30.HEIC,39c5d35c7b3b078e1415fa3fa66647cf,2025-06-08 17:08:37,2025-04-13 15:15:44,15_2025Apr廣州
廣州塔_31.HEIC,d054963973769bd4094ce0d375aaecf9,2025-06-08 19:28:06,2025-04-13 03:15:54,15_2025Apr廣州
廣州塔_32.HEIC,57c695d9213a88c0192324945c32ff0e,2025-06-08 17:08:37,2025-04-13 15:54:46,15_2025Apr廣州
廣州塔_AutoBus1.HEIC,0c6edd331e558b05bab124e1fdedaf4b,2025-06-08 19:28:09,2025-04-13 07:50:02,15_2025Apr廣州
廣州塔_AutoBus2.HEIC,7efe1b6d189b8f8f3ce63f31948fb2c1,2025-06-08 19:28:09,2025-04-13 07:50:08,15_2025Apr廣州
廣州塔_AutoBus3.HEIC,dc3ce274ac27633cd38763ef7bcf5eac,2025-06-08 19:28:09,2025-04-13 07:50:20,15_2025Apr廣州
廣州塔_Family1.HEIC,342e187fe16b9dbefbd7f5b3be3a8f8b,2025-06-08 19:28:06,2025-04-13 03:56:00,15_2025Apr廣州
廣州塔_Family2.HEIC,18dafab0d688aa0ffaf76a60e626cac9,2025-06-08 19:28:06,2025-04-13 03:56:02,15_2025Apr廣州
廣州塔_Miu.HEIC,5ec36f50a666c245977fcd808eb375a7,2025-06-08 17:08:37,2025-04-13 15:54:12,15_2025Apr廣州
廣州塔_Miu60.HEIC,40f414c2206d9506f79c84aca7c104a6,2025-06-08 17:08:39,2025-04-13 19:44:26,15_2025Apr廣州
廣州塔_Miu61.HEIC,6e8ffbd560fe1ab50eb72d2cea191c53,2025-06-08 17:08:39,2025-04-13 19:44:30,15_2025Apr廣州
廣州塔_Miu62.HEIC,263d3a9dcead228b7a5780c003ba2c4c,2025-06-08 17:08:39,2025-04-13 20:09:46,15_2025Apr廣州
廣州塔_prices.HEIC,6d9b7cca43ebc33770568ec232fa5e3a,2025-06-08 19:28:06,2025-04-13 03:16:28,15_2025Apr廣州
廣州塔Poster.heic,b2d385badb80cb072a7efc3771d8d35a,2025-06-08 19:28:07,2025-04-13 04:36:46,15_2025Apr廣州
廣州珠江夜遊0.HEIC,f7946c0ce53e89546c884bcf4d9fde66,2025-06-08 19:28:07,2025-04-13 06:27:36,15_2025Apr廣州
廣州珠江夜遊1.MP4,903b2a76d576a16fc3c9dbcafde80c86,2025-06-08 19:26:48,2025-04-13 06:46:34,15_2025Apr廣州
廣州珠江夜遊2.MP4,8429170e1a19c92878d4e19c1e369257,2025-06-08 19:26:52,2025-04-13 06:48:32,15_2025Apr廣州
廣州珠江夜遊3.MP4,7dd564ea336dd334451cbc6033a160e2,2025-06-08 19:26:56,2025-04-13 07:17:00,15_2025Apr廣州
廣州珠江夜遊4.MP4,ee471dc6f87260f8808002bc0ded9447,2025-06-08 19:27:01,2025-04-13 07:25:36,15_2025Apr廣州
廣州珠江夜遊5.MP4,d87aaf80022b49a799d2d54658eb905b,2025-06-08 19:27:06,2025-04-13 07:33:56,15_2025Apr廣州
廣州珠江夜遊6.MOV,e0c16dbac321a8d8f3de6ec71fe871e5,2025-06-08 19:28:08,2025-04-13 07:34:10,15_2025Apr廣州
廣州珠江夜遊7.MOV,10f87ae090e2d3c2fe5fb43f3e30c3b5,2025-06-08 19:28:08,2025-04-13 07:34:38,15_2025Apr廣州
廣州珠江夜遊8.MP4,4580ea54541e9727987bbc73fc37b00e,2025-06-08 19:27:18,2025-04-13 07:37:22,15_2025Apr廣州
廣州珠江夜遊_1.HEIC,75e49f1008e29701726c91fed355a4f3,2025-06-08 19:28:06,2025-04-13 03:57:44,15_2025Apr廣州
廣州珠江夜遊_100.HEIC,a1c84dd40fcb876c4fce2a4556bfb8ce,2025-06-08 17:08:38,2025-04-13 19:18:42,15_2025Apr廣州
廣州珠江夜遊_101.HEIC,a433121989b60766895c4aca7c1e45f8,2025-06-08 17:08:38,2025-04-13 19:21:10,15_2025Apr廣州
廣州珠江夜遊_102.HEIC,978148064227c2a64d68adf0f81fb0f5,2025-06-08 17:08:38,2025-04-13 19:21:34,15_2025Apr廣州
廣州珠江夜遊_103.HEIC,e49caab3571d3225c6ca052ae78e0bff,2025-06-08 17:08:38,2025-04-13 19:23:14,15_2025Apr廣州
廣州珠江夜遊_104.HEIC,58e45e8ca481617b7cf6d31f197182b6,2025-06-08 17:08:39,2025-04-13 19:23:30,15_2025Apr廣州
廣州珠江夜遊_105.HEIC,af3bdb149381741697b58f892e83c6a2,2025-06-08 19:28:07,2025-04-13 07:26:00,15_2025Apr廣州
廣州珠江夜遊_106.HEIC,bc3f42cd75bbc4ffe1c3405643586737,2025-06-08 19:28:07,2025-04-13 07:26:06,15_2025Apr廣州
廣州珠江夜遊_107.HEIC,3bb1f85420a5532a213baa47f42bebd5,2025-06-08 19:28:07,2025-04-13 07:27:48,15_2025Apr廣州
廣州珠江夜遊_108.HEIC,c70cac9891448ae21f57cf1ae396ab46,2025-06-08 19:28:07,2025-04-13 07:32:28,15_2025Apr廣州
廣州珠江夜遊_109.HEIC,3eeffa5fa9b6be8aa9a250ff5b75ce18,2025-06-08 19:28:07,2025-04-13 07:32:34,15_2025Apr廣州
廣州珠江夜遊_110.HEIC,474f298f6c23088818ece0cc32073b68,2025-06-08 17:08:39,2025-04-13 19:33:04,15_2025Apr廣州
廣州珠江夜遊_2.HEIC,240d9af10e391f117a70f195781bd3ed,2025-06-08 19:28:06,2025-04-13 03:57:48,15_2025Apr廣州
廣州珠江夜遊_3.HEIC,a3d49dab2525567a5ca5b79029f00f55,2025-06-08 19:28:06,2025-04-13 03:57:54,15_2025Apr廣州
廣州珠江夜遊_4.HEIC,65903ecd76a1ebf8c8f8596b0badb0c1,2025-06-08 19:28:07,2025-04-13 03:58:14,15_2025Apr廣州
廣州珠江夜遊_5.heic,9fed956a89083d192bce715817b63870,2025-06-08 19:28:07,2025-04-13 04:32:26,15_2025Apr廣州
廣州珠江夜遊_6.HEIC,9977ddd18a0a7be7531e07d67e68fc34,2025-06-08 19:28:07,2025-04-13 06:27:46,15_2025Apr廣州
廣州珠江夜遊_7.HEIC,b08fd008bce2791ab61e4592e538b7bb,2025-06-08 19:28:07,2025-04-13 06:32:56,15_2025Apr廣州
廣州珠江夜遊__MIu3.HEIC,b43e6aa7fb9fe190a671f7d3fcd703b9,2025-06-08 17:08:38,2025-04-13 19:15:50,15_2025Apr廣州
廣州珠江夜遊_Miu1.HEIC,59a6765882b339dce5064c202c132809,2025-06-08 17:08:37,2025-04-13 19:15:02,15_2025Apr廣州
廣州珠江夜遊_Miu2.HEIC,359c55954220fd01c45974669e686585,2025-06-08 17:08:38,2025-04-13 19:15:28,15_2025Apr廣州
廣州珠江夜遊_Miu4.HEIC,f9c1e0ac7db9a31f81e4c6ae7f8471df,2025-06-08 17:08:38,2025-04-13 19:16:18,15_2025Apr廣州
廣州珠江夜遊_Miu5.HEIC,dfc68791a8aad060b7b36178f50d02fd,2025-06-08 17:08:38,2025-04-13 19:22:58,15_2025Apr廣州
廣州珠江夜遊_Simon1.HEIC,85b93ae90bac41eca3cfec0bc374243c,2025-06-08 19:28:07,2025-04-13 07:16:52,15_2025Apr廣州
廣州珠江夜遊_Simon2.HEIC,7b7ce3d79c485b1e9e0cb24e336cea2f,2025-06-08 19:28:07,2025-04-13 07:16:52,15_2025Apr廣州
廣州高鐵Ticket1.PNG,2eb733a420eb921dd939bda5fc71e67e,2025-06-08 19:28:14,2025-04-13 20:21:24,15_2025Apr廣州
廣州高鐵Ticket2.PNG,4238b14cfa78405f4aeddd5ab4282095,2025-06-08 19:28:14,2025-04-13 20:21:36,15_2025Apr廣州
朱家角_Hotel_prices.JPG,c3c37cc354858da269a1618a53deeb57,2025-06-08 19:38:17,2025-06-19 10:37:20,20_2025Apr上海朱家閣
朱家角_NxHotel1.HEIC,137417c077f538de2728d55b6d19a058,2025-06-08 17:08:44,2025-04-15 11:06:12,20_2025Apr上海朱家閣
朱家角_NxHotel2.HEIC,280f35d9f87166448f05b24547b3d6c7,2025-06-08 17:08:44,2025-04-15 11:07:02,20_2025Apr上海朱家閣
朱家角_NxHotel3.HEIC,2fcd1be3898fcbefc17dc91d736f63b7,2025-06-08 17:08:45,2025-04-15 11:07:46,20_2025Apr上海朱家閣
朱家角_NxHotel4.HEIC,9c72f5e6279a069f352a5ac33d6d4f17,2025-06-08 19:38:25,2025-04-14 23:46:04,20_2025Apr上海朱家閣
朱家角_NxHotel_Miu1.HEIC,d0ac10bf312f153ea4b0a58200fbd6bf,2025-06-08 17:08:43,2025-04-15 10:52:08,20_2025Apr上海朱家閣
朱家角_NxHotel_Miu2.HEIC,948c7f8a14b3ff071d096380cc860f1d,2025-06-08 17:08:43,2025-04-15 10:52:22,20_2025Apr上海朱家閣
朱家角_NxHotel_Miu3.HEIC,1a8df8231236e6c6a8c2cd2c0d6aa96f,2025-06-08 17:08:44,2025-04-15 10:52:36,20_2025Apr上海朱家閣
朱家角_NxHotel_Miu4.HEIC,50dbce390daab3e50a7981425bcc704f,2025-06-08 17:08:44,2025-04-15 11:04:34,20_2025Apr上海朱家閣
朱家角_NxHotel_Miu5.HEIC,ccb5ec5986b739b54722c803394570d7,2025-06-08 17:08:44,2025-04-15 11:05:10,20_2025Apr上海朱家閣
朱家角_NxHotel_Miu6.HEIC,b70231a716b101f5dcdaa59202c82362,2025-06-08 19:38:25,2025-04-14 23:46:12,20_2025Apr上海朱家閣
朱家角_NxHotel_Simon1.HEIC,7ecae5f52959621c6b3f20f2eef6692d,2025-06-08 19:38:24,2025-04-14 22:56:34,20_2025Apr上海朱家閣
朱家角_NxHotel_Simon2.HEIC,c4d32a6911901e7be9a229ea44baaec0,2025-06-08 19:38:24,2025-04-14 22:58:18,20_2025Apr上海朱家閣
朱家角_NxHotel_Simon3.HEIC,2e65fcfb12f27f917df6f2540975f608,2025-06-08 19:38:24,2025-04-14 22:59:38,20_2025Apr上海朱家閣
朱家角_NxHotel_Simon4.HEIC,ba1574fbf837cc750db5ea90aab7982b,2025-06-08 19:38:25,2025-04-14 23:01:20,20_2025Apr上海朱家閣
朱家角_NxHotel_Simon5.HEIC,367fe3c50c0592f02a2a5ed6c3a33eef,2025-06-08 19:38:25,2025-04-14 23:01:28,20_2025Apr上海朱家閣
朱家角_NxHotel_Simon6.HEIC,c82ad2459452b0fdef0228fd59a0d1b6,2025-06-08 19:38:25,2025-04-14 23:03:38,20_2025Apr上海朱家閣
朱家角_NxHotel_Simon7.HEIC,77645e516157aca288b9673348a46aad,2025-06-08 19:38:25,2025-04-14 23:03:48,20_2025Apr上海朱家閣
朱家角Hotel10.HEIC,83ee6ad7a5f5e8e435ead9a39417e837,2025-06-08 17:08:44,2025-04-15 11:02:32,20_2025Apr上海朱家閣
杭州_BusRoute.PNG,793d3f9909e1d4221c1869fdec49adf6,2025-06-08 17:38:33,2025-04-19 00:48:10,30_2025Apr杭州
杭州_Dinner.HEIC,e39093012aad4669fcecf3f8f28e8e23,2025-06-08 17:08:53,2025-04-18 18:24:00,30_2025Apr杭州
杭州Building1.HEIC,2342a68085ac7dddadf067e9f9fcac27,2025-06-08 17:38:32,2025-04-17 22:27:18,30_2025Apr杭州
杭州Building2.HEIC,6e990b82059ff7eeadd346d8bb424980,2025-06-08 17:38:32,2025-04-17 22:27:20,30_2025Apr杭州
杭州Building3.HEIC,6da771aeebd0c2b0f28110c71067a9fc,2025-06-08 17:38:32,2025-04-17 22:27:48,30_2025Apr杭州
杭州Building4.HEIC,99315176e171de6ad991d082e7d85182,2025-06-08 17:38:32,2025-04-17 22:47:44,30_2025Apr杭州
杭州Building5.HEIC,f8fe552f05dd335c93a8839fd36e467d,2025-06-08 17:38:32,2025-04-17 22:47:50,30_2025Apr杭州
杭州Building6.HEIC,e53bc828a121a8648739f7f2dad47a6e,2025-06-08 17:38:32,2025-04-17 22:47:58,30_2025Apr杭州
杭州Building7.HEIC,47be19753987b0bc0f65df809eb5b9f8,2025-06-08 17:38:32,2025-04-17 22:48:06,30_2025Apr杭州
杭州Building8.HEIC,b9deafbc0aef622e7598ccb2c2f5f4c9,2025-06-08 17:38:32,2025-04-17 22:48:10,30_2025Apr杭州
杭州Tea0.MP4,a79c296e986a92d48c0c139473d4552d,2025-06-08 19:53:18,2025-04-18 20:27:56,30_2025Apr杭州
杭州Tea1.MP4,581b0c5a1ef499496f2931701aa5666c,2025-06-08 19:53:29,2025-04-18 20:32:50,30_2025Apr杭州
杭州Tea2.MP4,a5a68b6e39b308e1aaf44616d8353cd2,2025-06-08 19:53:31,2025-04-18 20:35:58,30_2025Apr杭州
杭州西湖1.MP4,780212cbe6a0dba31d534282102a08ad,2025-06-08 19:51:31,2025-04-18 02:13:34,30_2025Apr杭州
杭州西湖10.MP4,3401532ad0118f32be6e2840dd35172f,2025-06-08 19:52:29,2025-04-18 02:48:12,30_2025Apr杭州
杭州西湖11.MP4,36e8c8ffb45c1234cab4dde9af2840f0,2025-06-08 19:52:42,2025-04-18 03:50:40,30_2025Apr杭州
杭州西湖12.HEIC,9addaf97a62f62f25169977067dae680,2025-06-08 17:08:51,2025-04-18 14:19:44,30_2025Apr杭州
杭州西湖13.HEIC,ca8bc5b7fbf537c1d3f428847bf1c054,2025-06-08 17:08:51,2025-04-18 14:20:06,30_2025Apr杭州
杭州西湖14.HEIC,8d23989f955e099414545fe71c97bd15,2025-06-08 17:08:51,2025-04-18 14:28:12,30_2025Apr杭州
杭州西湖2.MP4,a918a9821b0603310c9e61ee23f7554b,2025-06-08 19:52:05,2025-04-18 02:15:10,30_2025Apr杭州
杭州西湖3.MP4,34d1b4d1c9b5b04708da76c72618edc9,2025-06-08 19:52:10,2025-04-18 02:16:34,30_2025Apr杭州
杭州西湖4.MP4,019e631f695b968f66394bb9e90a938e,2025-06-08 19:52:11,2025-04-18 02:24:08,30_2025Apr杭州
杭州西湖5.MP4,c54e300dabd663eb063917ec78befea6,2025-06-08 19:52:13,2025-04-18 02:24:26,30_2025Apr杭州
杭州西湖6.MP4,b19ab2da979b5a87c45750b95e249609,2025-06-08 19:52:14,2025-04-18 02:27:40,30_2025Apr杭州
杭州西湖7.MP4,c23e3cf4d17a8e163fe681841b25a6de,2025-06-08 19:52:17,2025-04-18 02:30:10,30_2025Apr杭州
杭州西湖8.MP4,92889deb9d98210e0700f8a8c880033f,2025-06-08 19:52:21,2025-04-18 02:31:08,30_2025Apr杭州
杭州西湖9.MP4,f2023b4f62583bd5e665ac2dc6d077f1,2025-06-08 19:52:25,2025-04-18 02:32:04,30_2025Apr杭州
杭州西湖_60.HEIC,3dfa880a3567a85054a092622152d8a1,2025-06-08 17:38:33,2025-04-18 02:30:58,30_2025Apr杭州
杭州西湖_61.HEIC,5a9faa8293e32477bc3a05103a73fc80,2025-06-08 17:38:33,2025-04-18 02:31:04,30_2025Apr杭州
杭州西湖_62.HEIC,0ad7a44fa7dd826422078764242a3cb6,2025-06-08 17:38:33,2025-04-18 02:56:34,30_2025Apr杭州
杭州西湖_63.HEIC,35d8286611f5441041769223a0eaa6d0,2025-06-08 17:38:33,2025-04-18 03:06:56,30_2025Apr杭州
杭州西湖_64.HEIC,a917604946713adf760039c0a3c35ba2,2025-06-08 17:38:33,2025-04-18 03:34:44,30_2025Apr杭州
杭州西湖_65.HEIC,606b4fd4bc614e8112bd7f9a8f7302c1,2025-06-08 17:38:33,2025-04-18 03:35:08,30_2025Apr杭州
杭州西湖_66.HEIC,9491cfebeb57be22182c001a693d0fcb,2025-06-08 17:38:33,2025-04-18 03:36:16,30_2025Apr杭州
杭州西湖_67.HEIC,28cdcedc8df248b8af81b3450402f92d,2025-06-08 17:38:33,2025-04-18 03:36:26,30_2025Apr杭州
杭州西湖_BusRoute.HEIC,4eaa94dd213c452367560f8fdacac3db,2025-06-08 17:38:33,2025-04-18 03:37:06,30_2025Apr杭州
杭州西湖_Miu1.HEIC,59ffa657d1b971c70aecbe17c981abd3,2025-06-08 17:08:50,2025-04-18 14:11:08,30_2025Apr杭州
杭州西湖_Miu2.HEIC,defc265927d0be5e02cd25b16ae0e8d9,2025-06-08 17:08:50,2025-04-18 14:11:10,30_2025Apr杭州
杭州西湖_Miu3.HEIC,c02e8ccd31e8f5f5ee11ac69ed01ae7e,2025-06-08 17:08:51,2025-04-18 15:37:06,30_2025Apr杭州
杭州西湖_Miu4.HEIC,f421424d3b516c57df67eed4189d93cf,2025-06-08 17:08:51,2025-04-18 15:37:16,30_2025Apr杭州
杭州西湖_Son1.HEIC,177867bfbc1a9a7ca8e0c785f83542f3,2025-06-08 17:08:50,2025-04-18 14:11:34,30_2025Apr杭州
杭州西湖_Son2.HEIC,a7ebe3d8a234d212dd4588119b58df4a,2025-06-08 17:08:51,2025-04-18 14:12:00,30_2025Apr杭州
杭州錢塘江1.MP4,d620a50177cdbf305206878a9921d411,2025-06-08 19:52:49,2025-04-18 04:33:00,30_2025Apr杭州
杭州錢塘江10.HEIC,79023c8e949793d67e9c863aab8f2692,2025-06-08 17:08:52,2025-04-18 16:35:26,30_2025Apr杭州
杭州錢塘江11.HEIC,a224cd8dcef0f7f50e448758e5bbbc38,2025-06-08 17:08:52,2025-04-18 16:37:12,30_2025Apr杭州
杭州錢塘江12.HEIC,f94a0e83cf740f395a9c8c9f5037ff50,2025-06-08 17:08:53,2025-04-18 16:39:08,30_2025Apr杭州
杭州錢塘江2.MP4,c0164f3114ea722b7bb704335adb201d,2025-06-08 19:52:57,2025-04-18 04:34:24,30_2025Apr杭州
杭州錢塘江20.HEIC,9ab99c0c1cb27532c29b3631e2fadace,2025-06-08 17:38:33,2025-04-18 04:37:24,30_2025Apr杭州
杭州錢塘江21.HEIC,d13d84e549164e57798947cbb86a321b,2025-06-08 17:38:33,2025-04-18 04:37:30,30_2025Apr杭州
杭州錢塘江3.MP4,12e38ca2564ca4f94de803a70996d16f,2025-06-08 19:53:03,2025-04-18 04:42:22,30_2025Apr杭州
杭州錢塘江4.MP4,f4fbf6cfdd57134feada3321a2667d8b,2025-06-08 19:53:13,2025-04-18 04:44:18,30_2025Apr杭州
杭州錢塘江5.HEIC,084409086f6c56654a6175e623ce90db,2025-06-08 17:08:52,2025-04-18 16:31:54,30_2025Apr杭州
杭州錢塘江6.HEIC,8c6dc8bbfda899193f62ba2b79425f28,2025-06-08 17:08:52,2025-04-18 16:34:10,30_2025Apr杭州
杭州錢塘江7.HEIC,1a6e817fcf35b1472c1e76500821efcf,2025-06-08 17:08:52,2025-04-18 16:34:24,30_2025Apr杭州
杭州錢塘江8.HEIC,215808b25918d698584f7623e639a26a,2025-06-08 17:08:52,2025-04-18 16:34:26,30_2025Apr杭州
杭州錢塘江9_Miu.HEIC,2bcdf40baa6b3f1c590f31f958b552cc,2025-06-08 17:08:52,2025-04-18 16:34:30,30_2025Apr杭州
東莞_Map.MP4,d8ecd3952b703a6fdc778cf2cbdb00f2,2025-06-08 19:17:45,2025-04-11 07:43:32,10_2025Apr東莞
東莞_Shipping.JPG,99fcfc1e3eee15ad4261abf115367b11,2025-06-08 19:10:25,2025-05-10 06:42:48,10_2025Apr東莞
東莞_公園1.MP4,7e3c0241ac3dcff3ed1227124aa5c048,2025-06-08 19:14:11,2025-04-10 23:21:38,10_2025Apr東莞
東莞_公園2.MP4,41881e11af62d31eb7c0f966d65f46f6,2025-06-08 19:14:15,2025-04-10 23:34:50,10_2025Apr東莞
東莞_公園3.MP4,2be384eb629392d57c745026e7cdc0c8,2025-06-08 19:14:25,2025-04-10 23:40:00,10_2025Apr東莞
東莞_祖先1.MP4,c95eb8e132bdfcd8e4c12c61b4f2c41f,2025-06-08 19:13:23,2025-04-10 23:10:24,10_2025Apr東莞
東莞_祖先10.MP4,e9a4331ffe1dab05fbdc71deb4f19d33,2025-06-08 19:15:16,2025-04-11 00:37:58,10_2025Apr東莞
東莞_祖先11.MP4,c7b14529f8dcfbe3f31ad98574806497,2025-06-08 19:15:23,2025-04-11 00:44:42,10_2025Apr東莞
東莞_祖先2.MP4,ab215212bf1bfa22fcae02f24d1735ec,2025-06-08 19:13:40,2025-04-10 23:15:42,10_2025Apr東莞
東莞_祖先3.MP4,998b8fc43eb9236ebfd9e27bd0c61eb3,2025-06-08 19:13:59,2025-04-10 23:18:02,10_2025Apr東莞
東莞_祖先4.MP4,3bcf87161216b4735334c954b3d4da1b,2025-06-08 19:14:48,2025-04-11 00:15:18,10_2025Apr東莞
東莞_祖先5.MP4,096ca555676eead23f9a43ba15abb731,2025-06-08 19:15:01,2025-04-11 00:16:54,10_2025Apr東莞
東莞_祖先6.MP4,bd382049ee2d99bb0574de549dd6b316,2025-06-08 19:15:05,2025-04-11 00:17:54,10_2025Apr東莞
東莞_祖先7.MP4,aae17647a268c4da77461e443be9ac46,2025-06-08 19:15:07,2025-04-11 00:19:02,10_2025Apr東莞
東莞_祖先8.MP4,59772fa3ac364333f73e00a621a22070,2025-06-08 19:15:11,2025-04-11 00:21:44,10_2025Apr東莞
東莞_祖先9.MP4,26cc869c853e69be1b88dde794361817,2025-06-08 19:15:13,2025-04-11 00:23:36,10_2025Apr東莞
東莞Bookstore1.MP4,a882d1de20e223971cb52f0abf73ed3d,2025-06-08 19:22:49,2025-04-12 02:29:12,10_2025Apr東莞
東莞Bookstore10.HEIC,35496001c31f05aa68526687b1729c98,2025-06-08 17:08:33,2025-04-12 14:54:12,10_2025Apr東莞
東莞Bookstore11.HEIC,a2ec63f4585bfe3a3b4f922a6049afb9,2025-06-08 17:08:34,2025-04-12 15:21:02,10_2025Apr東莞
東莞Bookstore12.HEIC,8b0738d8093d2bdba4c9d85409f7f6c1,2025-06-08 17:08:34,2025-04-12 15:21:24,10_2025Apr東莞
東莞Bookstore13.HEIC,fdcfbee45d1cad39e1ec5040b99b4c9a,2025-06-08 17:08:34,2025-04-12 15:21:32,10_2025Apr東莞
東莞Bookstore14.HEIC,b348c05eadbd5451eb8ab0ae3435ef6b,2025-06-08 17:08:34,2025-04-12 15:22:06,10_2025Apr東莞
東莞Bookstore15.HEIC,9927770dfe459b2c2e64b62767003a11,2025-06-08 17:08:35,2025-04-12 15:22:22,10_2025Apr東莞
東莞Bookstore16.HEIC,0ee5f354361c06a8f431a31553fa4a98,2025-06-08 17:08:35,2025-04-12 15:22:36,10_2025Apr東莞
東莞Bookstore17.HEIC,8f22594969e5f767289712ed444189dc,2025-06-08 17:08:35,2025-04-12 15:22:46,10_2025Apr東莞
東莞Bookstore18.HEIC,2bee7566bc7a7203506ba9ff4235d21c,2025-06-08 17:08:36,2025-04-12 15:22:58,10_2025Apr東莞
東莞Bookstore2.MP4,026f38651d3d23cf14139d9e5192db97,2025-06-08 19:23:02,2025-04-12 02:33:14,10_2025Apr東莞
東莞Bookstore3.MP4,fec4817814af0f63566771c427822959,2025-06-08 19:23:22,2025-04-12 02:44:52,10_2025Apr東莞
東莞Bookstore4.MP4,5ab41d0cd453723dcf57246747160c14,2025-06-08 19:23:48,2025-04-12 02:57:40,10_2025Apr東莞
東莞Bookstore5.MP4,74e96b65fb88af066988ebed0995f4ce,2025-06-08 19:23:59,2025-04-12 02:58:04,10_2025Apr東莞
東莞Bookstore6.HEIC,916f09033f55bbe81a1c44ccb208121f,2025-06-08 19:26:06,2025-06-13 16:12:15,10_2025Apr東莞
東莞Bookstore7.HEIC,39303b1b3ff812cbba844d5d3848972f,2025-06-08 19:26:06,2025-04-12 02:34:36,10_2025Apr東莞
東莞Bookstore8.HEIC,00a4a533aaa7f130d6822a35f1a89f81,2025-06-08 17:08:33,2025-04-12 14:38:56,10_2025Apr東莞
東莞Bookstore9.HEIC,767a1730a9e1aea1d65caec473e684a8,2025-06-08 19:26:06,2025-04-12 02:52:16,10_2025Apr東莞
東莞DD1.MP4,192eb78d3f4eb1afdfad057ce97604e1,2025-06-08 19:10:09,2025-04-10 00:18:04,05_2025Apr深圳
東莞DD2.MP4,52867b885265138816f6c50cd961dbde,2025-06-08 19:10:03,2025-04-10 00:14:40,05_2025Apr深圳
東莞DD3.MP4,7ba29f45090ff1392e6c9f075a999889,2025-06-08 19:10:01,2025-04-10 00:06:56,05_2025Apr深圳
東莞DD4.MP4,19e0ed4915d6401bcb110971cc536dc4,2025-06-08 19:09:49,2025-04-10 00:05:38,05_2025Apr深圳
東莞DD5.MP4,6cbdf1f249406b940a5042997dbeb8aa,2025-06-08 19:09:44,2025-04-10 00:00:44,05_2025Apr深圳
東莞DD6.MP4,b9c9c9770d4da512207cc56d4d3dd50a,2025-06-08 19:09:42,2025-04-09 23:54:36,05_2025Apr深圳
東莞DD7.MP4,4e3a6b85d16345e33862bae493e46afd,2025-06-08 19:09:36,2025-04-09 23:34:38,05_2025Apr深圳
東莞DD8.MP4,fc3fcb3a48d86fbbb4f1b9c5c71d1334,2025-06-08 19:09:33,2025-04-09 23:27:08,05_2025Apr深圳
東莞Hotel1.MP4,754196400c16c260572c3b9d65de7f29,2025-06-08 19:18:48,2025-04-11 19:22:06,10_2025Apr東莞
東莞Hotel2.MP4,eb099e6083ecf42344c380abe5e0407d,2025-06-08 19:18:52,2025-04-11 19:23:26,10_2025Apr東莞
東莞Sign.HEIC,c4c2144a4d9ddf82c45deb05e996c98d,2025-06-08 19:26:05,2025-04-11 08:03:02,10_2025Apr東莞
東莞Subway1.HEIC,27fd74be80fd20c3ae1e0a2af5417b2c,2025-06-08 19:26:05,2025-04-11 08:31:06,10_2025Apr東莞
東莞Subway2.HEIC,1f6527b0de80070039572dc2378cc2b8,2025-06-08 19:26:05,2025-04-11 08:31:22,10_2025Apr東莞
東莞Subway3.HEIC,ce9a573750cab2e5f2513a4b7d712ea0,2025-06-08 19:26:05,2025-04-11 08:33:36,10_2025Apr東莞
東莞公園.HEIC,889f2847114783deeb0d1a63d266684e,2025-06-08 17:08:28,2025-04-11 11:52:34,10_2025Apr東莞
東莞公園_Aft1.MP4,a063ce7660a5cc5b527260e7c5afee25,2025-06-08 19:24:00,2025-04-12 04:43:38,10_2025Apr東莞
東莞公園_Aft2.MP4,03a9d3160438af3d48ca9a8509e00e8b,2025-06-08 19:24:02,2025-04-12 04:44:16,10_2025Apr東莞
東莞公園_Aft3.MP4,f60f59de762c403ccd2fd9ddc735be0b,2025-06-08 19:24:04,2025-04-12 04:45:34,10_2025Apr東莞
東莞午餐1.MP4,8ba9dcf2c7966ce87a5370f74696bc1a,2025-06-08 19:15:44,2025-04-11 01:24:00,10_2025Apr東莞
東莞午餐2.MP4,857baa4f3379ba261a1accebabbb1241,2025-06-08 19:15:50,2025-04-11 01:27:04,10_2025Apr東莞
東莞午餐3.MP4,e2569b6151836f7b5c82ffe7275619b1,2025-06-08 19:15:55,2025-04-11 01:29:54,10_2025Apr東莞
東莞午餐4.MP4,0259c622e113640a98a69c843dc04cc0,2025-06-08 19:16:01,2025-04-11 01:36:12,10_2025Apr東莞
東莞家族_Picture.jpg,8e36dd0a8dddb04c9e1e7cb658290153,2025-06-08 19:10:25,2025-04-12 19:36:22,10_2025Apr東莞
東莞家族屋1.MP4,7477dd23aa266d1024d4bf127f6fc450,2025-06-08 19:25:09,2025-04-12 08:50:50,10_2025Apr東莞
東莞家族屋2.HEIC,7fb96f9fa31bf3abf9126a7165ec3923,2025-06-08 19:26:05,2025-04-11 21:06:34,10_2025Apr東莞
東莞家族屋3.HEIC,e13fc44f964f9c00ff84c8795a32c149,2025-06-08 19:26:05,2025-04-11 21:06:38,10_2025Apr東莞
東莞家族晚餐1.MP4,1b4f4534a6c73f8fd4d6fffb447f4472,2025-06-08 19:24:07,2025-04-12 06:20:42,10_2025Apr東莞
東莞家族晚餐2.MP4,72a4d76c56d9797b8d39f73131ea7bd2,2025-06-08 19:24:16,2025-04-12 06:21:44,10_2025Apr東莞
東莞家族晚餐3.MP4,404a7fde358d75cc4305bd0a507d6ef1,2025-06-08 19:24:19,2025-04-12 06:27:40,10_2025Apr東莞
東莞家族晚餐4.MP4,8b8ed0177e2b77b74e3964ada6867408,2025-06-08 19:24:32,2025-04-12 06:49:44,10_2025Apr東莞
東莞家族晚餐5.MP4,744c93376180276e46b1a231ce28e0fe,2025-06-08 19:24:51,2025-04-12 08:10:48,10_2025Apr東莞
東莞家族晚餐6.HEIC,974d8dfa519c4eea04a442858b46e242,2025-06-08 19:26:07,2025-04-12 08:10:18,10_2025Apr東莞
東莞家族晚餐7.HEIC,eeead700e1afc7d07985d8a88377c378,2025-06-08 19:26:07,2025-04-12 08:10:26,10_2025Apr東莞
東莞家族晚餐8.HEIC,c5d05a06761474464fd6f8355b175c98,2025-06-08 19:26:07,2025-04-12 08:10:28,10_2025Apr東莞
東莞家族晚餐_Menu1.HEIC,860440b1653fa8bcada64e65eab47963,2025-06-08 19:26:06,2025-04-12 06:35:24,10_2025Apr東莞
東莞家族晚餐_Menu2.HEIC,93ebbc25ec3b6bb07fc89029698ac7c0,2025-06-08 19:26:06,2025-04-12 08:04:14,10_2025Apr東莞
東莞家族晚餐_Menu3.HEIC,31ed5c58a04eaf078a721a23cd307eb5,2025-06-08 19:26:07,2025-06-13 16:12:34,10_2025Apr東莞
東莞家族晚餐_Menu4.HEIC,db2b88b8d46c131bd320a6697fa14a53,2025-06-08 19:26:07,2025-06-13 16:12:48,10_2025Apr東莞
東莞家族晚餐_Menu5.HEIC,2908335f8579223da3f69df53e211a0d,2025-06-08 19:26:07,2025-06-13 16:12:58,10_2025Apr東莞
東莞家族晚餐_Menu6.HEIC,e46eb27abe79383eb5b8eb7e21b804d8,2025-06-08 19:26:07,2025-06-13 16:13:08,10_2025Apr東莞
東莞家族晚餐_Menu7.HEIC,af3f148769932e18d6c94708101a0db1,2025-06-08 19:26:07,2025-06-13 16:13:22,10_2025Apr東莞
東莞家族晚餐_Menu8.HEIC,c1e3f7474c5a2d5d38f23734222f6f5b,2025-06-08 19:26:07,2025-06-13 16:13:33,10_2025Apr東莞
東莞家族晚餐_Menu9.HEIC,0cd9baea86add13cd3912cf98f1e46e0,2025-06-08 19:26:07,2025-06-13 16:13:40,10_2025Apr東莞
東莞家族晚餐_Seafood.MOV,38cb718b6149f924b163f1a1668791be,2025-06-08 19:26:07,2025-04-12 20:32:58,10_2025Apr東莞
東莞家族晚餐BigTable1.HEIC,5103956d76710dc1eab69d506fcc6412,2025-06-08 17:08:36,2025-04-12 18:30:42,10_2025Apr東莞
東莞家族晚餐BigTable2.HEIC,63e3e90379c6cbe0e495cf6956e03206,2025-06-08 19:26:06,2025-04-12 06:30:52,10_2025Apr東莞
東莞家族晚餐BigTable3.HEIC,fc8d0c7192f07c7dabf1560e41f3ca28,2025-06-08 17:08:36,2025-04-12 18:30:58,10_2025Apr東莞
東莞家族晚餐BigTable4.HEIC,e44e17cbccbb2d5746e0e6c850fcd76d,2025-06-08 19:26:06,2025-04-12 06:31:32,10_2025Apr東莞
東莞屋1.MP4,32d66913013368d04783ecdf340f6faf,2025-06-08 19:18:57,2025-04-11 21:33:52,10_2025Apr東莞
東莞屋2.MP4,59ef3decb2800a26de6b5559b7f6d3db,2025-06-08 19:19:00,2025-04-11 21:48:14,10_2025Apr東莞
東莞屋3.JPG,df92c5fff3fc1113996df392787086e2,2025-06-08 19:26:06,2025-04-11 23:32:26,10_2025Apr東莞
東莞屋3.MP4,e1bd80ad5276c790109197ed6271b3cf,2025-06-08 19:19:06,2025-04-11 21:50:08,10_2025Apr東莞
東莞屋4.JPG,8dd9ca38c18b1069af940ce8b380f592,2025-06-08 19:26:06,2025-04-11 23:33:12,10_2025Apr東莞
東莞屋5.HEIC,1be9d37b6df26a2727e90c970aff220c,2025-06-08 19:26:06,2025-04-12 00:37:04,10_2025Apr東莞
東莞市中心1.MP4,e17e201afd39800bf23a8226813b1af7,2025-06-08 19:16:32,2025-04-11 03:32:26,10_2025Apr東莞
東莞市中心2.MP4,0791d603e55c910adcb4337e19e4d547,2025-06-08 19:16:47,2025-04-11 03:38:08,10_2025Apr東莞
東莞市中心3.MP4,93347a8e8197371a31b063dea8f488e5,2025-06-08 19:16:55,2025-04-11 04:04:12,10_2025Apr東莞
東莞市中心4.MP4,531c7e514c19af3933cfaac5e68d4cf4,2025-06-08 19:16:56,2025-04-11 06:39:12,10_2025Apr東莞
東莞市中心_夜晚1.HEIC,ae1d6a2f1651ca1755a0b208528bfb94,2025-06-08 17:08:29,2025-04-11 15:24:16,10_2025Apr東莞
東莞市中心_夜晚Family1.HEIC,060d65ed5be1c9bde9ccd0eff77530b3,2025-06-08 17:08:30,2025-04-11 19:35:50,10_2025Apr東莞
東莞市中心_夜晚Family2.HEIC,b184ca72995bf3b94b1c45e77b314273,2025-06-08 17:08:30,2025-04-11 19:35:56,10_2025Apr東莞
東莞市中心_夜晚Fanmily3.HEIC,2d0da91e61b60e6593640de83034df5b,2025-06-08 17:08:30,2025-04-11 19:36:00,10_2025Apr東莞
東莞市中心_夜晚Simon1.HEIC,d04718de3d8a6b30fb55f0197dd190f9,2025-06-08 19:26:00,2025-04-11 07:40:04,10_2025Apr東莞
東莞市中心_夜晚Simon2.HEIC,db6cefe7620f824ae4acfc5f5ffdde09,2025-06-08 19:26:00,2025-04-11 07:40:08,10_2025Apr東莞
東莞市中心_夜晚Simon3.HEIC,bf29b11b50f6dc9760d72d1e768fce5c,2025-06-08 19:26:00,2025-04-11 07:40:10,10_2025Apr東莞
東莞市中心_夜晚Simon4.HEIC,e301dd59fa817b7035f19aec7540476f,2025-06-08 19:26:00,2025-04-11 07:40:14,10_2025Apr東莞
東莞市中心_夜晚Simon5.HEIC,fd72e495012ae51c5652cee99f003bd8,2025-06-08 19:26:00,2025-04-11 07:40:18,10_2025Apr東莞
東莞市中心_晚1.MP4,5262859514b153592c61c3d17e1d79f0,2025-06-08 19:17:00,2025-04-11 07:33:54,10_2025Apr東莞
東莞市中心_晚10.MP4,c182823c502c9e219d3e680355d7e6ac,2025-06-08 19:17:50,2025-04-11 07:53:16,10_2025Apr東莞
東莞市中心_晚11.MP4,aeae6c90bbd083b027061b918b2d9d0d,2025-06-08 19:18:01,2025-04-11 08:03:26,10_2025Apr東莞
東莞市中心_晚12.MP4,a4dc4d05b7553bb5073dba1527a955c2,2025-06-08 19:18:29,2025-04-11 08:09:36,10_2025Apr東莞
東莞市中心_晚13.MP4,738e9bcc9c203cf5685529d209317908,2025-06-08 19:18:35,2025-04-11 08:11:10,10_2025Apr東莞
東莞市中心_晚14.MP4,40f64c147b1ae24a6e7e094998791749,2025-06-08 19:18:38,2025-04-11 08:12:04,10_2025Apr東莞
東莞市中心_晚15.MP4,7daf41925debdcd8edbbf1971b99a590,2025-06-08 19:18:40,2025-04-11 08:12:46,10_2025Apr東莞
東莞市中心_晚16.MP4,dbaf17b2c7af46b1fefb5fd0a19df3dc,2025-06-08 19:18:44,2025-04-11 08:25:50,10_2025Apr東莞
東莞市中心_晚2.MP4,f1e3120e0f94770a4f5580a2dcca197a,2025-06-08 19:17:10,2025-04-11 07:36:52,10_2025Apr東莞
東莞市中心_晚3.MP4,5d329d88a24f3f4922b5b67b4096bc2f,2025-06-08 19:17:25,2025-04-11 07:38:20,10_2025Apr東莞
東莞市中心_晚4.MP4,1df7dafc8cdbf50df66794e6432950e6,2025-06-08 19:17:30,2025-04-11 07:39:22,10_2025Apr東莞
東莞市中心_晚5.MP4,da80fe44d7e4aa47fdb05aa610357471,2025-06-08 19:17:36,2025-04-11 07:40:28,10_2025Apr東莞
東莞市中心_晚6.MP4,60b65acfc85df014d2676f39294a8777,2025-06-08 19:17:41,2025-04-11 07:41:04,10_2025Apr東莞
東莞市中心_晚7.MP4,f22387ab029605afea49115e05de4b71,2025-06-08 19:17:47,2025-04-11 07:44:04,10_2025Apr東莞
東莞市中心_晚8.MOV,0562b0ddfb92024165eb45b45c678ff8,2025-06-08 19:26:01,2025-04-11 07:48:42,10_2025Apr東莞
東莞市中心_晚9.MOV,12409eeb6b00ccbf0cb83af01bf2e466,2025-06-08 19:26:03,2025-04-11 07:49:48,10_2025Apr東莞
東莞市中心晚1.HEIC,0ec2461e378a739abc1114f36885af8b,2025-06-08 17:08:23,2025-04-10 20:33:34,10_2025Apr東莞
東莞市中心晚10.HEIC,049980135908b65d409784fc5e58020d,2025-06-08 19:25:59,2025-04-10 08:53:00,10_2025Apr東莞
東莞市中心晚11.HEIC,5f240af859e01c672aab34b67cb9bc1e,2025-06-08 19:25:59,2025-04-10 08:53:02,10_2025Apr東莞
東莞市中心晚12.HEIC,14546724e67d5710ae7523aaec3dc52f,2025-06-08 19:25:59,2025-04-10 08:53:54,10_2025Apr東莞
東莞市中心晚13.HEIC,4fc3a08fe048cc2494d343584ed2c4c1,2025-06-08 19:25:59,2025-04-10 08:53:56,10_2025Apr東莞
東莞市中心晚14.HEIC,c7949f2e3ca3cc43f02369fb28fee942,2025-06-08 19:25:59,2025-04-10 08:53:58,10_2025Apr東莞
東莞市中心晚15.HEIC,e363ed6cac7eb720fe386367f7a9ff3d,2025-06-08 19:25:59,2025-04-10 08:57:46,10_2025Apr東莞
東莞市中心晚16.HEIC,84eb1cb5bdbf1b0c8d5e6df83b07a0e4,2025-06-08 17:08:25,2025-04-10 20:57:54,10_2025Apr東莞
東莞市中心晚17.HEIC,dfedaae5575ea2c57d7af7b74a2c32c1,2025-06-08 17:08:25,2025-04-10 20:58:24,10_2025Apr東莞
東莞市中心晚18.HEIC,6f07601f0531f1ba09e2e2542e894786,2025-06-08 19:25:59,2025-04-10 09:03:10,10_2025Apr東莞
東莞市中心晚2.HEIC,76c36dc952f2d649c250045427408f8c,2025-06-08 19:25:59,2025-04-10 08:33:56,10_2025Apr東莞
東莞市中心晚3.HEIC,e0d34ae133b1308e06fa5e88dec3f97b,2025-06-08 17:08:24,2025-04-10 20:34:36,10_2025Apr東莞
東莞市中心晚4.HEIC,828f9d63c2c74d41b5ee9e945d06475a,2025-06-08 17:08:24,2025-04-10 20:34:48,10_2025Apr東莞
東莞市中心晚5.HEIC,0f2ab830a3c9a2ec6db14ef1fa42bbd2,2025-06-08 17:08:24,2025-04-10 20:38:14,10_2025Apr東莞
東莞市中心晚6.HEIC,60b36b07aa597ad86331bbb68f25d984,2025-06-08 19:25:59,2025-04-10 08:38:36,10_2025Apr東莞
東莞市中心晚7.HEIC,2d52120c0295fa8ebb11c293a9fa09f6,2025-06-08 17:08:25,2025-04-10 20:38:34,10_2025Apr東莞
東莞市中心晚8.HEIC,d977de93fe14289f4b03e1fc9895dfba,2025-06-08 19:25:59,2025-04-10 08:52:26,10_2025Apr東莞
東莞市中心晚9.HEIC,f22b4083df6f9de1c38f232ae01fe7e7,2025-06-08 19:25:59,2025-04-10 08:52:58,10_2025Apr東莞
東莞市中心駕駛1.MP4,ad59ad643e67263721ef9ca4cff82b04,2025-06-08 19:16:02,2025-04-11 02:55:08,10_2025Apr東莞
東莞市中心駕駛2.MP4,cd4c0232f85816d61fbe6a439d2a6469,2025-06-08 19:16:08,2025-04-11 02:59:04,10_2025Apr東莞
東莞市中心駕駛3.MP4,b1a70930d65485f537a1507bc29c9ef4,2025-06-08 19:16:25,2025-04-11 03:27:48,10_2025Apr東莞
東莞早餐1.MP4,b1a32f38cc16163dc284f0937d781c7c,2025-06-08 19:10:25,2025-04-10 21:18:58,10_2025Apr東莞
東莞早餐10.HEIC,cea8c8e6c03b2d44e539ac6aa1595e96,2025-06-08 19:26:05,2025-04-11 21:06:54,10_2025Apr東莞
東莞早餐11.HEIC,4bc6e12f9c93daa4898e233d6c9b864e,2025-06-08 19:26:06,2025-04-11 21:07:36,10_2025Apr東莞
東莞早餐12.HEIC,16a845e6ece150235e7209c3f768b00d,2025-06-08 19:26:06,2025-04-11 21:07:42,10_2025Apr東莞
東莞早餐13.HEIC,e610cdbc5bcf7a9dfd0d24af3aaed7ea,2025-06-08 19:26:06,2025-04-11 21:07:48,10_2025Apr東莞
東莞早餐2.MP4,08264f0bad6d864792a7ab0b0dbb6eb2,2025-06-08 19:10:29,2025-04-10 21:23:58,10_2025Apr東莞
東莞早餐3.MP4,215d9f70dd557a18eb18c722acc480b4,2025-06-08 19:10:33,2025-04-10 21:33:58,10_2025Apr東莞
東莞早餐4.MP4,fb6870f12b776e8f8f3f259fd9ad7011,2025-06-08 19:10:36,2025-04-10 21:39:58,10_2025Apr東莞
東莞晚餐1.heic,bada5de0cbb7d67775bc58f6139ac0d8,2025-06-08 19:25:58,2025-04-10 06:44:48,10_2025Apr東莞
東莞晚餐2.heic,122e6e9cf56bd4ce0201588d6dc9b930,2025-06-08 19:25:58,2025-04-10 06:44:50,10_2025Apr東莞
東莞晚餐3.heic,66ec332c550804221c4c6fe59ea0e80a,2025-06-08 19:25:58,2025-04-10 07:12:20,10_2025Apr東莞
東莞晚餐4.HEIC,58e5565bebdfed51d877ffcc0aa4bd1e,2025-06-08 19:25:58,2025-04-10 07:12:24,10_2025Apr東莞
東莞晚餐5.HEIC,d16524d9dc77c324371f7d53cc12b774,2025-06-08 19:25:59,2025-04-10 07:54:42,10_2025Apr東莞
東莞正雄.HEIC,9b8206c36b36aaa2fded20002968a548,2025-06-08 19:26:00,2025-04-11 00:56:02,10_2025Apr東莞
東莞正雄屋1.MP4,0d731be45ca4dfcadae03564b081f76c,2025-06-08 19:15:31,2025-04-11 00:47:32,10_2025Apr東莞
東莞正雄屋2.MP4,0b48fcdb095361652989c55b2ab7a8be,2025-06-08 19:15:36,2025-04-11 00:50:12,10_2025Apr東莞
東莞正雄屋3.MP4,30c8526f1d9926d2622fe5adc26de60a,2025-06-08 19:15:41,2025-04-11 00:51:00,10_2025Apr東莞
東莞無人駕駛的士1.HEIC,981f230545ef4019decfb7153da476c2,2025-06-08 17:08:26,2025-04-11 10:35:06,10_2025Apr東莞
東莞無人駕駛的士1.MP4,3a482558bdeebe5299043b2686d5b6be,2025-06-08 19:10:39,2025-04-10 22:36:54,10_2025Apr東莞
東莞無人駕駛的士2.HEIC,5e2cd3144f84eaef8b914f853b78dcff,2025-06-08 17:08:26,2025-04-11 10:38:46,10_2025Apr東莞
東莞無人駕駛的士2.MP4,0430d62b723927432f9f00ce7592c45d,2025-06-08 19:10:51,2025-04-10 22:39:30,10_2025Apr東莞
東莞無人駕駛的士3.HEIC,d2cc8263d9080fd3dd59a2b0dc8cb743,2025-06-08 17:08:26,2025-04-11 10:40:06,10_2025Apr東莞
東莞無人駕駛的士3.MP4,1fdc97fa8c95263cc5bf7af196a5f677,2025-06-08 19:11:23,2025-04-10 22:59:22,10_2025Apr東莞
東莞無人駕駛的士4.HEIC,4df13f2c19d3a79e6d9dcec16c40ba4f,2025-06-08 17:08:27,2025-04-11 10:40:16,10_2025Apr東莞
東莞無人駕駛的士4.MP4,f8fe6d9bdf1ed7f945cf6444c896a844,2025-06-08 19:12:57,2025-04-10 23:00:16,10_2025Apr東莞
東莞無人駕駛的士5.HEIC,f7eece8cd21dd5e9c831243b4b365249,2025-06-08 17:08:27,2025-06-12 11:06:43,10_2025Apr東莞
東莞無人駕駛的士5.MP4,60273a56fdf9aa2a6a6686d0a61ac5ec,2025-06-08 19:13:04,2025-04-10 23:07:16,10_2025Apr東莞
東莞祖先1.HEIC,652943cf5a1eea57a2f2904141253741,2025-06-08 17:08:27,2025-04-11 11:06:18,10_2025Apr東莞
東莞祖先2.HEIC,fdaa26029a21f39b2ae7ad3c136b25ff,2025-06-08 17:08:28,2025-04-11 11:07:06,10_2025Apr東莞
東莞祖先3.HEIC,0213cc1f3c9a32b77ef5871bea6f9f37,2025-06-08 19:26:00,2025-04-10 23:09:36,10_2025Apr東莞
東莞祖先4.HEIC,4fa5d9287012108542acbd391d8a15bb,2025-06-08 19:26:00,2025-04-10 23:09:48,10_2025Apr東莞
東莞祖先5.HEIC,1f30bb476ccf15ac8c122d9c5d702a6d,2025-06-08 19:26:00,2025-04-10 23:18:08,10_2025Apr東莞
東莞祖先6.HEIC,617bbe39c12e07a6af70df9d133a2f0e,2025-06-08 19:26:00,2025-04-10 23:18:14,10_2025Apr東莞
東莞祖先7.HEIC,bf88b2f8197754b1448c02abc1895eae,2025-06-08 17:08:28,2025-04-11 12:16:08,10_2025Apr東莞
東莞祖先墳墓1.MP4,ae502493a9aa6e9262e5c3d9b14e2dcb,2025-06-08 19:19:25,2025-04-11 21:59:10,10_2025Apr東莞
東莞祖先墳墓10.MP4,24f79de09d873eef0a2a77e949fb1848,2025-06-08 19:22:04,2025-04-11 22:43:52,10_2025Apr東莞
東莞祖先墳墓11.MP4,e6f396de2bc88358be2fc1a2174fade7,2025-06-08 19:22:14,2025-04-11 22:49:10,10_2025Apr東莞
東莞祖先墳墓12.MP4,b403cc2dddab2ac9b1008d76180bde29,2025-06-08 19:22:18,2025-04-11 22:52:38,10_2025Apr東莞
東莞祖先墳墓13.MP4,532cfbfe84e0d1b81add1d99a0a3e56e,2025-06-08 19:22:27,2025-04-11 22:58:34,10_2025Apr東莞
東莞祖先墳墓2.MP4,d5029f8508e3e9ffa46edb623502cdf5,2025-06-08 19:20:15,2025-04-11 22:16:30,10_2025Apr東莞
東莞祖先墳墓3.MP4,83282025463ea2316744f35ea90a4124,2025-06-08 19:20:28,2025-04-11 22:17:02,10_2025Apr東莞
東莞祖先墳墓4.MP4,b42ff57a320fde080e0a17b2f4a6ffd3,2025-06-08 19:20:31,2025-04-11 22:17:30,10_2025Apr東莞
東莞祖先墳墓5.MP4,f88cf066ecfce65edc0569799965426b,2025-06-08 19:20:34,2025-04-11 22:19:04,10_2025Apr東莞
東莞祖先墳墓6.MP4,bbae76181cd0356cac07cceef2c5dcd5,2025-06-08 19:20:41,2025-04-11 22:30:46,10_2025Apr東莞
東莞祖先墳墓7.MP4,90b439af5c2346ed1b4d21d02bf56462,2025-06-08 19:20:49,2025-04-11 22:34:16,10_2025Apr東莞
東莞祖先墳墓8.MP4,a4707c15bc314cd12501ea369a5558c9,2025-06-08 19:21:14,2025-04-11 22:40:22,10_2025Apr東莞
東莞祖先墳墓9.MP4,063c74b46b9ee1d385e4dad41a42212c,2025-06-08 19:21:52,2025-04-11 22:42:12,10_2025Apr東莞
東莞貿易中心1.HEIC,49734bc428e64333fb290296fcaecceb,2025-06-08 17:08:29,2025-04-11 19:34:04,10_2025Apr東莞
東莞貿易中心10.HEIC,0a146c98517aefe26ffc9c66ff3dd05c,2025-06-08 19:26:05,2025-04-11 08:02:34,10_2025Apr東莞
東莞貿易中心11.HEIC,7d59b0f7f97cdd0b44bc356c8e46d9ec,2025-06-08 19:26:05,2025-04-11 08:02:38,10_2025Apr東莞
東莞貿易中心2.HEIC,7aa0e91ecb5785f8fbc43f4d4b970016,2025-06-08 17:08:29,2025-04-11 19:34:28,10_2025Apr東莞
東莞貿易中心3.HEIC,468295c541bab409801c188b06706e14,2025-06-08 17:08:31,2025-04-11 19:37:24,10_2025Apr東莞
東莞貿易中心4.HEIC,defc4cd860817156d123d1b70159e2b1,2025-06-08 19:26:00,2025-04-11 07:44:46,10_2025Apr東莞
東莞貿易中心5.HEIC,6e6968d2334cb3fa036ab459b9f2bf79,2025-06-08 19:26:00,2025-04-11 07:44:56,10_2025Apr東莞
東莞貿易中心6.HEIC,37fb58d304b0b8ad6c2b6392be42cfc1,2025-06-08 19:26:01,2025-04-11 07:45:18,10_2025Apr東莞
東莞貿易中心7.HEIC,1b504e9e5cd8d8f763fa46a4e16ecf2c,2025-06-08 19:26:01,2025-04-11 07:47:52,10_2025Apr東莞
東莞貿易中心8.HEIC,06ba44896f16f31bd5ffaa127d03d2fe,2025-06-08 19:26:01,2025-04-11 07:48:08,10_2025Apr東莞
東莞貿易中心9.HEIC,9b10136f29c7df518f086f947b9f92dc,2025-06-08 17:08:31,2025-04-11 19:49:22,10_2025Apr東莞
東莞車.HEIC,d3b243f1113f2949b85e9a3826c47e9a,2025-06-08 19:25:59,2025-04-10 07:54:26,10_2025Apr東莞
東莞車1.HEIC,8db2b83db692460109c57be2028d54f8,2025-06-08 19:26:06,2025-04-11 21:19:52,10_2025Apr東莞
東莞車2.HEIC,722d3005643989680014548bb579f07e,2025-06-08 19:26:06,2025-04-11 21:20:00,10_2025Apr東莞
東莞餐1.HEIC,7f753dfa6f285c9454570b9afe35cfbf,2025-06-08 19:25:58,2025-04-10 06:29:38,10_2025Apr東莞
東莞餐2.HEIC,d4476432590fe34fb6ec8ce9f526073b,2025-06-08 19:25:58,2025-04-10 06:44:40,10_2025Apr東莞
深圳_1.heic,06a466945096741b55c40f3298b131c4,2025-06-08 18:17:24,2025-04-28 22:36:44,85_2025May深圳
深圳_10.HEIC,d4d6146eff4b1af8c205a4af59858c8b,2025-06-08 18:17:25,2025-04-29 00:43:08,85_2025May深圳
深圳_100.MP4,bb780be89f009112cd38d1903efc93a4,2025-06-08 18:11:14,2025-05-11 21:05:58,85_2025May深圳
深圳_101.MP4,416f3f3a3ff70282f63e5b7acfbb2c4e,2025-06-08 18:11:22,2025-05-11 21:11:10,85_2025May深圳
深圳_102.MP4,8f6891bb8ef4970ec8736d4f3850c1e7,2025-06-08 18:11:26,2025-05-11 21:17:30,85_2025May深圳
深圳_103.MP4,ac6ed1101026911e9889894cfdf869a7,2025-06-08 18:11:30,2025-05-11 21:20:50,85_2025May深圳
深圳_104.MP4,50707fb38837c73e10a50d96e29e0c26,2025-06-08 18:11:37,2025-05-11 21:24:50,85_2025May深圳
深圳_105.MP4,cb5eea49ed84a708b0309d5a29ef6687,2025-06-08 18:11:42,2025-05-11 21:27:42,85_2025May深圳
深圳_106.MP4,3a7f604886bb1b778a22d2bb4079ea42,2025-06-08 18:11:44,2025-05-11 21:29:08,85_2025May深圳
深圳_107.MP4,4fa93a63bb5591eca43c263825aaac5d,2025-06-08 18:11:47,2025-05-11 21:53:02,85_2025May深圳
深圳_108.MP4,710941e89808b3c8282d2b21fa33002c,2025-06-08 18:11:52,2025-05-11 21:54:56,85_2025May深圳
深圳_109.MP4,7992ba3f6e13a50560d8b62e6e4c0cb2,2025-06-08 18:12:00,2025-05-11 21:55:52,85_2025May深圳
深圳_11.HEIC,b337e2694fd19251318521a258e40207,2025-06-08 18:17:25,2025-04-29 01:06:54,85_2025May深圳
深圳_110.MP4,92d5a343586d46659daf8951ffce3e17,2025-06-08 18:12:04,2025-05-11 21:58:04,85_2025May深圳
深圳_111.MP4,0083f0a76c48dc219aa4bbe2926155d2,2025-06-08 18:12:19,2025-05-11 22:04:46,85_2025May深圳
深圳_112.MP4,fe293ed76ab856c24e5ad20845b31839,2025-06-08 18:12:34,2025-05-11 22:08:12,85_2025May深圳
深圳_113.MP4,d9605ba84e816722b88f60d0251de9bb,2025-06-08 18:12:44,2025-05-11 22:10:56,85_2025May深圳
深圳_114.HEIC,f5f391c1c07601cf4b01a4ebf12be7eb,2025-06-08 18:17:49,2025-05-11 22:13:30,85_2025May深圳
深圳_115.MP4,b37e685693dd2280386f23bdb952a3e3,2025-06-08 18:13:01,2025-05-11 22:13:32,85_2025May深圳
深圳_116.MP4,433b2ac708bf71ef103bd1d4bff9937c,2025-06-08 18:13:05,2025-05-11 22:26:10,85_2025May深圳
深圳_117.MP4,538f74502edeeaf03818e385328ec95f,2025-06-08 18:13:11,2025-05-11 22:31:46,85_2025May深圳
深圳_118.MP4,ca0f4abaf151dec9ed097f4a9b5b37a0,2025-06-08 18:13:18,2025-05-11 22:42:24,85_2025May深圳
深圳_119.MP4,5d66b80eb028e601884aced037c19df1,2025-06-08 18:13:20,2025-05-11 22:50:26,85_2025May深圳
深圳_12.HEIC,93715a4d24ba737eae930c25bd8de84b,2025-06-08 18:17:25,2025-04-29 01:07:04,85_2025May深圳
深圳_120.MP4,3b46297cebe52dc8b5fdc95b89c7991b,2025-06-08 18:13:25,2025-05-11 22:55:32,85_2025May深圳
深圳_121.MP4,a85b64e32f80ab85d2f19682c25ca86f,2025-06-08 18:13:30,2025-05-11 22:58:22,85_2025May深圳
深圳_122.MP4,18dc884885a362828b9b3662a6f5cb94,2025-06-08 18:13:42,2025-05-11 23:00:34,85_2025May深圳
深圳_123.HEIC,4a38b83064ba1999797a1035330058e1,2025-06-08 18:17:49,2025-05-11 23:16:26,85_2025May深圳
深圳_124.HEIC,7f79a67ddab8d480b1c6e493a9bc26f5,2025-06-08 18:17:49,2025-05-11 23:16:32,85_2025May深圳
深圳_125.HEIC,2be509bf62073922a60d266bcaabb1ff,2025-06-08 18:17:49,2025-05-11 23:33:06,85_2025May深圳
深圳_126.HEIC,86b257a203327f1e97db2d76f9d56a11,2025-06-08 18:17:49,2025-05-11 23:33:12,85_2025May深圳
深圳_127.MP4,f71c0fcaddc30a6a3c014010b6605d84,2025-06-08 18:13:48,2025-05-12 00:46:44,85_2025May深圳
深圳_128.MP4,68c7a6638b7ded1ae2d1fd32cc2c589e,2025-06-08 18:13:59,2025-05-12 00:58:02,85_2025May深圳
深圳_129.MP4,15381598281e82aa15b30c324f9378d7,2025-06-08 18:14:08,2025-05-12 01:02:20,85_2025May深圳
深圳_13.HEIC,8384de8fdcea26bc034dcab506eae01d,2025-06-08 18:17:25,2025-04-29 01:07:16,85_2025May深圳
深圳_130.MP4,fac0ecf5c77809274173bc075a5961e2,2025-06-08 18:14:19,2025-05-12 01:11:36,85_2025May深圳
深圳_131.MP4,c8412f1cba77835b3108fe6a2f0bc4f7,2025-06-08 18:14:31,2025-05-12 01:14:30,85_2025May深圳
深圳_132.MP4,ac07a4a286432795345099c808e5d55b,2025-06-08 18:14:43,2025-05-12 01:22:32,85_2025May深圳
深圳_133.MP4,85a51767e0f41c60906df083a6ead4dd,2025-06-08 18:14:47,2025-05-12 01:23:38,85_2025May深圳
深圳_134.MP4,3104fb255476db75b2cd44eeba05e072,2025-06-08 18:14:54,2025-05-12 01:29:52,85_2025May深圳
深圳_135.HEIC,3b7625aa42bf746108f24cf14b5c468e,2025-06-08 18:17:49,2025-05-12 01:30:22,85_2025May深圳
深圳_136.HEIC,940e74fbeedadea58d97386e0c739ded,2025-06-08 18:17:49,2025-05-12 01:30:32,85_2025May深圳
深圳_137.HEIC,335af30359b8a093918b413a353224e2,2025-06-08 18:17:49,2025-05-12 01:30:50,85_2025May深圳
深圳_138.HEIC,061eada1cfb901265f43afc20b8594cd,2025-06-08 18:17:50,2025-05-12 01:30:52,85_2025May深圳
深圳_139.HEIC,483f910ec19efecaee8e25673ffbca7c,2025-06-08 18:17:50,2025-05-12 01:31:00,85_2025May深圳
深圳_14.HEIC,0982676550caa34a21307fddd8c0e8b7,2025-06-08 18:17:25,2025-04-29 01:07:24,85_2025May深圳
深圳_140.MP4,ca4a2b765ccec9a38431c3525aa981db,2025-06-08 18:15:07,2025-05-12 01:36:08,85_2025May深圳
深圳_141.MP4,c91d6f04bf9c37e11c845a7eb0c5ac82,2025-06-08 18:15:09,2025-05-12 01:36:54,85_2025May深圳
深圳_142.HEIC,5347bef1b359801bdd7317691183ea48,2025-06-08 18:17:50,2025-05-12 01:37:04,85_2025May深圳
深圳_143.MP4,65087511516506eb1016482f2bf0832a,2025-06-08 18:15:12,2025-05-12 01:38:14,85_2025May深圳
深圳_144.MP4,9e05f1aea48beb94a89ccac93a5c0b6f,2025-06-08 18:15:16,2025-05-12 01:39:58,85_2025May深圳
深圳_145.HEIC,9fd333017ffb51666ab057d758bacd3a,2025-06-08 18:17:50,2025-05-12 01:40:28,85_2025May深圳
深圳_146.HEIC,ef0128af3e0ef21b6e50eda1603d5a46,2025-06-08 18:17:50,2025-05-12 01:41:18,85_2025May深圳
深圳_147.HEIC,338ff5f8c9913ec0aad9238fa05c3085,2025-06-08 18:17:50,2025-05-12 01:41:38,85_2025May深圳
深圳_148.HEIC,4f412f786c7e9caa185e8ff70585c919,2025-06-08 18:17:50,2025-05-12 01:41:46,85_2025May深圳
深圳_149.HEIC,698aa3432b04665b477749501536df35,2025-06-08 18:17:50,2025-05-12 01:44:48,85_2025May深圳
深圳_15.HEIC,0293c2e8230ac30a60e9a74bb134c272,2025-06-08 18:17:25,2025-04-29 04:40:02,85_2025May深圳
深圳_150.HEIC,cb1ccf0a86a0fb79aedec78925d899d7,2025-06-08 18:17:50,2025-05-12 01:45:00,85_2025May深圳
深圳_151.MP4,2fd6b1dcecf28e21f95119efe5179324,2025-06-08 18:15:19,2025-05-12 01:47:28,85_2025May深圳
深圳_152.HEIC,f54de508ba99d72354d5cb6e3e2909fc,2025-06-08 18:17:50,2025-05-12 01:49:30,85_2025May深圳
深圳_153.HEIC,bff54123be6e78074c57e993117710d1,2025-06-08 18:17:50,2025-05-12 01:49:46,85_2025May深圳
深圳_154.HEIC,6bba672c8877b509bec02c7f21be0633,2025-06-08 18:17:50,2025-05-12 01:50:42,85_2025May深圳
深圳_155.MP4,c900e744959148ca529b75c8d7d69083,2025-06-08 18:15:22,2025-05-12 01:52:08,85_2025May深圳
深圳_156.HEIC,5ed4dfcac99bf8dc8b95bbbe124b7688,2025-06-08 18:17:50,2025-05-12 01:53:14,85_2025May深圳
深圳_157.HEIC,e8c5abab1c2a05baa6a522b4846bc7ad,2025-06-08 18:17:50,2025-05-12 01:53:16,85_2025May深圳
深圳_158.HEIC,b7ec606d5c2f27ac95b514d7f04c5744,2025-06-08 18:17:50,2025-05-12 01:54:08,85_2025May深圳
深圳_159.jpg,10d645c0e4890a59901999958f1d11db,2025-06-08 18:17:51,2025-05-12 02:00:20,85_2025May深圳
深圳_16.HEIC,83d9d1c8b7c0482aed7e7f822bddb3d2,2025-06-08 18:17:25,2025-04-29 05:14:58,85_2025May深圳
深圳_160.MP4,9640d06d83965a2c196f5029ca1e7516,2025-06-08 18:15:27,2025-05-12 02:16:12,85_2025May深圳
深圳_161.HEIC,cc67c033de0a85d628ee2f4bc2d0cfb5,2025-06-08 18:17:51,2025-05-12 02:46:14,85_2025May深圳
深圳_162.MP4,01810782affb8d4724980fcde82b6a58,2025-06-08 18:15:33,2025-05-12 02:49:22,85_2025May深圳
深圳_163.MP4,35d9e7cfc002e84b63b24bd38b0f094d,2025-06-08 18:15:47,2025-05-12 02:51:04,85_2025May深圳
深圳_164.HEIC,f27540d141d31ab90f18f78c99e2fcc8,2025-06-08 18:17:51,2025-05-12 02:51:26,85_2025May深圳
深圳_165.MP4,4a3153a11e4b1d275e28a82dd7c2a16b,2025-06-08 18:15:55,2025-05-12 02:52:52,85_2025May深圳
深圳_166.MP4,341044cd8120a8dd771e2f4f279ebc5d,2025-06-08 18:16:02,2025-05-12 02:54:12,85_2025May深圳
深圳_167.MP4,fb96009b6e211b4a34653c3f955549f0,2025-06-08 18:16:10,2025-05-12 02:58:08,85_2025May深圳
深圳_168.MP4,efbe15804336bf93b94092441e02228f,2025-06-08 18:16:25,2025-05-12 03:01:30,85_2025May深圳
深圳_169.MP4,af7bdca9ace8c8e16c1aa0d4b3f5e6ed,2025-06-08 18:16:27,2025-05-12 03:02:30,85_2025May深圳
深圳_17.HEIC,aee2a504d857306bbb63e54f2eb82e56,2025-06-08 18:17:25,2025-04-29 05:15:12,85_2025May深圳
深圳_170.HEIC,e8abbfeee1ebf20a1ed2f864c04e0394,2025-06-08 18:17:51,2025-05-12 03:03:30,85_2025May深圳
深圳_171.MP4,bdf593f8cc22d5b3fba4b84add57ddc3,2025-06-08 18:16:28,2025-05-12 03:09:34,85_2025May深圳
深圳_172.HEIC,74bcabf49cd7db90ee944de19b4e78f8,2025-06-08 18:17:51,2025-05-12 03:10:40,85_2025May深圳
深圳_173.HEIC,dd0cd1ff4559f82c1ea87f27bec65707,2025-06-08 18:17:51,2025-05-12 03:10:52,85_2025May深圳
深圳_174.HEIC,67f55f9ab4bd8091adbf65f6413b8a0e,2025-06-08 18:17:51,2025-05-12 03:10:58,85_2025May深圳
深圳_175.HEIC,16fcf9034ab224f025ee1c3dbeba8bff,2025-06-08 18:17:51,2025-05-12 03:11:02,85_2025May深圳
深圳_176.heic,ec05512ba93b7d8c6a1e5dc7c0b8a755,2025-06-08 18:17:51,2025-05-12 03:11:30,85_2025May深圳
深圳_177.HEIC,99d1dbbb378f29ed67f79fafb9e951dc,2025-06-08 18:17:51,2025-05-12 03:12:16,85_2025May深圳
深圳_178.HEIC,bfae1a98c5b922f2848b276351144fec,2025-06-08 18:17:51,2025-05-12 03:12:32,85_2025May深圳
深圳_179.HEIC,173f61d11baac8fa63999c95fc24a390,2025-06-08 18:17:51,2025-05-12 03:12:38,85_2025May深圳
深圳_18.PNG,fafeb783f762230bc6148b0b8273c813,2025-06-08 18:17:25,2025-04-29 06:07:22,85_2025May深圳
深圳_180.MP4,b3ea7ca04b02683139b7266afc97edc4,2025-06-08 18:16:31,2025-05-12 03:12:40,85_2025May深圳
深圳_181.HEIC,bf09101fd1ba0f0c2cb92b43cd676f95,2025-06-08 18:17:52,2025-05-12 03:13:04,85_2025May深圳
深圳_182.HEIC,5223f461aeae198758df2fc44cfb7629,2025-06-08 18:17:52,2025-05-12 03:13:50,85_2025May深圳
深圳_183.HEIC,6db50605fd073246d732c55c0c835ea3,2025-06-08 18:17:52,2025-05-12 03:22:32,85_2025May深圳
深圳_184.HEIC,83caf9f348f63e819ee8adcda205ce80,2025-06-08 18:17:52,2025-05-12 03:22:36,85_2025May深圳
深圳_185.HEIC,45005a619c3c41aa2bfeaab185a315f1,2025-06-08 18:17:52,2025-05-12 03:22:50,85_2025May深圳
深圳_186.HEIC,ae47ff42df9c3b4ae48bdf3ebfa69ba2,2025-06-08 18:17:52,2025-05-12 03:39:36,85_2025May深圳
深圳_187.HEIC,bf7028cf0bd5b3fee6d99dfa36dd21ab,2025-06-08 18:17:52,2025-05-12 04:37:54,85_2025May深圳
深圳_188.HEIC,94ed9b23e3bcad0e4cafa5f209a0f0b0,2025-06-08 18:17:52,2025-05-12 04:48:20,85_2025May深圳
深圳_189.HEIC,b2e2d5c30c80eb7dcb709fbb34043770,2025-06-08 18:17:52,2025-05-12 04:49:46,85_2025May深圳
深圳_19.HEIC,6e76f816acdfb39340b3d22a468e00b3,2025-06-08 18:17:25,2025-04-29 06:07:34,85_2025May深圳
深圳_190.HEIC,0cece004e1ec34d9e381b37d0b41899a,2025-06-08 18:17:52,2025-05-12 04:56:08,85_2025May深圳
深圳_191.HEIC,6b2690435ed30b27bf3ce6bdd9bdb4a4,2025-06-08 18:17:52,2025-05-12 04:56:30,85_2025May深圳
深圳_192.HEIC,9cdb00a7444901da916f8f61ca437696,2025-06-08 18:17:52,2025-05-12 04:58:26,85_2025May深圳
深圳_193.HEIC,36f6dfb31dc0a8aa1e7913de192839c1,2025-06-08 18:17:52,2025-05-12 04:58:36,85_2025May深圳
深圳_194.HEIC,cf2c9621b755bedb8aa115dbddcff901,2025-06-08 18:17:53,2025-05-12 05:02:28,85_2025May深圳
深圳_195.HEIC,0a639c14543f5e6bd29da92e2f2e480c,2025-06-08 18:17:53,2025-05-12 05:03:44,85_2025May深圳
深圳_196.HEIC,45067205389017f5eee58c51a035dfcc,2025-06-08 18:17:53,2025-05-12 05:14:28,85_2025May深圳
深圳_197.HEIC,13a244c9d217b462d4fb5cf9940f29d9,2025-06-08 18:17:53,2025-05-12 05:52:50,85_2025May深圳
深圳_198.HEIC,1cd8be3c65e53912fd9f5bdd4de3009c,2025-06-08 18:17:53,2025-05-12 05:53:10,85_2025May深圳
深圳_199.HEIC,66958748a6fefa7a506c6b0ddea9f177,2025-06-08 18:17:53,2025-05-12 05:53:18,85_2025May深圳
深圳_2.HEIC,17d966af97ba6ffda4994a20be552652,2025-06-08 18:17:24,2025-04-28 22:36:46,85_2025May深圳
深圳_20.heic,cd353355047ace368a21f004c69495c6,2025-06-08 18:17:25,2025-04-29 06:07:44,85_2025May深圳
深圳_200.HEIC,ec317ca98f8e438577295072d3e6a55b,2025-06-08 18:17:53,2025-05-12 06:21:36,85_2025May深圳
深圳_201.heic,b64845d55939c211bb7cedb472bfe9e5,2025-06-08 18:17:53,2025-05-12 08:02:48,85_2025May深圳
深圳_202.HEIC,5bab0f0705cb66dd346ed2fc20de5194,2025-06-08 18:17:53,2025-05-12 08:07:40,85_2025May深圳
深圳_203.HEIC,ee2831dd1a0bff0fe7d4a7f33c0e62b4,2025-06-08 18:17:53,2025-05-12 08:07:48,85_2025May深圳
深圳_204.HEIC,e47a2e6153ced86f180bb31fb1d7d6c7,2025-06-08 18:17:53,2025-05-12 08:07:58,85_2025May深圳
深圳_205.HEIC,45043136d7c143c9ced1d7de39de0aa5,2025-06-08 18:17:53,2025-05-12 08:08:32,85_2025May深圳
深圳_206.HEIC,6e5f10015f5cc6ebd7cea34d127313cc,2025-06-08 18:17:53,2025-05-12 08:11:40,85_2025May深圳
深圳_207.MP4,8f4e43fa3409e0ed3d53aea30b0071a1,2025-06-08 18:16:36,2025-05-12 08:14:30,85_2025May深圳
深圳_208.MP4,b01912be9c00cb859b995dad8243a596,2025-06-08 18:16:45,2025-05-12 08:19:12,85_2025May深圳
深圳_209.heic,69c5d189e365b11ad3abe2a3b1e3e6ac,2025-06-08 18:17:53,2025-05-12 08:20:04,85_2025May深圳
深圳_21.HEIC,2d0fc5b1d3b96653c3d9468ec5060f61,2025-06-08 18:17:25,2025-04-29 06:18:46,85_2025May深圳
深圳_210.MP4,0ce4072923d2fa5d138e70d8dae2018d,2025-06-08 18:17:00,2025-05-12 08:40:24,85_2025May深圳
深圳_211.HEIC,51acaf49eb5feedb067a88f3704bdae0,2025-06-08 17:09:29,2025-05-12 11:19:20,85_2025May深圳
深圳_212.HEIC,6468c29b37b63e462304b11733bf826c,2025-06-08 17:09:29,2025-05-12 13:33:44,85_2025May深圳
深圳_213.HEIC,e60750f408ab5bdc7cb2372344f4f90c,2025-06-08 17:09:30,2025-05-12 13:33:44,85_2025May深圳
深圳_214.HEIC,fe976001afae209849b84eebc1438b42,2025-06-08 17:09:30,2025-05-12 13:33:48,85_2025May深圳
深圳_215.HEIC,dfd39b96fcf282fc9a4466bf6cac8bdc,2025-06-08 17:09:30,2025-05-12 13:33:52,85_2025May深圳
深圳_216.HEIC,3ec278f201b737af583ec11052821a6f,2025-06-08 17:09:31,2025-05-12 13:34:46,85_2025May深圳
深圳_217.HEIC,ecd6d5e088a66103e0b4ad681b1d3f53,2025-06-08 17:09:31,2025-05-12 13:34:52,85_2025May深圳
深圳_218.HEIC,3e9596dae84640920b3b979bbe236e5e,2025-06-08 17:09:31,2025-05-12 13:34:54,85_2025May深圳
深圳_219.HEIC,8fc9242a55163731df5c55a80a082586,2025-06-08 17:09:31,2025-05-12 13:36:50,85_2025May深圳
深圳_22.HEIC,f7cdde56e2472857d9e394902defd4e7,2025-06-08 18:17:25,2025-04-29 06:23:32,85_2025May深圳
深圳_220.HEIC,e3ee1a8851a6173037e809fa3bdce8e4,2025-06-08 17:09:32,2025-05-12 13:37:32,85_2025May深圳
深圳_221.HEIC,73c4fd16217901c0f03837f0cf163b5a,2025-06-08 17:09:32,2025-05-12 13:50:12,85_2025May深圳
深圳_222.HEIC,130a5278590c4e95b0afc4b910110764,2025-06-08 17:09:32,2025-05-12 14:46:36,85_2025May深圳
深圳_223.HEIC,9b74bf44ca7891db5bdc1d76cfa3a86d,2025-06-08 17:09:33,2025-05-12 14:56:44,85_2025May深圳
深圳_224.HEIC,0018d8c623c6d27eab901145c95eda31,2025-06-08 17:09:33,2025-05-12 15:11:38,85_2025May深圳
深圳_225.HEIC,8f86fe8b22881d82745167610134d21c,2025-06-08 17:09:33,2025-05-12 15:11:58,85_2025May深圳
深圳_226.HEIC,ef2fd6c056a34586d8b69c25d38f6b8f,2025-06-08 17:09:34,2025-05-12 20:21:36,85_2025May深圳
深圳_227.HEIC,bd3f57878b432288ba74f75505274fce,2025-06-08 18:17:53,2025-05-18 20:46:34,85_2025May深圳
深圳_228.HEIC,7fbef17a25abbd79730f90f09c04a5d0,2025-06-08 18:17:53,2025-05-18 20:46:54,85_2025May深圳
深圳_229.HEIC,e826aa135feae946a332f3c13d861bc3,2025-06-08 18:17:53,2025-05-18 20:47:42,85_2025May深圳
深圳_23.HEIC,37ad915ca71ee1a83d453677f84dfb73,2025-06-08 18:17:26,2025-04-29 06:23:36,85_2025May深圳
深圳_230.HEIC,11bb9707b9724fe1183abbcd97528430,2025-06-08 18:17:53,2025-05-18 21:06:22,85_2025May深圳
深圳_24.HEIC,45bcdb4bb75f6e2c99b6450b9dbdab87,2025-06-08 18:17:26,2025-04-29 06:30:04,85_2025May深圳
深圳_25.HEIC,1ef32f0584755367d7a2f3bdba27ed97,2025-06-08 18:17:26,2025-04-29 06:30:16,85_2025May深圳
深圳_26.HEIC,2a5fed0ffe8cbf51679ef2088a14d986,2025-06-08 18:17:26,2025-04-29 07:21:50,85_2025May深圳
深圳_27.HEIC,8cb8fed90bb654a0f6516a614952c738,2025-06-08 18:17:26,2025-04-29 07:45:08,85_2025May深圳
深圳_28.HEIC,b2983a40fed849086c3c5b9a803c3b83,2025-06-08 18:17:26,2025-04-29 07:45:14,85_2025May深圳
深圳_29.heic,742ff9775c9a4884e70aa9e07b7338a2,2025-06-08 18:17:26,2025-04-29 07:49:30,85_2025May深圳
深圳_3.HEIC,74a92e39b0c57e5e8c5f3ed235521d30,2025-06-08 18:17:24,2025-04-28 22:50:54,85_2025May深圳
深圳_30.heic,0726ea02784fe5150fd80fe4b153baf7,2025-06-08 18:17:26,2025-04-29 07:49:32,85_2025May深圳
深圳_31.heic,372afe53da29e79157c4e3dc9145ce22,2025-06-08 18:17:26,2025-04-29 08:02:28,85_2025May深圳
深圳_32.HEIC,3e7b37b526bed208369d027988753a7f,2025-06-08 18:17:26,2025-04-29 08:08:10,85_2025May深圳
深圳_33.HEIC,1345265b7233b9a388540e8d9266a076,2025-06-08 17:09:13,2025-04-29 13:14:28,85_2025May深圳
深圳_34.HEIC,3b2e968b34bce7a12d2dfb7bc4408e43,2025-06-08 18:17:26,2025-05-08 00:20:58,85_2025May深圳
深圳_35.HEIC,98365121d8a78df5775d1ac5171b1a5d,2025-06-08 18:17:26,2025-05-08 01:08:16,85_2025May深圳
深圳_36.HEIC,62211b994c8adb9e3a3f7dc6b6ecaec8,2025-06-08 18:17:26,2025-05-08 01:10:08,85_2025May深圳
深圳_37.HEIC,d047b174fce2bdcc03fea718383a2c88,2025-06-08 18:17:26,2025-05-08 01:10:14,85_2025May深圳
深圳_38.HEIC,b822aebca4209029861c7efbcf43dfde,2025-06-08 18:17:26,2025-05-08 01:10:26,85_2025May深圳
深圳_39.HEIC,da724903d82d4586d4da3e76491546b4,2025-06-08 18:17:26,2025-05-08 01:53:38,85_2025May深圳
深圳_4.HEIC,d61fdd2b8e28a8bdcb7dcfcd2dd144d9,2025-06-08 18:17:24,2025-04-28 22:50:56,85_2025May深圳
深圳_40.HEIC,8c136a08b7337a6cd2f130b72df9ca89,2025-06-08 18:17:27,2025-05-08 01:53:44,85_2025May深圳
深圳_41.HEIC,580deaea8c3110492afa8ec30c2e73ef,2025-06-08 18:17:27,2025-05-08 02:31:50,85_2025May深圳
深圳_42.HEIC,8f09283d67a6209de913a08fc346871a,2025-06-08 18:17:27,2025-05-08 02:34:18,85_2025May深圳
深圳_43.HEIC,a3aa5ad4d18cbac21f2ac6dfa61adbae,2025-06-08 18:17:27,2025-05-08 02:34:20,85_2025May深圳
深圳_44.MOV,5d44cceb5993af9a64240a22dd06e30f,2025-06-08 18:17:27,2025-05-08 02:35:02,85_2025May深圳
深圳_45.MOV,69c2765ae187f0afeb259915c8fe195f,2025-06-08 18:17:27,2025-05-08 02:37:02,85_2025May深圳
深圳_46.HEIC,973cbeda7ad196d7e184b15b0291931a,2025-06-08 18:17:30,2025-05-08 02:50:06,85_2025May深圳
深圳_47.HEIC,8f28f7154ae25d536a088a6a2365ef48,2025-06-08 18:17:30,2025-05-08 02:51:44,85_2025May深圳
深圳_48.HEIC,dde48d086cd7eb0b7cc86feb8e619a42,2025-06-08 18:17:30,2025-05-08 02:51:44,85_2025May深圳
深圳_49.HEIC,88bc4331b95ead6883415f66ef1abb50,2025-06-08 18:17:30,2025-05-08 02:51:58,85_2025May深圳
深圳_5.HEIC,98045509312027a904c96426ae86af97,2025-06-08 18:17:24,2025-04-28 22:53:10,85_2025May深圳
深圳_50.HEIC,79718947483d88c227013f95347641b4,2025-06-08 18:17:30,2025-05-08 02:54:42,85_2025May深圳
深圳_51.HEIC,cffc635a890b831af4c7c0f7e6d23e93,2025-06-08 18:17:30,2025-05-08 02:54:44,85_2025May深圳
深圳_52.MOV,0e8fbff95014126f7ae34605c48901da,2025-06-08 18:17:30,2025-05-08 02:57:58,85_2025May深圳
深圳_53.MOV,40baf7136239e0d2903aece5fa7b5ade,2025-06-08 18:17:31,2025-05-08 03:06:52,85_2025May深圳
深圳_54.HEIC,01a64a6f9c21f9e263df6dcd8a5dabd9,2025-06-08 18:17:35,2025-05-08 03:12:10,85_2025May深圳
深圳_55.HEIC,9560013231818eaa68ad4ebfd26481e7,2025-06-08 18:17:35,2025-05-08 03:12:16,85_2025May深圳
深圳_56.MOV,908cab82acdb6fcb4f32de5133a98b8f,2025-06-08 18:17:35,2025-05-08 03:14:22,85_2025May深圳
深圳_57.HEIC,5be973aab79f40db66cdd79406e43357,2025-06-08 18:17:38,2025-05-08 03:24:08,85_2025May深圳
深圳_58.HEIC,2290c3e58fc823c1a257f66d9632a01f,2025-06-08 18:17:38,2025-05-08 03:24:32,85_2025May深圳
深圳_59.HEIC,6fb71bbe7b41259cee81ee0310e622c4,2025-06-08 18:17:38,2025-05-08 03:25:58,85_2025May深圳
深圳_6.HEIC,cf2990480ab8a4fc90b23589397ab896,2025-06-08 18:17:25,2025-04-28 22:54:04,85_2025May深圳
深圳_60.HEIC,959240c4db24b214cf6b159c22967b20,2025-06-08 18:17:38,2025-05-08 03:26:06,85_2025May深圳
深圳_61.HEIC,0091daeecbffe4d7e5bc8a0f9b7b93ff,2025-06-08 18:17:38,2025-05-08 03:27:08,85_2025May深圳
深圳_62.HEIC,6b6790d521f278911a0dc262f4653165,2025-06-08 18:17:38,2025-05-08 03:27:20,85_2025May深圳
深圳_63.HEIC,69cf948ddbb8525e2680b4992a8840d7,2025-06-08 18:17:38,2025-05-08 03:29:50,85_2025May深圳
深圳_64.HEIC,d8d62f24d6576951f2672e3edc071d7c,2025-06-08 18:17:38,2025-05-08 03:29:56,85_2025May深圳
深圳_65.heic,8ad1cb17d1591b8dca44dd98d30aa66c,2025-06-08 18:17:38,2025-05-08 03:43:48,85_2025May深圳
深圳_66.heic,bff9952112ca7d76d6776f0a506ea7d3,2025-06-08 18:17:39,2025-05-08 03:46:22,85_2025May深圳
深圳_67.MOV,d0e3b86516b907677953f86e13547344,2025-06-08 18:17:39,2025-05-08 04:32:26,85_2025May深圳
深圳_68.MOV,e71772f73a99fb7e74c1f1c1090d61d1,2025-06-08 18:17:39,2025-05-08 04:33:36,85_2025May深圳
深圳_69.MOV,81fcd64486c17bf3188ad87e20d17384,2025-06-08 18:17:42,2025-05-08 04:36:32,85_2025May深圳
深圳_7.heic,971b76861dd34a714bbf57faafd6bcfd,2025-06-08 18:17:25,2025-04-29 00:00:26,85_2025May深圳
深圳_70.HEIC,4396eb0d6abdcb7629a5f0c13a30e160,2025-06-08 18:17:43,2025-05-08 04:44:56,85_2025May深圳
深圳_71.HEIC,37817d99ad5b4b7bc83a14d0c7afbd4b,2025-06-08 18:17:43,2025-05-08 04:52:08,85_2025May深圳
深圳_72.HEIC,f1e2c2a7fe7516baf918a7f2f7840300,2025-06-08 18:17:43,2025-05-08 04:53:42,85_2025May深圳
深圳_73.HEIC,3346142c8fbed6cdbfd2bb3383c9e375,2025-06-08 18:17:43,2025-05-08 05:06:42,85_2025May深圳
深圳_74.HEIC,d91bdd84bfe650081d1cc238bdb35605,2025-06-08 18:17:43,2025-05-08 05:06:46,85_2025May深圳
深圳_75.HEIC,f14c0a5516b1533c3c287935d6d09584,2025-06-08 18:17:43,2025-05-08 05:07:02,85_2025May深圳
深圳_76.HEIC,d8680c922acdf5ce6bea756b390517f5,2025-06-08 18:17:43,2025-05-08 05:07:14,85_2025May深圳
深圳_77.MOV,fa3a18d0e5f0c17b2964e3b7d1dde46d,2025-06-08 18:17:43,2025-05-08 05:07:22,85_2025May深圳
深圳_78.HEIC,c64ba4f694a52297de18a0f6cef3c140,2025-06-08 18:17:44,2025-05-08 05:37:40,85_2025May深圳
深圳_79.HEIC,005f36f9d5c41d879ac8c06a6784d311,2025-06-08 18:17:44,2025-05-08 05:37:50,85_2025May深圳
深圳_8.HEIC,4d25c9082277a8ae03338a43f82a2fae,2025-06-08 18:17:25,2025-04-29 00:38:14,85_2025May深圳
深圳_80.HEIC,00f9eda90b98182085478899f3b26def,2025-06-08 18:17:44,2025-05-08 06:31:00,85_2025May深圳
深圳_81.HEIC,4e2c9b611693c9fe6cff42c5f301bf76,2025-06-08 18:17:44,2025-05-08 06:33:20,85_2025May深圳
深圳_82.MOV,2926e477e1f38f1332c2cab36c0101f7,2025-06-08 18:17:44,2025-05-08 06:33:56,85_2025May深圳
深圳_83.MOV,8ac1be25ba57eec75d192b2741b22e4e,2025-06-08 18:17:44,2025-05-08 06:34:38,85_2025May深圳
深圳_84.HEIC,d2e4f00e26da4e3de799aec4b7d05cfd,2025-06-08 18:17:45,2025-05-08 06:35:38,85_2025May深圳
深圳_85.HEIC,94734994f48e3d1a7e1cfe0e92f78fde,2025-06-08 18:17:45,2025-05-08 06:35:40,85_2025May深圳
深圳_86.HEIC,cd5a12f301d31d815dc226ca8d7b1f32,2025-06-08 18:17:45,2025-05-08 06:35:42,85_2025May深圳
深圳_87.MOV,2a0b0f41033a0400af0407e5c03d209d,2025-06-08 18:17:45,2025-05-08 06:40:04,85_2025May深圳
深圳_88.HEIC,104e67360203a3c2a229ebf92608000a,2025-06-08 18:17:46,2025-05-08 06:41:24,85_2025May深圳
深圳_89.MOV,f706a2ce4ac960fd34737a555a0aaa45,2025-06-08 18:17:46,2025-05-08 06:41:54,85_2025May深圳
深圳_9.HEIC,eb97599144dd4156d8ae66f1e83f0ae1,2025-06-08 18:17:25,2025-04-29 00:42:54,85_2025May深圳
深圳_90.HEIC,dd789f15d865087f37078321cd4cb329,2025-06-08 18:17:49,2025-05-08 06:44:28,85_2025May深圳
深圳_91.HEIC,70ab1ce017f3c24798bd543aba33edfe,2025-06-08 18:17:49,2025-05-08 06:44:34,85_2025May深圳
深圳_92.HEIC,5bd7137d918952ff91893444e70915de,2025-06-08 18:17:49,2025-05-08 06:44:46,85_2025May深圳
深圳_93.MP4,55f5346f29d2a44739f359b83cd9dfbe,2025-06-08 18:10:24,2025-05-11 20:38:40,85_2025May深圳
深圳_94.MP4,42ecadbef9d82885f43fe6125bbd54ba,2025-06-08 18:10:25,2025-05-11 20:41:34,85_2025May深圳
深圳_95.MP4,f0ace8e963eec7d31fd5937f3714e0ef,2025-06-08 18:10:30,2025-05-11 20:51:44,85_2025May深圳
深圳_96.MP4,547d1b6bf73f1ede0eba4d79af717602,2025-06-08 18:10:40,2025-05-11 20:52:48,85_2025May深圳
深圳_97.MP4,f82c3e664d5c6af16f51e7f23f48886b,2025-06-08 18:10:47,2025-05-11 20:58:22,85_2025May深圳
深圳_98.MP4,fa23e77ce2fbcf58197f37fe5687e2be,2025-06-08 18:11:02,2025-05-11 20:59:48,85_2025May深圳
深圳_99.MP4,a6e59bc4e03863c0832466f9f675400f,2025-06-08 18:11:07,2025-05-11 21:02:38,85_2025May深圳
深坑_1.HEIC,ac3495f1e70f4f56aa976341d56f0288,2025-06-08 17:09:04,2025-04-23 14:47:02,70_2025Apr上海深坑
深坑_10.HEIC,0ff27c5ff8b0b43ce6c7c60699c447a0,2025-06-08 17:09:05,2025-04-23 17:09:12,70_2025Apr上海深坑
深坑_11.HEIC,92eddad66257c833f28b082ef24a1510,2025-06-08 17:09:05,2025-04-23 17:09:52,70_2025Apr上海深坑
深坑_12.HEIC,7fa16e386a854ae6dacdd76d46134a86,2025-06-08 17:09:06,2025-04-23 17:38:06,70_2025Apr上海深坑
深坑_13.HEIC,9dd12b9be4c021d53318899cd3d56f61,2025-06-08 17:09:06,2025-04-23 18:38:42,70_2025Apr上海深坑
深坑_14.HEIC,41494d6c46af4a147d6395073909a6f6,2025-06-08 17:09:06,2025-04-23 20:24:14,70_2025Apr上海深坑
深坑_15.HEIC,aae7d665f9d4f8cfaaf2899dca8309e6,2025-06-08 17:09:06,2025-04-23 20:24:46,70_2025Apr上海深坑
深坑_16.HEIC,d6c30d186b244ff42738c2bb2c5fe8fe,2025-06-08 17:09:06,2025-04-23 20:26:26,70_2025Apr上海深坑
深坑_17.HEIC,f948265d28685424d9f1b5c467533a63,2025-06-08 17:09:06,2025-04-23 20:31:58,70_2025Apr上海深坑
深坑_18.HEIC,c6b1424acd3d5748e2393b3b57e258d2,2025-06-08 17:09:06,2025-04-23 20:32:12,70_2025Apr上海深坑
深坑_19.HEIC,c92c2391bfaf14fb1ff960e40b6f7c80,2025-06-08 17:09:06,2025-04-23 20:32:30,70_2025Apr上海深坑
深坑_2.HEIC,94caa4701bef5fecf7cb57d37778b41e,2025-06-08 17:09:04,2025-04-23 14:47:50,70_2025Apr上海深坑
深坑_20.HEIC,f6258567b2ba1520a7e880c7a88a1a43,2025-06-08 17:09:07,2025-04-23 20:32:52,70_2025Apr上海深坑
深坑_21.HEIC,40896b449bfae2bbeed5cf3e84a7575b,2025-06-08 17:09:07,2025-04-23 20:32:58,70_2025Apr上海深坑
深坑_22.HEIC,a4aeba9f9acc2399ed5e412900edb8a4,2025-06-08 17:09:07,2025-04-23 20:33:10,70_2025Apr上海深坑
深坑_23.HEIC,5669b82346c60316267c11e1a4d7c0ea,2025-06-08 17:09:07,2025-04-23 20:33:28,70_2025Apr上海深坑
深坑_24.HEIC,e5db0750b47bde3087834f54da67ad42,2025-06-08 17:09:07,2025-04-23 20:33:36,70_2025Apr上海深坑
深坑_25.HEIC,f3c0efa920dc071be1ec67edd6d04186,2025-06-08 17:09:07,2025-04-23 20:34:32,70_2025Apr上海深坑
深坑_26.HEIC,23975bb03201b3ebde6b0200c55b68c1,2025-06-08 17:09:07,2025-04-23 20:36:56,70_2025Apr上海深坑
深坑_27.HEIC,097beda7ae11d288a88d5cec687ac0ef,2025-06-08 17:09:07,2025-04-23 20:37:38,70_2025Apr上海深坑
深坑_28.HEIC,e82914a901764a117db4a68c419fd962,2025-06-08 17:09:07,2025-04-23 20:37:50,70_2025Apr上海深坑
深坑_29.HEIC,af17de604e0ff95913abc08863823e16,2025-06-08 17:09:08,2025-04-23 20:39:22,70_2025Apr上海深坑
深坑_3.HEIC,d71cc171c3f5e5de881d680769e70455,2025-06-08 17:09:04,2025-04-23 14:52:40,70_2025Apr上海深坑
深坑_30.HEIC,b3f5f8d501728d224d72f9bb3448f8df,2025-06-08 17:09:08,2025-04-23 20:41:24,70_2025Apr上海深坑
深坑_31.HEIC,a1e3e2f75bfe47bea86cf0e48686f100,2025-06-08 17:09:08,2025-04-23 20:42:16,70_2025Apr上海深坑
深坑_32.HEIC,6e914c350a8380ef432c3261c5a59462,2025-06-08 17:09:08,2025-04-23 20:43:30,70_2025Apr上海深坑
深坑_33.HEIC,2a21ec95f7e224fa99f24b35e53070dc,2025-06-08 17:09:08,2025-04-23 20:43:40,70_2025Apr上海深坑
深坑_34.HEIC,ea4c0fd87f0021f153a8b9c42e55fdc8,2025-06-08 17:09:08,2025-04-23 20:44:40,70_2025Apr上海深坑
深坑_35.HEIC,f67ee1e88e25088cf03422537c10c233,2025-06-08 17:09:08,2025-04-23 20:45:00,70_2025Apr上海深坑
深坑_36.HEIC,e6bbe1b98620f196d4d3da4260db7ace,2025-06-08 17:09:08,2025-04-23 20:45:32,70_2025Apr上海深坑
深坑_37.HEIC,99afadd5d427eb7a4e6b36b97d255b3b,2025-06-08 17:09:09,2025-04-23 20:45:44,70_2025Apr上海深坑
深坑_38.HEIC,e18f5de9cc187fde0d4bb61b7a74bd3d,2025-06-08 17:09:09,2025-04-23 20:47:04,70_2025Apr上海深坑
深坑_39.HEIC,f36027c0fae3bf3ca739d84d91d0811a,2025-06-08 17:09:09,2025-04-23 20:48:28,70_2025Apr上海深坑
深坑_4.HEIC,58eabd3dbb1d5a02328e1ca720f241db,2025-06-08 17:09:04,2025-04-23 16:02:56,70_2025Apr上海深坑
深坑_40.HEIC,91df652979656f24f25c54b625d7366c,2025-06-08 17:09:09,2025-04-23 20:48:48,70_2025Apr上海深坑
深坑_41.HEIC,d186ad5b320c2bf0de962057cfa66ee7,2025-06-08 17:09:09,2025-04-23 20:50:02,70_2025Apr上海深坑
深坑_42.HEIC,3a7f1b44a6710e242cd0ccae5324d9e7,2025-06-08 17:09:09,2025-04-23 20:50:44,70_2025Apr上海深坑
深坑_43.HEIC,516ad85ed6b6f67f44876559e955973f,2025-06-08 17:09:09,2025-04-23 20:51:00,70_2025Apr上海深坑
深坑_5.HEIC,d16f77b10749fe3890563fe756f41385,2025-06-08 17:09:05,2025-04-23 16:09:40,70_2025Apr上海深坑
深坑_6.HEIC,f2f277dbe4a89f3f0205d3f1c172031f,2025-06-08 17:09:05,2025-04-23 16:14:14,70_2025Apr上海深坑
深坑_7.HEIC,029569da42fb51afdc73e75a53928d5a,2025-06-08 17:09:05,2025-04-23 16:14:18,70_2025Apr上海深坑
深坑_8.HEIC,e70c00c51c246f1d29e448d2c0c26e1e,2025-06-08 17:09:05,2025-04-23 16:26:22,70_2025Apr上海深坑
深坑_9.HEIC,d5ebb3ca57ac952fd0becca0ae0db929,2025-06-08 17:09:05,2025-04-23 16:26:56,70_2025Apr上海深坑
深坑酒店_1.HEIC,706987f6e28b8356e4986767ce3ae639,2025-06-08 18:02:48,2025-04-23 03:02:18,70_2025Apr上海深坑
深坑酒店_10.HEIC,a967cf476133d7b300a3a4ab3e189193,2025-06-08 18:02:49,2025-04-23 03:57:42,70_2025Apr上海深坑
深坑酒店_11.HEIC,8b08df6c1ad99c0df02ccecc55f0cdc9,2025-06-08 18:02:49,2025-04-23 04:02:10,70_2025Apr上海深坑
深坑酒店_12.HEIC,fc896ecc5fa52c32c10b451ce421ec5c,2025-06-08 18:02:49,2025-04-23 04:02:18,70_2025Apr上海深坑
深坑酒店_13.MP4,23dda3db54950ec45487ef2cc0ac0666,2025-06-08 17:52:10,2025-04-23 04:08:40,70_2025Apr上海深坑
深坑酒店_14.HEIC,7d3be4aa893fbaf496fbb9b0ee740597,2025-06-08 18:02:49,2025-04-23 04:12:26,70_2025Apr上海深坑
深坑酒店_15.MP4,e503ddb7811a09f36367fba514976fa8,2025-06-08 17:52:20,2025-04-23 04:13:26,70_2025Apr上海深坑
深坑酒店_16.HEIC,7a2cd888bb7294646be61ce259b6e60a,2025-06-08 18:02:49,2025-04-23 04:13:26,70_2025Apr上海深坑
深坑酒店_17.HEIC,15b46cc0e727ab64fe125d34659220c2,2025-06-08 18:02:49,2025-04-23 04:13:40,70_2025Apr上海深坑
深坑酒店_18.MP4,b86c4431a066f466f31cf29273912651,2025-06-08 17:52:45,2025-04-23 04:14:18,70_2025Apr上海深坑
深坑酒店_19.MP4,06315c82007b625197c792bb1662c7f8,2025-06-08 17:52:51,2025-04-23 04:29:30,70_2025Apr上海深坑
深坑酒店_2.HEIC,838e0f9311c5c63e8f4d2fa138bec2e1,2025-06-08 18:02:48,2025-04-23 03:02:26,70_2025Apr上海深坑
深坑酒店_20.MP4,5fc20a36f252aba32f9b249412fa281f,2025-06-08 17:53:00,2025-04-23 04:31:04,70_2025Apr上海深坑
深坑酒店_21.HEIC,7722f568cd3c2fe9ecc10054a306338f,2025-06-08 18:02:49,2025-04-23 04:53:20,70_2025Apr上海深坑
深坑酒店_22.HEIC,3b163fc1024862127311410d04dbce38,2025-06-08 18:02:49,2025-04-23 04:53:32,70_2025Apr上海深坑
深坑酒店_23.HEIC,3be11fcf81e2d4fa9fa557c875e6f134,2025-06-08 18:02:49,2025-04-23 04:53:44,70_2025Apr上海深坑
深坑酒店_24.MP4,873878414aaa284a98c0fa1f78727a7b,2025-06-08 17:53:08,2025-04-23 05:07:30,70_2025Apr上海深坑
深坑酒店_25.MP4,dea8d422af42db68e80745fc9142e2b1,2025-06-08 17:53:28,2025-04-23 05:08:34,70_2025Apr上海深坑
深坑酒店_26.HEIC,a833d30a7a82af2848a77b6c468cb68b,2025-06-08 18:02:49,2025-04-23 05:16:34,70_2025Apr上海深坑
深坑酒店_27.MP4,8bda49c071ee86a4022d3b3b464d629f,2025-06-08 17:53:31,2025-04-23 05:22:24,70_2025Apr上海深坑
深坑酒店_28.MP4,175b5aba3a86e486003625bc7625100f,2025-06-08 17:53:38,2025-04-23 06:07:30,70_2025Apr上海深坑
深坑酒店_29.MP4,e838d6342b962c351bf982d3bf6944c8,2025-06-08 17:53:52,2025-04-23 06:29:34,70_2025Apr上海深坑
深坑酒店_3.HEIC,a85bd161fd12a7a64d670caa6ae6dff6,2025-06-08 18:02:48,2025-04-23 03:02:32,70_2025Apr上海深坑
深坑酒店_30.MP4,20709df1d3b27b5108c2aa8181dc7999,2025-06-08 17:53:55,2025-04-23 06:40:24,70_2025Apr上海深坑
深坑酒店_31.MP4,5ffde987632ea656fb15f4271291d8aa,2025-06-08 17:54:05,2025-04-23 07:19:36,70_2025Apr上海深坑
深坑酒店_32.MP4,b77920c6817f2a386fae0102702a5511,2025-06-08 17:54:10,2025-04-23 07:20:22,70_2025Apr上海深坑
深坑酒店_33.HEIC,0e2a8576f662acd4a60b466ef413320a,2025-06-08 18:02:49,2025-04-23 07:23:14,70_2025Apr上海深坑
深坑酒店_34.HEIC,0c1f7939ff15208a40b6005e772b42a4,2025-06-08 18:02:49,2025-04-23 07:23:24,70_2025Apr上海深坑
深坑酒店_35.HEIC,0ff4a284fec179b4545df9999f761075,2025-06-08 18:02:50,2025-04-23 07:23:36,70_2025Apr上海深坑
深坑酒店_36.MP4,ee579d9dce95dc144e2135bb9914310e,2025-06-08 17:54:13,2025-04-23 07:24:48,70_2025Apr上海深坑
深坑酒店_37.HEIC,970176c742f98443c92e0fbaa2c89501,2025-06-08 18:02:50,2025-04-23 07:26:54,70_2025Apr上海深坑
深坑酒店_38.MP4,d222ac81250f37aabfc5785957690ed5,2025-06-08 17:54:19,2025-04-23 08:26:50,70_2025Apr上海深坑
深坑酒店_39.HEIC,cf12cbbc49fce4f95d639a439c012717,2025-06-08 18:02:50,2025-04-23 08:29:20,70_2025Apr上海深坑
深坑酒店_4.HEIC,54336d218b5c037144c0ed3083ad18f2,2025-06-08 18:02:48,2025-04-23 03:35:00,70_2025Apr上海深坑
深坑酒店_40.HEIC,cb6638ec480d6b396eb856af596a2bf1,2025-06-08 18:02:50,2025-04-23 08:29:34,70_2025Apr上海深坑
深坑酒店_41.HEIC,674000a2435ca91de81badb5e323e133,2025-06-08 18:02:50,2025-04-23 08:30:04,70_2025Apr上海深坑
深坑酒店_42.MOV,d95a837a4f16c152b06818ceeb36ba65,2025-06-08 18:02:50,2025-04-23 08:31:00,70_2025Apr上海深坑
深坑酒店_43.MOV,0488b30f916eee3b185877123691ed80,2025-06-08 18:02:52,2025-04-23 08:35:54,70_2025Apr上海深坑
深坑酒店_44.MOV,e7a23c456c362a90ed106cbe818705b6,2025-06-08 18:02:52,2025-04-23 08:36:38,70_2025Apr上海深坑
深坑酒店_45.MOV,c58d2de0d0dfddd0ba8ed4f94d541f77,2025-06-08 18:02:56,2025-04-23 08:38:38,70_2025Apr上海深坑
深坑酒店_46.MOV,09bb6a7770d2132ac981167305c7190c,2025-06-08 18:03:16,2025-04-23 08:50:06,70_2025Apr上海深坑
深坑酒店_47.HEIC,41619c2a181e1fc3f78023ba14f262b4,2025-06-08 18:03:16,2025-04-23 08:51:36,70_2025Apr上海深坑
深坑酒店_48.MOV,e2efa2049b63f9ed1fe25fe639a60a82,2025-06-08 18:03:16,2025-04-23 08:51:40,70_2025Apr上海深坑
深坑酒店_49.MP4,e3f125ab21d13ad28f6508519e70503e,2025-06-08 17:54:56,2025-04-23 08:54:20,70_2025Apr上海深坑
深坑酒店_5.HEIC,0223811369c5345d263284fcb6232815,2025-06-08 18:02:48,2025-04-23 03:35:08,70_2025Apr上海深坑
深坑酒店_50.HEIC,69215206c3b6e00a47be2811c2d6c90f,2025-06-08 18:03:17,2025-04-23 20:05:12,70_2025Apr上海深坑
深坑酒店_51.HEIC,c541c819543d796eb805a462cfa1c8f5,2025-06-08 18:03:17,2025-04-23 20:06:34,70_2025Apr上海深坑
深坑酒店_52.HEIC,2879e675f481492ff2d2d9542f551ba0,2025-06-08 18:03:17,2025-04-23 20:06:38,70_2025Apr上海深坑
深坑酒店_53.MOV,6bd527861ee7e62610506b043bfae94d,2025-06-08 18:03:17,2025-04-23 20:08:00,70_2025Apr上海深坑
深坑酒店_54.MOV,c2e324a90e150eb95efab59be416a1a8,2025-06-08 18:03:23,2025-04-23 20:11:12,70_2025Apr上海深坑
深坑酒店_55.HEIC,92ede0b9906d66ecb70178cc8628d5c9,2025-06-08 18:03:25,2025-04-23 20:37:18,70_2025Apr上海深坑
深坑酒店_56.MP4,20c2841c6ed7cd151f08f497a29533c5,2025-06-08 17:56:30,2025-04-23 20:51:42,70_2025Apr上海深坑
深坑酒店_57.MP4,8fea101deacfeb3d5fbd137d12073203,2025-06-08 17:56:34,2025-04-23 21:14:22,70_2025Apr上海深坑
深坑酒店_58.MP4,598c20153be7885f8477c7bc8a28bb8c,2025-06-08 17:56:46,2025-04-23 21:16:50,70_2025Apr上海深坑
深坑酒店_59.PNG,910b99d64be15a67609a72dc35413985,2025-06-08 18:03:25,2025-04-23 21:34:50,70_2025Apr上海深坑
深坑酒店_6.HEIC,d446251862547edfd71e9412145d29d8,2025-06-08 18:02:48,2025-04-23 03:35:20,70_2025Apr上海深坑
深坑酒店_60.MP4,003f706d454575e0835540621e066c32,2025-06-08 17:57:06,2025-04-23 22:01:28,70_2025Apr上海深坑
深坑酒店_61.HEIC,33242fe6d3b882479b4a1fc995ad084a,2025-06-08 18:03:25,2025-04-23 22:36:52,70_2025Apr上海深坑
深坑酒店_62.HEIC,84d765d25f2712a9e924dcedfb5a96a9,2025-06-08 18:03:25,2025-04-23 22:37:32,70_2025Apr上海深坑
深坑酒店_63.HEIC,e7f883dc999c779c215447eed6e3bcb4,2025-06-08 18:03:25,2025-04-23 22:39:32,70_2025Apr上海深坑
深坑酒店_64.HEIC,745592bea8cca40c3820ac0681a408e2,2025-06-08 18:03:25,2025-04-23 22:40:00,70_2025Apr上海深坑
深坑酒店_65.HEIC,d9235e9ec5d2e43ec6d854c1154ae93e,2025-06-08 18:03:25,2025-04-23 22:40:30,70_2025Apr上海深坑
深坑酒店_66.MP4,acf9eefbe1408b4ea8ca88e9153466de,2025-06-08 17:57:31,2025-04-23 23:07:26,70_2025Apr上海深坑
深坑酒店_7.MP4,4438416abf21d97fc3d6e3f576955822,2025-06-08 17:51:33,2025-04-23 03:38:52,70_2025Apr上海深坑
深坑酒店_8.MP4,031e9fb53e64d2666f7f7144856812a5,2025-06-08 17:51:39,2025-04-23 03:45:16,70_2025Apr上海深坑
深坑酒店_9.MP4,c5d7670ba237fa4537d5d129d8ee78ff,2025-06-08 17:51:49,2025-04-23 03:48:50,70_2025Apr上海深坑
清潔餐具1.HEIC,0ff9636ed367140e928cb5edd0d9eef2,2025-06-08 19:25:58,2025-04-10 06:26:38,10_2025Apr東莞
清潔餐具2.HEIC,d713cf06140a01d88e609b69c60a6846,2025-06-08 19:25:58,2025-04-10 06:26:44,10_2025Apr東莞
清潔餐具3.HEIC,85c46d5bd6fb8f2d625654eafb119b51,2025-06-08 19:25:58,2025-04-10 06:28:40,10_2025Apr東莞
潮發0.jpg,ae85880f5d708d17a084334a0219e5e2,2025-06-08 19:10:21,2025-04-07 06:52:36,05_2025Apr深圳
潮發1.MP4,55ef3f585c95321438a77a56426a0624,2025-06-08 19:05:33,2025-04-08 09:20:22,05_2025Apr深圳
潮發10.MP4,d0506fc8d3d82f154c9fd35624d13468,2025-06-08 19:04:32,2025-04-08 08:21:42,05_2025Apr深圳
潮發11.MP4,ab539c7ff37144bcac761b6ff49e9c1f,2025-06-08 18:59:17,2025-04-07 07:07:00,05_2025Apr深圳
潮發12.MP4,20122f7ca47b72300e61b2e20c951d40,2025-06-08 18:59:23,2025-04-07 07:33:42,05_2025Apr深圳
潮發13.MP4,b92d1cddccdaad3072697d868e233ced,2025-06-08 18:59:25,2025-04-07 07:38:34,05_2025Apr深圳
潮發14.MP4,db22d1ae8183fc64dbe046a90223cccc,2025-06-08 18:59:29,2025-04-07 07:44:02,05_2025Apr深圳
潮發15.MP4,52632e5eb8c46faa388c40768bb6feb4,2025-06-08 18:59:32,2025-04-07 07:45:46,05_2025Apr深圳
潮發16.MP4,755e191be20d38048b553c1f67c00777,2025-06-08 18:59:37,2025-04-07 08:18:14,05_2025Apr深圳
潮發2.MP4,412c03689e6d3c8d0e828c4bb869df39,2025-06-08 19:05:30,2025-04-08 09:17:38,05_2025Apr深圳
潮發3.MP4,e4751c99429bc2af704d201ab6d3d61e,2025-06-08 19:05:26,2025-04-08 09:04:18,05_2025Apr深圳
潮發4.MP4,e849b5ade96b7c91ca500845603836a1,2025-06-08 19:05:23,2025-04-08 09:01:12,05_2025Apr深圳
潮發5.MP4,894956391c800b05ac0fe1bbeb9c5c08,2025-06-08 19:05:20,2025-04-08 08:59:10,05_2025Apr深圳
潮發6.MP4,1e6fc0faa477f3e71246ca9f2850c9cd,2025-06-08 19:05:08,2025-04-08 08:56:46,05_2025Apr深圳
潮發7.MP4,47f3ab843ea3ba2f4efdc4f003d82f5c,2025-06-08 19:05:03,2025-04-08 08:54:02,05_2025Apr深圳
潮發8.MP4,c5158c7da57b0d3bc0711f9a10a022a0,2025-06-08 19:05:02,2025-04-08 08:52:26,05_2025Apr深圳
潮發9.MP4,6d124c81db52d1833d684aab833103cc,2025-06-08 19:04:56,2025-04-08 08:27:06,05_2025Apr深圳
潮發Menu.HEIC,6553f3f43087949b2af5f3cd70013b6c,2025-06-08 19:10:21,2025-06-12 18:35:09,05_2025Apr深圳
濮院古鎮_1.HEIC,fe87162da053a6bf57e05f14bf57b168,2025-06-08 17:51:27,2025-04-22 04:48:38,65_2025Apr濮院古鎮
濮院古鎮_10.MP4,7b8282db0f2d4c1d43a3a3cb99adda62,2025-06-08 17:44:13,2025-04-22 05:12:46,65_2025Apr濮院古鎮
濮院古鎮_100.JPG,d235041edb7a03eaa7d3c3f5cd759bf6,2025-06-08 17:38:53,2025-04-23 01:14:04,65_2025Apr濮院古鎮
濮院古鎮_101.JPG,c06717e7aa2d695c33404f11e9878fb2,2025-06-08 17:09:14,2025-04-28 09:49:12,65_2025Apr濮院古鎮
濮院古鎮_11.MP4,6dff04141393609a6ec42abe368e8f8c,2025-06-08 17:44:16,2025-04-22 05:14:14,65_2025Apr濮院古鎮
濮院古鎮_12.MP4,2c8c9419d632b1ebac3e45857b11f3d6,2025-06-08 17:44:19,2025-04-22 05:15:36,65_2025Apr濮院古鎮
濮院古鎮_13.MP4,7cbce9794fadf328b707854d1c3d0cf9,2025-06-08 17:44:32,2025-04-22 05:20:30,65_2025Apr濮院古鎮
濮院古鎮_14.MP4,e1a972cadc347b1077aefb5c65c16cac,2025-06-08 17:44:58,2025-04-22 05:25:16,65_2025Apr濮院古鎮
濮院古鎮_15.MP4,f9884bae2fe79ff8d907fd12fc8a4e4a,2025-06-08 17:45:17,2025-04-22 05:26:14,65_2025Apr濮院古鎮
濮院古鎮_16.MP4,8e0f313650673a652263463413053091,2025-06-08 17:45:22,2025-04-22 05:28:26,65_2025Apr濮院古鎮
濮院古鎮_17.MP4,54523ebf4d4e6c64c4ea05169fec2e36,2025-06-08 17:45:31,2025-04-22 05:30:32,65_2025Apr濮院古鎮
濮院古鎮_18.MP4,abeb1b123af5929124e20d21dcc865c0,2025-06-08 17:45:36,2025-04-22 05:31:08,65_2025Apr濮院古鎮
濮院古鎮_19.MP4,5d5a34f8fc2eb82aae3752a0af36735d,2025-06-08 17:45:42,2025-04-22 05:34:40,65_2025Apr濮院古鎮
濮院古鎮_2.HEIC,5d9ee43bf19308594e5d40ec94c1bec2,2025-06-08 17:51:27,2025-04-22 04:48:42,65_2025Apr濮院古鎮
濮院古鎮_20.MP4,f8ec6546e94952310818c79ad04d4f4e,2025-06-08 17:46:01,2025-04-22 05:38:00,65_2025Apr濮院古鎮
濮院古鎮_21.MP4,3b685f3c281d169a3e76b03bf56bbb2b,2025-06-08 17:46:21,2025-04-22 05:43:42,65_2025Apr濮院古鎮
濮院古鎮_22.MP4,0a580d9d591556f4a5579257cc2a6160,2025-06-08 17:46:47,2025-04-22 05:45:56,65_2025Apr濮院古鎮
濮院古鎮_23.MP4,4286c624afc432fb802b7f63d472c98a,2025-06-08 17:46:54,2025-04-22 05:46:44,65_2025Apr濮院古鎮
濮院古鎮_24.HEIC,c65d459fa56aff5303a2b225ed2b82c9,2025-06-08 17:51:27,2025-04-22 05:46:52,65_2025Apr濮院古鎮
濮院古鎮_25.MOV,dbd79eafebebead068411e597e07f23c,2025-06-08 17:51:27,2025-04-22 05:47:20,65_2025Apr濮院古鎮
濮院古鎮_26.HEIC,87c06ef4fa9fa6aa0cfb1dfebeed700e,2025-06-08 17:51:28,2025-04-22 05:47:48,65_2025Apr濮院古鎮
濮院古鎮_27.HEIC,b055ca87e01765a79d4a781e77a77e9d,2025-06-08 17:51:28,2025-04-22 05:47:52,65_2025Apr濮院古鎮
濮院古鎮_28.HEIC,0dd44edaf14d9985d67ee338b9fd3129,2025-06-08 17:51:28,2025-04-22 05:50:04,65_2025Apr濮院古鎮
濮院古鎮_29.HEIC,0afbaad14f708f06a8bd1a58d0ee0a4a,2025-06-08 17:51:28,2025-04-22 05:50:12,65_2025Apr濮院古鎮
濮院古鎮_3.HEIC,8a95c74f5e7755aa303d22a6b1b0b5c9,2025-06-08 17:51:27,2025-04-22 04:48:56,65_2025Apr濮院古鎮
濮院古鎮_30.HEIC,fe6ca8ffdc00fc19fbb51a3a0a33c3dc,2025-06-08 17:51:28,2025-04-22 05:50:14,65_2025Apr濮院古鎮
濮院古鎮_31.HEIC,b64594db0c3d548fbaf198196e92dcbc,2025-06-08 17:51:28,2025-04-22 05:50:42,65_2025Apr濮院古鎮
濮院古鎮_32.HEIC,b82cd78fd2960390c943d29d40a5fbc1,2025-06-08 17:51:28,2025-04-22 05:50:54,65_2025Apr濮院古鎮
濮院古鎮_33.HEIC,707828d342b5a90106216ef2312af402,2025-06-08 17:51:28,2025-04-22 05:50:56,65_2025Apr濮院古鎮
濮院古鎮_34.HEIC,0dac25f78fbaad7aa0284815794e184f,2025-06-08 17:51:29,2025-04-22 05:51:00,65_2025Apr濮院古鎮
濮院古鎮_35.HEIC,27028af9922e1a08a408fba5f0e92f2b,2025-06-08 17:51:29,2025-04-22 05:51:52,65_2025Apr濮院古鎮
濮院古鎮_36.HEIC,b847aed6ab68b7de30a9323b5d51a08d,2025-06-08 17:51:29,2025-04-22 05:52:18,65_2025Apr濮院古鎮
濮院古鎮_37.HEIC,c8101d2e0426347eae3e40083bdeb4f3,2025-06-08 17:51:29,2025-04-22 05:52:20,65_2025Apr濮院古鎮
濮院古鎮_38.HEIC,8543298409d06c49355c1418bb1f645a,2025-06-08 17:51:29,2025-04-22 05:58:20,65_2025Apr濮院古鎮
濮院古鎮_39.HEIC,5e13c3d4fda7e86d5d9c9afad4278fe6,2025-06-08 17:51:29,2025-04-22 05:58:38,65_2025Apr濮院古鎮
濮院古鎮_4.HEIC,150d216730c5300d03fadafe27c3a6c5,2025-06-08 17:51:27,2025-04-22 04:50:00,65_2025Apr濮院古鎮
濮院古鎮_40.HEIC,b6477fd273c9fa727cf874bf8d58c450,2025-06-08 17:51:29,2025-04-22 05:59:50,65_2025Apr濮院古鎮
濮院古鎮_41.HEIC,80a75bf7f1048536140bdbca104fa0b6,2025-06-08 17:51:29,2025-04-22 05:59:54,65_2025Apr濮院古鎮
濮院古鎮_42.HEIC,be01d5fff078d7a3d84fc8021c4c42ce,2025-06-08 17:51:29,2025-04-22 06:00:02,65_2025Apr濮院古鎮
濮院古鎮_43.MP4,4c90008769d45cb3890cea150d1a2748,2025-06-08 17:47:09,2025-04-22 06:02:48,65_2025Apr濮院古鎮
濮院古鎮_44.MP4,80eb422db6c3cbd1a9de70d4acafd7ce,2025-06-08 17:47:55,2025-04-22 06:04:40,65_2025Apr濮院古鎮
濮院古鎮_45.MP4,fe7278868502ef329d42062d20b651d9,2025-06-08 17:48:04,2025-04-22 06:07:08,65_2025Apr濮院古鎮
濮院古鎮_46.MP4,0515529c47106e49b983cb27dca15cd2,2025-06-08 17:48:17,2025-04-22 06:07:34,65_2025Apr濮院古鎮
濮院古鎮_47.HEIC,91193dd6d969f3695c632633cb374790,2025-06-08 17:51:29,2025-04-22 06:08:02,65_2025Apr濮院古鎮
濮院古鎮_48.HEIC,56925b7301f6a89a9641c7e8d81deafb,2025-06-08 17:51:29,2025-04-22 06:08:04,65_2025Apr濮院古鎮
濮院古鎮_49.HEIC,1a0f4b430c8d310b602a47531be298b7,2025-06-08 17:51:30,2025-04-22 06:08:32,65_2025Apr濮院古鎮
濮院古鎮_5.HEIC,8f2941a46a2b52e5293efb685c7d8537,2025-06-08 17:51:27,2025-04-22 04:50:08,65_2025Apr濮院古鎮
濮院古鎮_50.HEIC,a94dbd25092df63aa5ae2a3021dc673e,2025-06-08 17:51:30,2025-04-22 06:08:38,65_2025Apr濮院古鎮
濮院古鎮_51.HEIC,7fd4844510c00924b1e44f69da78a5da,2025-06-08 17:51:30,2025-04-22 06:09:00,65_2025Apr濮院古鎮
濮院古鎮_52.HEIC,f069c5d8d711ed1bcfaf9fdb024837a1,2025-06-08 17:51:30,2025-04-22 06:09:06,65_2025Apr濮院古鎮
濮院古鎮_53.MP4,60607e99eaa21d787eee80458295efe2,2025-06-08 17:48:18,2025-04-22 06:09:42,65_2025Apr濮院古鎮
濮院古鎮_54.MP4,12e44121f725332b2dee3aa1a3847430,2025-06-08 17:48:19,2025-04-22 06:13:40,65_2025Apr濮院古鎮
濮院古鎮_55.HEIC,2e61680e61c357b64b22374d98ddcb7b,2025-06-08 17:51:30,2025-04-22 06:14:46,65_2025Apr濮院古鎮
濮院古鎮_56.HEIC,e791355eaf600fde6ccffd925edcfa2a,2025-06-08 17:51:30,2025-04-22 06:14:54,65_2025Apr濮院古鎮
濮院古鎮_57.MP4,387d1d23b36d0c396f047f2acaefb721,2025-06-08 17:48:24,2025-04-22 07:55:54,65_2025Apr濮院古鎮
濮院古鎮_58.PNG,f9b47b3180f2b6fb276394bc9700f8da,2025-06-08 17:51:30,2025-04-22 08:07:22,65_2025Apr濮院古鎮
濮院古鎮_59.HEIC,0f7717787c08dcf081c212fab98e9689,2025-06-08 17:51:30,2025-04-22 08:07:40,65_2025Apr濮院古鎮
濮院古鎮_6.HEIC,210b5522457ef8d49b6099c0a8f078df,2025-06-08 17:51:27,2025-04-22 04:50:40,65_2025Apr濮院古鎮
濮院古鎮_60.HEIC,51070db1fd0a17bf7773f59ce7fe963e,2025-06-08 17:51:30,2025-04-22 08:07:58,65_2025Apr濮院古鎮
濮院古鎮_61.MP4,72ffdf44182aefd5e9dd28f02c416e1f,2025-06-08 17:48:35,2025-04-22 08:11:54,65_2025Apr濮院古鎮
濮院古鎮_62.MP4,849a0ce8abab0e5af9c3e1abc03b007c,2025-06-08 17:48:43,2025-04-22 08:13:02,65_2025Apr濮院古鎮
濮院古鎮_63.HEIC,aa784637bd049dec0fdd7b6cab31bcef,2025-06-08 17:51:30,2025-04-22 08:13:22,65_2025Apr濮院古鎮
濮院古鎮_64.HEIC,6d68cb1fab2112589a826e6ca5aee476,2025-06-08 17:51:30,2025-04-22 08:13:32,65_2025Apr濮院古鎮
濮院古鎮_65.HEIC,de2cff0459e694e5b87105a0f2278081,2025-06-08 17:51:30,2025-04-22 08:14:16,65_2025Apr濮院古鎮
濮院古鎮_66.HEIC,fcc5d12a264772d51d6d0cb6032026b3,2025-06-08 17:51:30,2025-04-22 08:14:20,65_2025Apr濮院古鎮
濮院古鎮_67.MP4,c2f9733fae29305c86dc1fdec40b8f76,2025-06-08 17:48:47,2025-04-22 08:14:58,65_2025Apr濮院古鎮
濮院古鎮_68.MP4,a69dbe0e852f37d7f0e9509eecc83d8e,2025-06-08 17:48:54,2025-04-22 08:17:50,65_2025Apr濮院古鎮
濮院古鎮_69.HEIC,409871492656a23e2cfd7f5f9fe8604f,2025-06-08 17:51:31,2025-04-22 08:18:04,65_2025Apr濮院古鎮
濮院古鎮_7.MP4,98fdad2927fd600dc5f04996ad947674,2025-06-08 17:43:07,2025-04-22 04:59:24,65_2025Apr濮院古鎮
濮院古鎮_70.HEIC,816011ab42e1b457baef523fbc060eb3,2025-06-08 17:51:31,2025-04-22 08:18:38,65_2025Apr濮院古鎮
濮院古鎮_71.HEIC,e9201a031047a4f3660b780e328a9ee3,2025-06-08 17:51:31,2025-04-22 08:18:50,65_2025Apr濮院古鎮
濮院古鎮_72.MP4,c38d0090a330f16684cb9af2915294f2,2025-06-08 17:48:58,2025-04-22 08:20:02,65_2025Apr濮院古鎮
濮院古鎮_73.MP4,60404c63921ed8128572c596ae4a85e6,2025-06-08 17:49:14,2025-04-22 08:27:04,65_2025Apr濮院古鎮
濮院古鎮_74.HEIC,917a8536491b54dec4b6f51135966577,2025-06-08 17:51:31,2025-04-22 08:44:34,65_2025Apr濮院古鎮
濮院古鎮_75.MP4,4a1ff93aa7beb1a94be3880e965aff9c,2025-06-08 17:50:08,2025-04-22 08:45:12,65_2025Apr濮院古鎮
濮院古鎮_76.HEIC,f5de9ce4383ea2ecd19da616840bf5ac,2025-06-08 17:51:31,2025-04-22 08:45:22,65_2025Apr濮院古鎮
濮院古鎮_77.HEIC,5bb63439912f3b421355aaab99ac35fa,2025-06-08 17:09:03,2025-04-22 17:18:06,65_2025Apr濮院古鎮
濮院古鎮_78.HEIC,4af1f56654f0c1010760c11a172154b9,2025-06-08 17:09:03,2025-04-22 17:20:22,65_2025Apr濮院古鎮
濮院古鎮_79.HEIC,d9dc7dbe89f7215f91ef583bf93802a6,2025-06-08 17:09:03,2025-04-22 17:20:58,65_2025Apr濮院古鎮
濮院古鎮_8.HEIC,10d302e4e8b223f44d1fb87b2daef633,2025-06-08 17:51:27,2025-04-22 05:10:54,65_2025Apr濮院古鎮
濮院古鎮_80.HEIC,572274bc72b556725401fb0840997692,2025-06-08 17:09:03,2025-04-22 17:22:52,65_2025Apr濮院古鎮
濮院古鎮_81.HEIC,6ba97567739797473bcf4c66d0dd8b31,2025-06-08 17:09:03,2025-04-22 17:22:58,65_2025Apr濮院古鎮
濮院古鎮_82.HEIC,141c9fbd3abcc62cb0f9c0bd5434d119,2025-06-08 17:09:03,2025-04-22 17:35:40,65_2025Apr濮院古鎮
濮院古鎮_83.HEIC,8a4d43b5cadc088e9c9e0744234cbcf9,2025-06-08 17:09:04,2025-04-22 17:47:32,65_2025Apr濮院古鎮
濮院古鎮_84.HEIC,eb2d5e9416b3f7ad18b71159445058b0,2025-06-08 17:09:04,2025-04-22 17:47:36,65_2025Apr濮院古鎮
濮院古鎮_85.HEIC,b3067ebda378beff3431e8421191af69,2025-06-08 17:09:04,2025-04-22 18:09:24,65_2025Apr濮院古鎮
濮院古鎮_86.HEIC,31f53550d5acba1922625419e4fd02e2,2025-06-08 17:51:31,2025-04-22 19:55:26,65_2025Apr濮院古鎮
濮院古鎮_87.HEIC,80cc5c46e63d65835ef23252cfbdd42d,2025-06-08 17:51:31,2025-04-22 19:55:32,65_2025Apr濮院古鎮
濮院古鎮_88.JPG,9be250da86ad19c33f66172e9170bef1,2025-06-08 17:38:52,2025-04-23 00:51:26,65_2025Apr濮院古鎮
濮院古鎮_89.JPG,51dfa2907259dbc3cd07fc8484e234a6,2025-06-08 17:38:52,2025-04-23 00:51:46,65_2025Apr濮院古鎮
濮院古鎮_9.MP4,988c7a5d3936ecdc28776da33b8e847e,2025-06-08 17:43:44,2025-04-22 05:11:52,65_2025Apr濮院古鎮
濮院古鎮_90.JPG,587b5b34a63d37fef67eee8ce90b8896,2025-06-08 17:38:52,2025-04-23 00:54:08,65_2025Apr濮院古鎮
濮院古鎮_91.JPG,d0e293fcea1d715ad482f35418bcb92e,2025-06-08 17:38:53,2025-04-23 00:55:04,65_2025Apr濮院古鎮
濮院古鎮_92.JPG,cfd27468208e4784ce7fa64780c60fc3,2025-06-08 17:38:53,2025-04-23 00:55:22,65_2025Apr濮院古鎮
濮院古鎮_93.JPG,4ee2cef00c4a24a685b9fb3417bef260,2025-06-08 17:38:52,2025-04-23 01:11:32,65_2025Apr濮院古鎮
濮院古鎮_94.JPG,a2e7b22ec4605a4298bf641fdc50fb08,2025-06-08 17:51:26,2025-04-23 01:11:52,65_2025Apr濮院古鎮
濮院古鎮_95.JPG,de5d1802d535010d85103d9c861dbabf,2025-06-08 17:51:26,2025-04-23 01:12:12,65_2025Apr濮院古鎮
濮院古鎮_96.JPG,2a0a158b6930ef0a19fa007e79b80a79,2025-06-08 17:38:52,2025-04-23 01:12:32,65_2025Apr濮院古鎮
濮院古鎮_97.JPG,34314d424c858883e5f54fd1c850fd16,2025-06-08 17:51:26,2025-04-23 01:12:50,65_2025Apr濮院古鎮
濮院古鎮_98.JPG,abe65ce8ff9c7a909c29561e000da681,2025-06-08 17:38:52,2025-04-23 01:13:22,65_2025Apr濮院古鎮
濮院古鎮_99.JPG,ee14b74d6fff64a865f1bf4bea276919,2025-06-08 17:51:26,2025-04-23 01:13:40,65_2025Apr濮院古鎮
烏鎮1.MP4,409c564c2be3d328c44e646a4aa67999,2025-06-08 17:33:38,2025-04-21 03:23:48,60_2025Apr烏鎮
烏鎮10.MP4,34b53fba7b327d9d3f91e131906bd1de,2025-06-08 17:35:37,2025-04-21 03:49:10,60_2025Apr烏鎮
烏鎮11.MP4,abf99b91b7de3b0fad45fa442be28690,2025-06-08 17:35:38,2025-04-21 03:49:40,60_2025Apr烏鎮
烏鎮12.MP4,9c98b8824f631333c9c053b26169f15e,2025-06-08 17:35:40,2025-04-21 03:51:14,60_2025Apr烏鎮
烏鎮13.JPG,1644bc6861c70b5905380ab2b0f11fc5,2025-06-08 17:35:44,2025-04-21 03:52:46,60_2025Apr烏鎮
烏鎮14.JPG,3f3c867704d22173dee452505a490c4a,2025-06-08 17:35:44,2025-04-21 03:52:50,60_2025Apr烏鎮
烏鎮15.JPG,8674ea1a58b2afc48590de190df54388,2025-06-08 17:35:44,2025-04-21 03:53:06,60_2025Apr烏鎮
烏鎮16.JPG,a8235f6fbd72b01df08518803092d569,2025-06-08 17:35:45,2025-04-21 03:53:10,60_2025Apr烏鎮
烏鎮17.MP4,f0c047f78495cd50f6b7aff270cb20bb,2025-06-08 17:35:45,2025-04-21 03:53:42,60_2025Apr烏鎮
烏鎮18.MP4,481522fd5744c86992c23a991f96afee,2025-06-08 17:35:49,2025-04-21 03:56:50,60_2025Apr烏鎮
烏鎮19.MP4,0dda68a8470f0996b3f0a315dd504fe9,2025-06-08 17:35:56,2025-04-21 03:58:32,60_2025Apr烏鎮
烏鎮2.MP4,bcc47a66e5aafdb13fd3139c059c9549,2025-06-08 17:33:46,2025-04-21 03:27:24,60_2025Apr烏鎮
烏鎮20.MP4,0f8b6fcfc489db6dbd1dab7fd2a8fb3d,2025-06-08 17:35:59,2025-04-21 04:04:06,60_2025Apr烏鎮
烏鎮21.MP4,60c85aa39a172678b8f103bbbf57fbb1,2025-06-08 17:36:13,2025-04-21 04:27:42,60_2025Apr烏鎮
烏鎮22.MP4,b2051b0a492d0557a09e764e1f0ffafd,2025-06-08 17:36:51,2025-04-21 04:50:48,60_2025Apr烏鎮
烏鎮23.MP4,52e14cfad303687219bec01162515299,2025-06-08 17:36:59,2025-04-21 04:55:04,60_2025Apr烏鎮
烏鎮24.MP4,111474efedd2ff904bda41b51b9f9382,2025-06-08 17:37:25,2025-04-21 05:02:54,60_2025Apr烏鎮
烏鎮25.MP4,b4b844bc2bf8b0c17e36096a874519e8,2025-06-08 17:37:57,2025-04-21 05:05:10,60_2025Apr烏鎮
烏鎮26.MP4,6569a669ce3b156f71219887fec8465a,2025-06-08 17:38:04,2025-04-21 05:15:46,60_2025Apr烏鎮
烏鎮27.MP4,3d5af0e638b0c7a8f04e17a280855cce,2025-06-08 17:38:08,2025-04-21 05:31:06,60_2025Apr烏鎮
烏鎮28.MP4,f35ec277286eea044f32e8e9d4dc6a6d,2025-06-08 17:38:12,2025-04-21 05:31:42,60_2025Apr烏鎮
烏鎮29.MP4,0d5c7bc9aaa6799d61727a3a1db4e0cc,2025-06-08 17:38:15,2025-04-21 05:32:54,60_2025Apr烏鎮
烏鎮3.MP4,d2d46c6e5751cb8c3d5ceec533ae9dc7,2025-06-08 17:33:57,2025-04-21 03:30:08,60_2025Apr烏鎮
烏鎮30.MP4,abbe1bcdc778b36e67389bbf883aebbb,2025-06-08 17:38:22,2025-04-21 06:15:22,60_2025Apr烏鎮
烏鎮4.MP4,6ad54fb5b11b91f68a2b81807257012c,2025-06-08 17:34:12,2025-04-21 03:33:20,60_2025Apr烏鎮
烏鎮5.MP4,774216637232a2010fbe4e606e3f60b2,2025-06-08 17:34:29,2025-04-21 03:39:24,60_2025Apr烏鎮
烏鎮6.MP4,1874f8680fbc8b5e5594dcb189861064,2025-06-08 17:34:53,2025-04-21 03:40:42,60_2025Apr烏鎮
烏鎮7.MP4,e72ae90db55c56817dc8d463944dfa92,2025-06-08 17:34:58,2025-04-21 03:42:28,60_2025Apr烏鎮
烏鎮8.MP4,96a472a8b6dc93eed1702b85d7aa4112,2025-06-08 17:35:09,2025-04-21 03:46:02,60_2025Apr烏鎮
烏鎮9.MP4,74a3ba3568dad115ec11954b2cb3d994,2025-06-08 17:35:25,2025-04-21 03:48:32,60_2025Apr烏鎮
烏鎮_100.HEIC,9085736973d79c6055668f3bd1003a6a,2025-06-08 17:38:48,2025-04-21 03:40:44,60_2025Apr烏鎮
烏鎮_101.HEIC,b1b3329a46fb5480de81cedb0f34baae,2025-06-08 17:38:48,2025-04-21 03:40:46,60_2025Apr烏鎮
烏鎮_102.HEIC,c9b57d5da6f594f2779978e228815359,2025-06-08 17:38:48,2025-04-21 03:40:54,60_2025Apr烏鎮
烏鎮_103.HEIC,cca5ccf83c9c85c46d26685348a3b7b7,2025-06-08 17:38:48,2025-04-21 03:40:56,60_2025Apr烏鎮
烏鎮_104.HEIC,42c462080dec5f2693892da2484b7992,2025-06-08 17:38:48,2025-04-21 04:02:18,60_2025Apr烏鎮
烏鎮_105.HEIC,8fb26fd15d1278d7683229b978a7f182,2025-06-08 17:38:49,2025-04-21 04:02:32,60_2025Apr烏鎮
烏鎮_200.HEIC,292af2b9b1b888d397184273aabc45c7,2025-06-08 17:09:03,2025-04-22 14:36:38,60_2025Apr烏鎮
烏鎮_201.HEIC,785863ced0324a8b8bb645243a925e91,2025-06-08 17:09:03,2025-04-22 14:33:58,60_2025Apr烏鎮
烏鎮_50.HEIC,42068618aed311d432879d9d30361d4e,2025-06-08 17:09:01,2025-04-21 10:15:02,60_2025Apr烏鎮
烏鎮_51.HEIC,503e7ac4eec9fc358784cce3b466ad41,2025-06-08 17:09:01,2025-04-21 15:40:22,60_2025Apr烏鎮
烏鎮_52.HEIC,47b76052c85c5c70701084923b24971b,2025-06-08 17:09:02,2025-04-21 15:42:54,60_2025Apr烏鎮
烏鎮_53.HEIC,36847f9158ffbbc59047e6d2a04d52cd,2025-06-08 17:09:02,2025-04-21 15:45:48,60_2025Apr烏鎮
烏鎮_54.HEIC,5cf6e5d6b419719b9d2c78428b2f0cbd,2025-06-08 17:09:02,2025-04-21 15:45:56,60_2025Apr烏鎮
烏鎮_55.HEIC,08c6b2727c8d7e2b0bc9698ff0ae7b38,2025-06-08 17:09:02,2025-04-21 16:21:30,60_2025Apr烏鎮
烏鎮_56.HEIC,330f5e5854ef644e533bc686cd5980f1,2025-06-08 17:09:02,2025-04-21 16:29:28,60_2025Apr烏鎮
烏鎮_57.HEIC,1b1a7954a02b3197787aa1fbad8e5bf6,2025-06-08 17:09:02,2025-04-21 17:32:32,60_2025Apr烏鎮
烏鎮_Entrance.HEIC,c26c38c98d4dff669c64734904c52000,2025-06-08 17:09:02,2025-04-22 13:56:34,60_2025Apr烏鎮
烏鎮_Entrance1.MP4,7e92be67c128adeb3687da4a6c6167ee,2025-06-08 17:39:00,2025-04-22 01:57:50,60_2025Apr烏鎮
烏鎮_Entrance2.MP4,37e673a7e90dbdd7e833ee4638eefc4b,2025-06-08 17:39:04,2025-04-22 01:58:42,60_2025Apr烏鎮
烏鎮_Entrance3.MP4,28a5b07ad024933cbf61996bc42bc295,2025-06-08 17:39:09,2025-04-22 02:01:14,60_2025Apr烏鎮
烏鎮_Inside1.MP4,365c2b705ad3c9f24205b077170ad88b,2025-06-08 17:39:18,2025-04-22 02:03:58,60_2025Apr烏鎮
烏鎮_Inside10.MP4,32b59fc1729523afba6e7bdcda3371f2,2025-06-08 17:41:09,2025-04-22 02:28:34,60_2025Apr烏鎮
烏鎮_Inside11.MP4,5182344cedee2fd0a2ac4eda3341d125,2025-06-08 17:41:30,2025-04-22 02:36:00,60_2025Apr烏鎮
烏鎮_Inside12.MP4,9007714b56814a34d7fda4fefe798cb5,2025-06-08 17:42:01,2025-04-22 02:41:52,60_2025Apr烏鎮
烏鎮_Inside13.MP4,934abe5600ab08654c928f577f6dd7af,2025-06-08 17:42:25,2025-04-22 02:46:28,60_2025Apr烏鎮
烏鎮_Inside14.MP4,4c6550d14be7c875be383313fedb2879,2025-06-08 17:42:35,2025-04-22 02:47:44,60_2025Apr烏鎮
烏鎮_Inside15.MP4,843ff5dd357546377616e8d57895ada3,2025-06-08 17:42:38,2025-04-22 02:49:56,60_2025Apr烏鎮
烏鎮_Inside16.MP4,ff72f06c5f07679357261afc0fd079ef,2025-06-08 17:42:45,2025-04-22 02:53:32,60_2025Apr烏鎮
烏鎮_Inside2.MP4,ab40d0464b50850c6cff0c3ba5428c29,2025-06-08 17:39:27,2025-04-22 02:06:00,60_2025Apr烏鎮
烏鎮_Inside3.MP4,8e3cc9f69943682b0aa4f23426e0de58,2025-06-08 17:39:33,2025-04-22 02:08:12,60_2025Apr烏鎮
烏鎮_Inside4.MP4,246b6d2930b4a34bc9022790f9957dc5,2025-06-08 17:39:39,2025-04-22 02:09:12,60_2025Apr烏鎮
烏鎮_Inside5.MP4,e634e43dc4b54be6dd001e9d44ca497c,2025-06-08 17:39:47,2025-04-22 02:12:52,60_2025Apr烏鎮
烏鎮_Inside6.MP4,1337b312017d4de9759096812545c04a,2025-06-08 17:40:13,2025-04-22 02:17:28,60_2025Apr烏鎮
烏鎮_Inside7.MP4,bf1d76ad2cc90cfddf7f5a3dbc1a1a5f,2025-06-08 17:40:38,2025-04-22 02:20:02,60_2025Apr烏鎮
烏鎮_Inside8.MP4,917ab2e19cbe62561088aa4c27a679e3,2025-06-08 17:40:46,2025-04-22 02:22:48,60_2025Apr烏鎮
烏鎮_Inside9.MP4,aaf5c2dd442453eabaac442d4b9125bc,2025-06-08 17:40:58,2025-04-22 02:24:36,60_2025Apr烏鎮
烏鎮_Lunch0.HEIC,8af13ba8a4d9e7982146e0bc7e98391f,2025-06-08 17:09:01,2025-04-20 18:15:26,60_2025Apr烏鎮
烏鎮_Lunch1.HEIC,2c4dfda0bc345d303656bcae4b246866,2025-06-08 17:09:01,2025-04-20 18:17:44,60_2025Apr烏鎮
烏鎮_Lunch2.HEIC,651f59d6584f4c50bb5af1e9c99652fb,2025-06-08 17:09:01,2025-04-20 18:21:30,60_2025Apr烏鎮
無人機1.MP4,9ab80ac294894e150be2c2815e904e8d,2025-06-08 19:08:30,2025-04-09 05:56:14,05_2025Apr深圳
無人機2.MP4,31fe6fe348696e6e9fe8a5df0714a596,2025-06-08 19:08:42,2025-04-09 05:58:50,05_2025Apr深圳
無人機3.MP4,c95ff50484485c3251469ba407da42d8,2025-06-08 19:08:55,2025-04-09 05:59:28,05_2025Apr深圳
無人機4.MP4,6fc7c2622656cf91cab23af65377c252,2025-06-08 19:08:58,2025-04-09 06:00:30,05_2025Apr深圳
無人機5.MP4,004e6b16ce94c9fc06601c74e523d7eb,2025-06-08 19:09:02,2025-04-09 06:03:26,05_2025Apr深圳
無人機6.MP4,4f1cff89ac6642ddf55dee9aa6dc2d48,2025-06-08 19:09:07,2025-04-09 06:04:20,05_2025Apr深圳
燒肉舖.jpg,27891adb1c32277703c1208d98f9faa4,2025-06-08 19:10:20,2025-04-07 01:20:42,05_2025Apr深圳
燒肉舖.MP4,5c20025673fd882e53b40644a8027276,2025-06-08 19:04:17,2025-04-08 08:13:44,05_2025Apr深圳
牛首山00.HEIC,c965b25fa4b9b1697363b58ad576fe83,2025-06-08 17:08:53,2025-04-19 15:37:44,50_2025Apr牛首山
牛首山01.HEIC,76563d8354adaf84836517f0bd7f2efb,2025-06-08 17:08:53,2025-04-19 16:00:22,50_2025Apr牛首山
牛首山02.HEIC,1d91177849bf4276be37749a2e915e4c,2025-06-08 17:08:53,2025-04-19 16:05:54,50_2025Apr牛首山
牛首山03.HEIC,86f7062e1c0ca073af11b964e06c8197,2025-06-08 17:08:53,2025-04-19 16:35:58,50_2025Apr牛首山
牛首山04.HEIC,76e4ed40549861ba1ffd01da3a55fb2e,2025-06-08 17:08:53,2025-04-19 16:36:22,50_2025Apr牛首山
牛首山05.HEIC,063c43c7a72e71f003244c97b7e262d6,2025-06-08 17:08:53,2025-04-19 16:39:42,50_2025Apr牛首山
牛首山06.HEIC,183ae888bd37e702e80d2853a9ca56e2,2025-06-08 17:08:54,2025-04-19 16:39:58,50_2025Apr牛首山
牛首山07.HEIC,d000d747513bf2d1c7f20df163370cd7,2025-06-08 17:08:54,2025-04-19 16:40:18,50_2025Apr牛首山
牛首山08.HEIC,5d211c4e095b4f32170014735c2e57ae,2025-06-08 17:08:54,2025-04-19 16:40:48,50_2025Apr牛首山
牛首山09.HEIC,c4197b3d4510ae36442cc6ad9a403684,2025-06-08 17:08:54,2025-04-19 16:41:16,50_2025Apr牛首山
牛首山1.HEIC,375f7afd100a49265f77384d985b4a97,2025-06-08 17:08:54,2025-04-19 16:42:10,50_2025Apr牛首山
牛首山1.MP4,cd86327ac9eecf3ac520fcd08eeb6a2d,2025-06-08 17:23:53,2025-04-19 02:55:42,50_2025Apr牛首山
牛首山10.HEIC,a21c2015463702d33a360f86fd806a10,2025-06-08 17:08:57,2025-04-19 16:58:44,50_2025Apr牛首山
牛首山10.MP4,48caf7cb7126380f31c2ab0a8639976a,2025-06-08 17:24:28,2025-04-19 04:12:08,50_2025Apr牛首山
牛首山11.HEIC,58c7e56f8903d7264c2ab10cd542d95d,2025-06-08 17:08:57,2025-04-19 16:59:14,50_2025Apr牛首山
牛首山11.MP4,942c6e286b8a21d752b7501d3722fd58,2025-06-08 17:24:34,2025-04-19 04:17:26,50_2025Apr牛首山
牛首山12.HEIC,bb4b0c1ef3da242ba1f3e37a4c469569,2025-06-08 17:08:57,2025-04-19 17:01:30,50_2025Apr牛首山
牛首山12.MP4,a2a60bd2b9d8414d3943c9ad4b62c340,2025-06-08 17:24:38,2025-04-19 04:20:00,50_2025Apr牛首山
牛首山13.HEIC,37accfa4fb8772052f8cce46774412c9,2025-06-08 17:08:57,2025-04-19 17:15:50,50_2025Apr牛首山
牛首山13.MP4,8a133904bb90bc625e99b21addb727bd,2025-06-08 17:24:47,2025-04-19 04:22:22,50_2025Apr牛首山
牛首山14.HEIC,ccec68e1d904d5bd0b12a35a24ca9c3e,2025-06-08 17:08:57,2025-04-19 17:16:12,50_2025Apr牛首山
牛首山14.MP4,0979bba31fdc62ace8d91bdf0182a80b,2025-06-08 17:24:53,2025-04-19 04:26:02,50_2025Apr牛首山
牛首山15.HEIC,6b21ac6d28112afad66123fb1ad20542,2025-06-08 17:08:57,2025-04-19 17:18:48,50_2025Apr牛首山
牛首山16.HEIC,3f638eeb4a9625bca9ec4f5c6d4b2ad9,2025-06-08 17:08:57,2025-04-19 17:23:32,50_2025Apr牛首山
牛首山1a.HEIC,9936bd86a7612588c7ecc682a5860f21,2025-06-08 17:08:54,2025-04-19 16:41:54,50_2025Apr牛首山
牛首山2.HEIC,045c1125013224b05f1fbdfb5aa7d56c,2025-06-08 17:08:54,2025-04-19 16:43:04,50_2025Apr牛首山
牛首山2.MP4,1d8f743a7f4c47c0c64aaaf71ac45ced,2025-06-08 17:23:56,2025-04-19 03:05:16,50_2025Apr牛首山
牛首山3.HEIC,e88e01c346bb18d2f0d676b786ecb766,2025-06-08 17:08:55,2025-04-19 16:43:44,50_2025Apr牛首山
牛首山3.MP4,970fd0f7aa281279db60e184dfefc47c,2025-06-08 17:24:01,2025-04-19 03:40:04,50_2025Apr牛首山
牛首山4.HEIC,dbf7f40c4bfa9bbfae20b9f38d42b55f,2025-06-08 17:08:55,2025-04-19 16:45:40,50_2025Apr牛首山
牛首山4.MP4,7cc6f1627752ff7a3856f25ccbf8771f,2025-06-08 17:24:03,2025-04-19 03:41:06,50_2025Apr牛首山
牛首山5.MOV,9e0ae458facadbcfe931eb40073378f9,2025-06-08 17:08:55,2025-04-19 16:46:20,50_2025Apr牛首山
牛首山5.MP4,ac5ba341a97498231b8462994356b265,2025-06-08 17:24:05,2025-04-19 03:43:00,50_2025Apr牛首山
牛首山6.HEIC,373aac1e730e5bfe6beb85fbb19c4185,2025-06-08 17:08:56,2025-04-19 16:46:40,50_2025Apr牛首山
牛首山6.MP4,7293bab9c1283c9cf0d204a8877217f9,2025-06-08 17:24:07,2025-04-19 03:44:38,50_2025Apr牛首山
牛首山7.HEIC,2414a0ce645b9e07e9fb14f4be4adf52,2025-06-08 17:08:56,2025-04-19 16:54:48,50_2025Apr牛首山
牛首山7.MP4,773b3904df9818c1f4729f3853d2c56f,2025-06-08 17:24:09,2025-04-19 03:51:06,50_2025Apr牛首山
牛首山8.HEIC,6ee4617da313957c7874c4a4de813d3b,2025-06-08 17:08:56,2025-04-19 16:55:00,50_2025Apr牛首山
牛首山8.MP4,3eca8b79fd27afb327f598828ff970e8,2025-06-08 17:24:16,2025-04-19 04:02:16,50_2025Apr牛首山
牛首山9.HEIC,721b3e367b7c2f40345a350109fbc34e,2025-06-08 17:08:57,2025-04-19 16:55:06,50_2025Apr牛首山
牛首山9.MP4,2ddf241f72724643c3db4e0104c83cdc,2025-06-08 17:24:23,2025-04-19 04:06:04,50_2025Apr牛首山
牛首山_Anthony1.HEIC,baedea2f2f03d3ba15156c731aafb13c,2025-06-08 17:38:36,2025-04-19 05:26:26,50_2025Apr牛首山
牛首山_Anthony2.HEIC,c04bb3edd13db5dafcf74b6ad23d42db,2025-06-08 17:38:36,2025-04-19 05:26:40,50_2025Apr牛首山
牛首山_Anthony3.HEIC,7abc70b639b57e7aec80c626478c9836,2025-06-08 17:38:36,2025-04-19 05:26:40,50_2025Apr牛首山
牛首山_Inside1.MP4,892473cc85be65a8f78d9a48b125b15a,2025-06-08 17:25:05,2025-04-19 04:35:54,50_2025Apr牛首山
牛首山_Inside10.HEIC,1679faff793517bfe40c902ff71e11c2,2025-06-08 17:38:34,2025-04-19 04:39:26,50_2025Apr牛首山
牛首山_Inside11.HEIC,04fa817dbb3bb7ae8e9b3604c903eb4b,2025-06-08 17:38:34,2025-04-19 04:39:32,50_2025Apr牛首山
牛首山_Inside12.HEIC,a742c524c7fd189549ee04f2e991471a,2025-06-08 17:38:34,2025-04-19 04:39:38,50_2025Apr牛首山
牛首山_Inside13.HEIC,4ef8011bdd0a0b47b2ebc387c585cc2c,2025-06-08 17:38:34,2025-04-19 04:39:46,50_2025Apr牛首山
牛首山_Inside14.HEIC,c662b3fd313a6b67eea88251ce899b45,2025-06-08 17:38:34,2025-04-19 04:39:48,50_2025Apr牛首山
牛首山_Inside15.HEIC,5eb54d25534da2d689856d38c45d6854,2025-06-08 17:38:34,2025-04-19 04:40:12,50_2025Apr牛首山
牛首山_Inside16.HEIC,3ae473efbf5ed334f5dbf92b929915b2,2025-06-08 17:38:35,2025-04-19 04:40:28,50_2025Apr牛首山
牛首山_Inside17.HEIC,556d6dfaca94bb3dfe710cc988a5905a,2025-06-08 17:38:35,2025-04-19 04:40:50,50_2025Apr牛首山
牛首山_Inside18.HEIC,8f8b62efd237a2fc86f088a0a7c757a9,2025-06-08 17:38:35,2025-04-19 04:41:10,50_2025Apr牛首山
牛首山_Inside19.HEIC,a1a873ad5a986e3ff71fa89de1307303,2025-06-08 17:38:35,2025-04-19 04:41:26,50_2025Apr牛首山
牛首山_Inside2.MP4,4ca6385b41935df827e4512e5b18de55,2025-06-08 17:25:33,2025-04-19 04:39:00,50_2025Apr牛首山
牛首山_Inside20.HEIC,4bc54a1b3ccca4bff01b6ac3fdf32330,2025-06-08 17:38:35,2025-04-19 04:43:26,50_2025Apr牛首山
牛首山_Inside21.HEIC,3902ae8e2ce11b2d6e889d0d9dc4f580,2025-06-08 17:38:35,2025-04-19 04:43:36,50_2025Apr牛首山
牛首山_Inside22.HEIC,313fa635f3313e8bedf50b83b22ce795,2025-06-08 17:38:35,2025-04-19 04:46:10,50_2025Apr牛首山
牛首山_Inside23.HEIC,ebbc456a39f6d7804c825825a1e982f8,2025-06-08 17:38:35,2025-04-19 04:46:18,50_2025Apr牛首山
牛首山_Inside24.HEIC,91d98b8803a22a449998d14fefdfe771,2025-06-08 17:38:35,2025-04-19 05:00:44,50_2025Apr牛首山
牛首山_Inside25.HEIC,503d417090934bd8d08ad164607fee42,2025-06-08 17:38:35,2025-04-19 05:00:54,50_2025Apr牛首山
牛首山_Inside3.MP4,2265fe9cc461ac8bf7b95df6bcab832b,2025-06-08 17:25:50,2025-04-19 04:40:24,50_2025Apr牛首山
牛首山_Inside4.MP4,08ed51a85268b2f05c14672004575a8c,2025-06-08 17:25:58,2025-04-19 04:44:52,50_2025Apr牛首山
牛首山_Inside5.MP4,59cc0a5290abe9ab3131c90f4ae1e8fe,2025-06-08 17:26:08,2025-04-19 04:56:44,50_2025Apr牛首山
牛首山_Inside6.MP4,a03c9d0471c59b82fface2e028c73035,2025-06-08 17:26:22,2025-04-19 05:00:26,50_2025Apr牛首山
牛首山_Inside7.MP4,e89e9a4a55ad6f1a0f195a384c452354,2025-06-08 17:26:29,2025-04-19 05:01:50,50_2025Apr牛首山
牛首山_Inside8.MP4,28555cf1548fad35f17742d07f71f696,2025-06-08 17:26:35,2025-04-19 05:08:12,50_2025Apr牛首山
牛首山_Inside9.MP4,287a51e1454ef54675a2b88b24dc23b9,2025-06-08 17:26:55,2025-04-19 05:16:26,50_2025Apr牛首山
牛首山_Outside1.MP4,1e3f1c13dd8330fa85c6aa20eae67b6f,2025-06-08 17:27:28,2025-04-19 05:18:12,50_2025Apr牛首山
牛首山_Outside10.HEIC,acd9caa0185d4c855be52f1bd86295bf,2025-06-08 17:38:34,2025-04-19 04:11:04,50_2025Apr牛首山
牛首山_Outside11.HEIC,dcfc72537f308d2b6391f79ae6b77670,2025-06-08 17:38:34,2025-04-19 04:21:04,50_2025Apr牛首山
牛首山_Outside12.HEIC,fde137bee4dd7c32f23db3bb1f9556fe,2025-06-08 17:38:34,2025-04-19 04:21:08,50_2025Apr牛首山
牛首山_Outside13.HEIC,b711c2cab3eb15ed0441849c092575ec,2025-06-08 17:38:34,2025-04-19 04:21:40,50_2025Apr牛首山
牛首山_Outside14.HEIC,b9a0da282dd29e79bb594dd9be41f200,2025-06-08 17:38:34,2025-04-19 04:21:58,50_2025Apr牛首山
牛首山_Outside15.HEIC,7c21f6157bb7b281bd2c0af82b2c9947,2025-06-08 17:38:35,2025-04-19 05:17:50,50_2025Apr牛首山
牛首山_Outside16.HEIC,4e2535010eedc2b02ed9248bdaf8dc91,2025-06-08 17:38:35,2025-04-19 05:18:00,50_2025Apr牛首山
牛首山_Outside17.HEIC,b312ad09c25ed9fc4a3b5a70571f4d99,2025-06-08 17:38:35,2025-04-19 05:19:22,50_2025Apr牛首山
牛首山_Outside18.HEIC,a042451a0d2e437ef76ac0213e8ff8ed,2025-06-08 17:38:35,2025-04-19 05:19:32,50_2025Apr牛首山
牛首山_Outside19.HEIC,540f43ce1d09d4ab3e247224bf77f17b,2025-06-08 17:38:35,2025-04-19 05:25:58,50_2025Apr牛首山
牛首山_Outside2.MP4,187573d83d89b2e99690f6239829ac91,2025-06-08 17:27:34,2025-04-19 05:25:36,50_2025Apr牛首山
牛首山_Outside20.HEIC,ffdb7ee37de4de0f9d588cc5fb9c79a2,2025-06-08 17:38:36,2025-04-19 05:27:24,50_2025Apr牛首山
牛首山_Outside3.MP4,5660e78b0fe3901e0dbcce7cca9d3b1e,2025-06-08 17:27:37,2025-04-19 05:41:40,50_2025Apr牛首山
牛首山_Outside4.MP4,e49d987ba8f3276dd3c5f1d53d2b7319,2025-06-08 17:27:40,2025-04-19 05:44:12,50_2025Apr牛首山
牛首山_Outside5.MP4,efd4d92211b9abc54bceaf9a7b75530d,2025-06-08 17:27:44,2025-04-19 05:59:10,50_2025Apr牛首山
牛首山_Outside6.HEIC,3fb304af737b735fdfb0c0c5b687634d,2025-06-08 17:38:33,2025-04-19 04:04:42,50_2025Apr牛首山
牛首山_Outside7.HEIC,36d041e1684e254788a964c2b6498497,2025-06-08 17:38:34,2025-04-19 04:04:50,50_2025Apr牛首山
牛首山_Outside8.HEIC,d7cd59bdb330312ef73aa44cad7711fd,2025-06-08 17:38:34,2025-04-19 04:10:54,50_2025Apr牛首山
牛首山_Outside9.HEIC,b321fc90cec4fc4c587b4309a814d0ad,2025-06-08 17:38:34,2025-04-19 04:10:58,50_2025Apr牛首山
牛首山_waitArea.MP4,d6b00935f8673c4da9766da301c204c1,2025-06-08 17:38:54,2025-04-19 02:49:04,50_2025Apr牛首山
牛首山_waitArea2.MP4,58d9b4dc0973a597fd7969d8902fc2a2,2025-06-08 17:38:59,2025-04-19 02:54:02,50_2025Apr牛首山
玻璃內畫1.HEIC,1273ebb6ef3b62e3e2b9accc3370c270,2025-06-08 17:38:39,2025-04-19 23:16:14,40_2025AprChina
玻璃內畫2.HEIC,1e7dc2b15ccd4a2f603c3fa07ac159b9,2025-06-08 17:38:39,2025-04-19 23:19:06,40_2025AprChina
玻璃內畫3.HEIC,701413febace4fd489584184af2a6763,2025-06-08 17:38:39,2025-04-19 23:19:48,40_2025AprChina
玻璃內畫4.HEIC,b5953c9283d3e16a1579d0d2de4540ae,2025-06-08 17:38:39,2025-04-19 23:20:04,40_2025AprChina
華強北1.HEIC,e59365ecc2d4f8d4f875e50921bdb8d0,2025-06-08 19:10:23,2025-04-08 22:25:10,05_2025Apr深圳
華強北2.HEIC,099fc4db993673ce89c4b83e49f72ecd,2025-06-08 19:10:23,2025-04-08 22:26:34,05_2025Apr深圳
華強北3.HEIC,74372d597ef65af6b933f6d0db24ee6e,2025-06-08 19:10:23,2025-04-08 22:26:36,05_2025Apr深圳
華強北4.HEIC,7a3942a876ea2912ca1bf427f587cfe9,2025-06-08 19:10:24,2025-04-08 22:28:10,05_2025Apr深圳
華強北5.HEIC,63599315d09c5b8c301d7fdc636bdfde,2025-06-08 19:10:24,2025-04-08 22:28:52,05_2025Apr深圳
華強北Day1_1.MP4,003a855869fb33da68bdd4544e8634d9,2025-06-08 18:55:55,2025-04-07 03:09:34,05_2025Apr深圳
華強北Day1_10.MP4,e6728944968fb6fb19008abcea4a56b6,2025-06-08 18:56:50,2025-04-07 04:48:32,05_2025Apr深圳
華強北Day1_11.MP4,0d4dd1231fc9b6493d2509f295fdf9a1,2025-06-08 18:56:59,2025-04-07 04:52:32,05_2025Apr深圳
華強北Day1_12.MP4,56f5099c8bb8529e8662fb29b8cb568d,2025-06-08 18:57:29,2025-04-07 04:59:10,05_2025Apr深圳
華強北Day1_13.MP4,d1a28a79f7694a5be9537919631da53c,2025-06-08 18:57:52,2025-04-07 05:13:00,05_2025Apr深圳
華強北Day1_14.MP4,9c9de2c25121adb1de2088f6b7a97fbb,2025-06-08 18:57:58,2025-04-07 05:57:04,05_2025Apr深圳
華強北Day1_15.MP4,12cb947660101b843cd3c92cacfd7040,2025-06-08 18:58:05,2025-04-07 06:01:48,05_2025Apr深圳
華強北Day1_16.MP4,d8b7afe15e5eb2ce08aa472bd41d0469,2025-06-08 18:58:22,2025-04-07 06:03:36,05_2025Apr深圳
華強北Day1_17.MP4,66e9dfb084ec1e86855b72d6c6ec8af1,2025-06-08 18:58:26,2025-04-07 06:34:26,05_2025Apr深圳
華強北Day1_18.MP4,99b53ee478a988ab5ea4aaf2c6d12a00,2025-06-08 18:58:34,2025-04-07 06:36:54,05_2025Apr深圳
華強北Day1_19.MP4,c72d51748cb5c9fbec26998c3d09df2c,2025-06-08 18:58:43,2025-04-07 06:42:02,05_2025Apr深圳
華強北Day1_2.MP4,8e4f0f321cba73c834db44b4e6742618,2025-06-08 18:56:00,2025-04-07 03:10:36,05_2025Apr深圳
華強北Day1_20.MP4,dba6192a9f02edc05f4389f14af50eb2,2025-06-08 18:59:07,2025-04-07 07:04:40,05_2025Apr深圳
華強北Day1_3.MP4,48d7c70190733eb18666c9a243ec4818,2025-06-08 18:56:03,2025-04-07 03:11:22,05_2025Apr深圳
華強北Day1_4.MP4,427dac0bdc70f2a17160c6a2f73b0b7a,2025-06-08 18:56:06,2025-04-07 03:12:06,05_2025Apr深圳
華強北Day1_5.MP4,4c180e609aa395380876c6471dd3c64e,2025-06-08 18:56:09,2025-04-07 03:12:34,05_2025Apr深圳
華強北Day1_6.MP4,aa563e5f0af7b7a3bbecd3480f32c6ff,2025-06-08 18:56:12,2025-04-07 03:14:28,05_2025Apr深圳
華強北Day1_7.MP4,9a6d2c174c50a7f2cbfa9735bb8b9a60,2025-06-08 18:56:20,2025-04-07 04:09:22,05_2025Apr深圳
華強北Day1_8.MP4,dd3a7fc3724542491c2549d2a592df02,2025-06-08 18:56:26,2025-04-07 04:35:42,05_2025Apr深圳
華強北Day1_9.MP4,61a772dbe10415c8663b186d5f7ba645,2025-06-08 18:56:41,2025-04-07 04:37:58,05_2025Apr深圳
華強北Map.HEIC,67b76846f2a7478c7ff340b2af594cbc,2025-06-08 19:10:21,2025-04-07 04:28:08,05_2025Apr深圳
華強北Night1.HEIC,65eca61a4c0e8b2653c7b60558488204,2025-06-08 19:10:21,2025-04-07 09:15:06,05_2025Apr深圳
華強北Night10.MP4,f9af7a7b19f6f0fd96ba3e029e41252c,2025-06-08 19:05:39,2025-04-08 10:05:16,05_2025Apr深圳
華強北Night11.MP4,6b7f5f0a6df33fc7a4fb332c9bbfb2ff,2025-06-08 19:05:40,2025-04-08 10:13:40,05_2025Apr深圳
華強北Night2.HEIC,ae31a8df7843afaacbd21d5fdab09f81,2025-06-08 19:10:21,2025-04-07 09:13:06,05_2025Apr深圳
華強北Night3.HEIC,fb0092785e251593941dbab1903010e2,2025-06-08 19:10:21,2025-04-07 09:08:22,05_2025Apr深圳
華強北Night4.MP4,713bcedaa90e26194ed7398971740e1d,2025-06-08 18:59:59,2025-04-07 09:20:46,05_2025Apr深圳
華強北Night5.MP4,476d408c67ec8225118eb8636d41ef86,2025-06-08 18:59:47,2025-04-07 09:12:44,05_2025Apr深圳
華為_租單車1.heic,5bbe84a539241aea074c413d73d76dbb,2025-06-08 19:25:57,2025-04-10 00:31:16,10_2025Apr東莞
華為_租單車2.HEIC,d94dd11276e1353b617230e04c38a988,2025-06-08 19:25:57,2025-04-10 00:39:52,10_2025Apr東莞
華為_租單車3.HEIC,b4c0dab1594142c332cc1312a9a0d7a0,2025-06-08 19:25:57,2025-04-10 00:40:06,10_2025Apr東莞
華為_租單車4.HEIC,fc69fe053c36fe29fcc4e5d1b4adcc23,2025-06-08 19:25:57,2025-04-10 00:40:40,10_2025Apr東莞
華為_租單車5.HEIC,b921a0224171f241d3c32689c8c99ad1,2025-06-08 19:25:57,2025-04-10 00:41:28,10_2025Apr東莞
華為_租單車6.HEIC,8868a2327f4eb45d667587803ba7f168,2025-06-08 19:25:58,2025-04-10 00:41:36,10_2025Apr東莞
華為_租單車7.HEIC,acc6f224e215e09b65a0650af5bb5f1d,2025-06-08 19:25:58,2025-04-10 00:41:44,10_2025Apr東莞
華為_租單車8.HEIC,45c99eda0a9884b922dbcdd4e1a1aca1,2025-06-08 19:25:58,2025-04-10 00:42:30,10_2025Apr東莞
華為_租單車9.HEIC,92e9eb3b3fa47b9051a84a36107cdb93,2025-06-08 19:25:57,2025-04-10 01:29:06,10_2025Apr東莞
華為公園.mov,e9cab1e5a17bbfdff0da1ed057eff37b,2025-06-08 19:26:10,2025-04-10 01:41:36,10_2025Apr東莞
西湖Lunch.HEIC,9cb52812eff3baf0cc7197e3651d3cd1,2025-06-08 17:08:50,2025-04-18 12:16:38,30_2025Apr杭州
長洲太平清醮_1.HEIC,d3e9421b35c5a76a1db156ab09353cf5,2025-06-08 18:10:22,2025-05-05 01:56:04,82_2025May香港長州
長洲太平清醮_10.MP4,96936c937304331015cdb71ff00e9c19,2025-06-08 18:04:19,2025-05-05 02:56:00,82_2025May香港長州
長洲太平清醮_100.HEIC,0b3e76b5e23b204ac281dfea239116f1,2025-06-08 17:09:20,2025-05-05 15:42:00,82_2025May香港長州
長洲太平清醮_101.HEIC,dedc57bf5f93fe083f06e202e23818de,2025-06-08 17:09:20,2025-05-05 15:42:04,82_2025May香港長州
長洲太平清醮_102.HEIC,99bceea959133c247bdc53cd3a62c175,2025-06-08 17:09:20,2025-05-05 15:51:18,82_2025May香港長州
長洲太平清醮_103.HEIC,59e8389be606bd17b1adc0c1f59bdcbe,2025-06-08 17:09:21,2025-05-05 15:51:34,82_2025May香港長州
長洲太平清醮_104.HEIC,6d457651deed804b5aa29912cdec5184,2025-06-08 17:09:21,2025-05-05 15:52:50,82_2025May香港長州
長洲太平清醮_105.HEIC,548d5e641e4ac1242a6ee4f0ddb4ae2b,2025-06-08 17:09:21,2025-05-05 15:52:52,82_2025May香港長州
長洲太平清醮_106.HEIC,fa88d511cfbf25afee9f029ba9a2a6f9,2025-06-08 17:09:22,2025-05-05 15:52:54,82_2025May香港長州
長洲太平清醮_107.HEIC,f37924450078f4179f619c8181f97298,2025-06-08 17:09:22,2025-05-05 15:52:54,82_2025May香港長州
長洲太平清醮_108.HEIC,5fc57bb6862e521edacfe9f4932caa34,2025-06-08 17:09:22,2025-05-05 15:53:00,82_2025May香港長州
長洲太平清醮_109.HEIC,1ddd8abe8dac2316ec13eb28d6a8375f,2025-06-08 17:09:23,2025-05-05 15:59:16,82_2025May香港長州
長洲太平清醮_11.MP4,4fed81976a2858571a5708ac914eddfe,2025-06-08 18:04:37,2025-05-05 03:03:46,82_2025May香港長州
長洲太平清醮_110.HEIC,9d988447974a3061965af4d8422424db,2025-06-08 17:09:23,2025-05-05 16:03:08,82_2025May香港長州
長洲太平清醮_111.HEIC,8d9ec79497b8964d32f61b794c8986ff,2025-06-08 17:09:23,2025-05-05 16:46:52,82_2025May香港長州
長洲太平清醮_112.HEIC,2ee1a7d2fc61f6042b26f926f1acfacf,2025-06-08 17:09:23,2025-05-05 16:48:18,82_2025May香港長州
長洲太平清醮_113.HEIC,d74a88f64913c11fd955951f4818be79,2025-06-08 17:09:24,2025-05-05 16:48:36,82_2025May香港長州
長洲太平清醮_114.HEIC,25f48ba09dc8248899f78bb3bb15b7ee,2025-06-08 17:09:25,2025-05-05 16:50:34,82_2025May香港長州
長洲太平清醮_115.HEIC,6a3cd765405b82a6360f0dcb3a7b157c,2025-06-08 17:09:25,2025-05-05 17:11:40,82_2025May香港長州
長洲太平清醮_116.HEIC,3518d208690e6e62150f12c73eaa8cea,2025-06-08 17:09:25,2025-05-05 17:11:46,82_2025May香港長州
長洲太平清醮_117.HEIC,4a1bda50eb2df989f3d8b3345a3e849b,2025-06-08 17:09:26,2025-05-05 17:12:02,82_2025May香港長州
長洲太平清醮_118.HEIC,71e6d3b63e7a590a42292f9f823dccfd,2025-06-08 17:09:26,2025-05-05 17:12:04,82_2025May香港長州
長洲太平清醮_12.MP4,ecb1194ed8899f2cdba01d5b0a46067f,2025-06-08 18:04:53,2025-05-05 03:07:16,82_2025May香港長州
長洲太平清醮_13.MP4,47931182bafc2c74d6f4950b1de72b2d,2025-06-08 18:04:56,2025-05-05 03:09:02,82_2025May香港長州
長洲太平清醮_14.HEIC,4ad12c934d6710f9b8091a2a2da6e5f1,2025-06-08 18:10:23,2025-05-05 03:12:10,82_2025May香港長州
長洲太平清醮_15.HEIC,0103419e8bff9a44a953a63f8c5f3f15,2025-06-08 18:10:23,2025-05-05 03:12:12,82_2025May香港長州
長洲太平清醮_16.HEIC,4c94c718608e9d74ffa319efb9d72a2a,2025-06-08 18:10:23,2025-05-05 03:12:16,82_2025May香港長州
長洲太平清醮_17.HEIC,bde997eee2d4c2b4c16a143f749b2cda,2025-06-08 18:10:23,2025-05-05 03:12:56,82_2025May香港長州
長洲太平清醮_18.HEIC,73e7e4eab4b1ae51d4b69f9c2f8877e1,2025-06-08 18:10:23,2025-05-05 03:12:58,82_2025May香港長州
長洲太平清醮_19.HEIC,a433c9fc282bdc0b491b7bb36dea1f71,2025-06-08 18:10:23,2025-05-05 03:12:58,82_2025May香港長州
長洲太平清醮_2.HEIC,a47a3f62855200c112679fe5300bd75b,2025-06-08 18:10:22,2025-05-05 02:28:48,82_2025May香港長州
長洲太平清醮_20.HEIC,db256ee5bcd21e1e91bfd031098c34de,2025-06-08 18:10:23,2025-05-05 03:13:06,82_2025May香港長州
長洲太平清醮_21.HEIC,7fb0792765635f80e8faa63ad32acb55,2025-06-08 18:10:23,2025-05-05 03:13:08,82_2025May香港長州
長洲太平清醮_22.MP4,2341a258b74a602dc842bec1f60af66f,2025-06-08 18:05:04,2025-05-05 03:13:16,82_2025May香港長州
長洲太平清醮_23.HEIC,627cce23a9f74a0c44ed4024fb9fb5d0,2025-06-08 18:10:23,2025-05-05 03:14:56,82_2025May香港長州
長洲太平清醮_24.HEIC,2b1530f11960875b4a2a8a056f0a5f09,2025-06-08 18:10:23,2025-05-05 03:15:02,82_2025May香港長州
長洲太平清醮_25.MP4,c17a6ff15d99a6d02f267dd1db3a4b1e,2025-06-08 18:05:21,2025-05-05 03:17:22,82_2025May香港長州
長洲太平清醮_26.MP4,9eba45a3c4f77f3913ce994de05f29e8,2025-06-08 18:05:37,2025-05-05 03:19:10,82_2025May香港長州
長洲太平清醮_27.MP4,e4f6af7c5f3fbad7d133d980383b7eed,2025-06-08 18:05:41,2025-05-05 03:20:24,82_2025May香港長州
長洲太平清醮_28.MP4,1fccdec17bb277907ad27dd5475fd8a1,2025-06-08 18:05:44,2025-05-05 03:21:46,82_2025May香港長州
長洲太平清醮_29.MP4,f524e6a29309379c9cc232984b2b2974,2025-06-08 18:05:47,2025-05-05 03:24:42,82_2025May香港長州
長洲太平清醮_3.HEIC,87eda2a15472e63a4042266a02227971,2025-06-08 18:10:22,2025-05-05 02:28:56,82_2025May香港長州
長洲太平清醮_30.MP4,79b4d54b1b5693c3bed0b3675ee4b7cc,2025-06-08 18:05:50,2025-05-05 03:25:26,82_2025May香港長州
長洲太平清醮_31.MP4,d12c4a548210df8a87b7527de0709091,2025-06-08 18:05:52,2025-05-05 03:26:58,82_2025May香港長州
長洲太平清醮_32.MP4,e7f3c844b5f84bf170e1c973e2cd19ed,2025-06-08 18:05:58,2025-05-05 03:29:38,82_2025May香港長州
長洲太平清醮_33.MP4,086bcd95e3007e56bcc299e006c859d3,2025-06-08 18:06:03,2025-05-05 03:30:14,82_2025May香港長州
長洲太平清醮_34.HEIC,c1285c368410791d1bacdc6a7d1fd1fd,2025-06-08 18:10:23,2025-05-05 03:33:00,82_2025May香港長州
長洲太平清醮_35.MP4,68715d9b9211168b84fd0827a34cd15b,2025-06-08 18:06:09,2025-05-05 03:35:22,82_2025May香港長州
長洲太平清醮_36.HEIC,3feb45ef16fc60d8dd836fcb2f67c3a5,2025-06-08 18:10:23,2025-05-05 03:35:48,82_2025May香港長州
長洲太平清醮_37.HEIC,8bc38ec2448f98a2280ec72fc246da57,2025-06-08 18:10:23,2025-05-05 03:35:54,82_2025May香港長州
長洲太平清醮_38.HEIC,e4a7c267289ea213ec0407acd8e87599,2025-06-08 18:10:23,2025-05-05 03:36:18,82_2025May香港長州
長洲太平清醮_39.HEIC,9ace48914e7accbf518a2641f2c815ac,2025-06-08 18:10:23,2025-05-05 03:36:20,82_2025May香港長州
長洲太平清醮_4.HEIC,82faf1bf2105ed44b6a49b7b5e97ef75,2025-06-08 18:10:22,2025-05-05 02:29:02,82_2025May香港長州
長洲太平清醮_40.MP4,6fdd9e3c95fc82e856daaeefda373433,2025-06-08 18:06:24,2025-05-05 03:36:40,82_2025May香港長州
長洲太平清醮_41.MP4,16b9ff1960032affc10bb6d22c5aa6ea,2025-06-08 18:06:26,2025-05-05 03:37:58,82_2025May香港長州
長洲太平清醮_42.MP4,6e88b8a0cfbaa5cbd23ffed0ea375698,2025-06-08 18:06:29,2025-05-05 03:40:40,82_2025May香港長州
長洲太平清醮_43.MP4,94f1069e2a14d6c0930f566bea4025a3,2025-06-08 18:06:33,2025-05-05 03:41:28,82_2025May香港長州
長洲太平清醮_44.MP4,cee43cea74afc14acefc5863776f92c8,2025-06-08 18:06:37,2025-05-05 03:42:50,82_2025May香港長州
長洲太平清醮_45.MP4,f2b34f92344f9ff5e5d4728d9eccca9b,2025-06-08 18:06:48,2025-05-05 03:45:50,82_2025May香港長州
長洲太平清醮_46.MP4,29ad928ed0dc833a1d6314dab7ef9392,2025-06-08 18:07:06,2025-05-05 03:50:28,82_2025May香港長州
長洲太平清醮_47.MP4,2baad4525c32687a351fd24851028d2d,2025-06-08 18:07:14,2025-05-05 03:52:54,82_2025May香港長州
長洲太平清醮_48.MP4,5e62c2d60a3399ac037d61a24b601359,2025-06-08 18:07:23,2025-05-05 03:55:30,82_2025May香港長州
長洲太平清醮_49.MP4,04deba2f14dcb6b2ba3c180e1ce89231,2025-06-08 18:07:36,2025-05-05 04:03:34,82_2025May香港長州
長洲太平清醮_5.HEIC,2078dc48a2aaccbe2c3f05a0578a28a1,2025-06-08 18:10:22,2025-05-05 02:31:50,82_2025May香港長州
長洲太平清醮_50.MP4,739ffa6bab770877f72230074b721b51,2025-06-08 18:07:54,2025-05-05 04:04:38,82_2025May香港長州
長洲太平清醮_51.MP4,1182bb8655b0f5733e317009b45583a1,2025-06-08 18:07:59,2025-05-05 04:04:56,82_2025May香港長州
長洲太平清醮_52.MP4,2ff4e5d0359188525a8d70071bd607ac,2025-06-08 18:08:01,2025-05-05 04:06:04,82_2025May香港長州
長洲太平清醮_53.MP4,df9dfdb7f620e3de59c68fae5505dff1,2025-06-08 18:08:07,2025-05-05 04:09:24,82_2025May香港長州
長洲太平清醮_54.MP4,eb4c58ef0daedf4c844d519395b59e4a,2025-06-08 18:08:21,2025-05-05 04:11:40,82_2025May香港長州
長洲太平清醮_55.HEIC,f026780b56227a5d9111f2a6947d73c5,2025-06-08 18:10:23,2025-05-05 04:13:12,82_2025May香港長州
長洲太平清醮_56.MP4,00bb86591d356496e1cd8ca18292e4e7,2025-06-08 18:08:27,2025-05-05 04:14:20,82_2025May香港長州
長洲太平清醮_57.MP4,4d5afee27b8b60193f9c8f09433a17cd,2025-06-08 18:08:43,2025-05-05 04:39:58,82_2025May香港長州
長洲太平清醮_58.HEIC,20a8f286949fbb1339a23f8b21011202,2025-06-08 18:10:23,2025-05-05 04:45:46,82_2025May香港長州
長洲太平清醮_59.HEIC,2f00b24ecc41c5237b87d6e1fa51b112,2025-06-08 18:10:23,2025-05-05 04:45:52,82_2025May香港長州
長洲太平清醮_6.heic,03ee852516ce6a8c2a9c6a1bcdfa529e,2025-06-08 18:10:23,2025-05-05 02:34:00,82_2025May香港長州
長洲太平清醮_60.HEIC,90ecee30b4343169a3eba45f5a049b65,2025-06-08 18:10:24,2025-05-05 04:45:58,82_2025May香港長州
長洲太平清醮_61.HEIC,0d2b647822ba101fbd82162faa3a6ece,2025-06-08 18:10:24,2025-05-05 04:46:32,82_2025May香港長州
長洲太平清醮_62.MP4,dd281e17e0dd455ac5210fd8ba614f87,2025-06-08 18:09:06,2025-05-05 04:50:00,82_2025May香港長州
長洲太平清醮_63.MP4,325155c7af90929206f6c41dfbeae2dc,2025-06-08 18:09:08,2025-05-05 04:50:52,82_2025May香港長州
長洲太平清醮_64.MP4,f783610a0c16d4e4ad6048bf3d509d25,2025-06-08 18:09:12,2025-05-05 04:52:44,82_2025May香港長州
長洲太平清醮_65.MP4,57a9523d9a6d8a55478a49ec0160d889,2025-06-08 18:09:19,2025-05-05 04:53:20,82_2025May香港長州
長洲太平清醮_66.HEIC,7b4a38ba934667f97d44ed0ccf2f3287,2025-06-08 18:10:24,2025-05-05 04:54:02,82_2025May香港長州
長洲太平清醮_67.HEIC,c25e26d97af5099b78497ad1995ea44d,2025-06-08 18:10:24,2025-05-05 04:54:10,82_2025May香港長州
長洲太平清醮_68.HEIC,ab0374657cbcd6a48be2ea2c84317264,2025-06-08 18:10:24,2025-05-05 04:54:38,82_2025May香港長州
長洲太平清醮_69.MP4,8af29cc717da7e5d386a87f05e8663a2,2025-06-08 18:09:22,2025-05-05 04:55:14,82_2025May香港長州
長洲太平清醮_7.HEIC,eb46ffd19e9b18c8890f20fcc18021b3,2025-06-08 18:10:23,2025-05-05 02:34:10,82_2025May香港長州
長洲太平清醮_70.MP4,78626b01c3c3fd1293d1ebee02411236,2025-06-08 18:09:29,2025-05-05 04:58:22,82_2025May香港長州
長洲太平清醮_71.MP4,fb73d5564b3ded107541c92aed5acbd2,2025-06-08 18:09:32,2025-05-05 04:59:00,82_2025May香港長州
長洲太平清醮_72.MP4,35b32eb10e6f97fbc73b711a5021bc68,2025-06-08 18:09:34,2025-05-05 05:06:40,82_2025May香港長州
長洲太平清醮_73.HEIC,6ac91067cc7116adf2764539687035f3,2025-06-08 18:10:24,2025-05-05 06:04:46,82_2025May香港長州
長洲太平清醮_74.HEIC,aa2ca5b01b5f20f6b4d2ee22f1f2a06f,2025-06-08 18:10:24,2025-05-05 06:04:50,82_2025May香港長州
長洲太平清醮_75.HEIC,26adafd5d0dfdabb3228a4fc5da1cebf,2025-06-08 18:10:24,2025-05-05 06:22:14,82_2025May香港長州
長洲太平清醮_76.MP4,bf1e0e8ee0cd0f99e82f8e4c4f0d124d,2025-06-08 18:09:40,2025-05-05 06:28:36,82_2025May香港長州
長洲太平清醮_77.MP4,4092d74aabcaec78f81565d50789e758,2025-06-08 18:09:42,2025-05-05 06:29:08,82_2025May香港長州
長洲太平清醮_78.HEIC,90be006ee37854454e108b95ce6ce742,2025-06-08 17:09:15,2025-05-05 15:01:36,82_2025May香港長州
長洲太平清醮_79.HEIC,f8dfc4cb2cfb784bd65c458abc75d5c3,2025-06-08 17:09:15,2025-05-05 15:07:06,82_2025May香港長州
長洲太平清醮_8.MP4,88ea3d0e40f8a9514e19898dc44761e1,2025-06-08 18:04:09,2025-05-05 02:48:04,82_2025May香港長州
長洲太平清醮_80.HEIC,13c1b67ecfa67251ea579a32a53445b6,2025-06-08 17:09:15,2025-05-05 15:08:34,82_2025May香港長州
長洲太平清醮_81.HEIC,c8aa17197b45cd9eb53853d44d8352f4,2025-06-08 17:09:15,2025-05-05 15:08:40,82_2025May香港長州
長洲太平清醮_82.MOV,3c3ef4713bc87d3ff0553e19592c5912,2025-06-08 17:09:15,2025-05-05 15:08:54,82_2025May香港長州
長洲太平清醮_83.HEIC,f9ce09ac0ba1d78c2de164c0d0b10981,2025-06-08 17:09:16,2025-05-05 15:08:58,82_2025May香港長州
長洲太平清醮_84.HEIC,ac114cecb4be497df107eec75182d0bb,2025-06-08 17:09:16,2025-05-05 15:09:08,82_2025May香港長州
長洲太平清醮_85.HEIC,488323f0c51bef8aa61aff3d18694bc1,2025-06-08 17:09:16,2025-05-05 15:09:12,82_2025May香港長州
長洲太平清醮_86.HEIC,0753d97803454e65b03ad6470929abbf,2025-06-08 17:09:16,2025-05-05 15:09:12,82_2025May香港長州
長洲太平清醮_87.HEIC,0c58fcef42480b142991f9fb1c1d605b,2025-06-08 17:09:16,2025-05-05 15:09:16,82_2025May香港長州
長洲太平清醮_88.HEIC,4778b02bf98ecfcf3501ebe9e83b3751,2025-06-08 17:09:16,2025-05-05 15:09:18,82_2025May香港長州
長洲太平清醮_89.HEIC,f7c67de64a54d56d759fb0ebf1c87f15,2025-06-08 17:09:16,2025-05-05 15:10:32,82_2025May香港長州
長洲太平清醮_9.MP4,cde6d1b3676684efc114be199def4aaa,2025-06-08 18:04:11,2025-05-05 02:51:42,82_2025May香港長州
長洲太平清醮_90.HEIC,aac2107395251f8c2c1fa57fc0aad95c,2025-06-08 17:09:16,2025-05-05 15:10:36,82_2025May香港長州
長洲太平清醮_91.HEIC,af2d42b538a344a111e55e849ad87692,2025-06-08 17:09:17,2025-05-05 15:10:48,82_2025May香港長州
長洲太平清醮_92.HEIC,681391500dac4c6ae2a9d1ddc2aab8c2,2025-06-08 17:09:17,2025-05-05 15:10:52,82_2025May香港長州
長洲太平清醮_93.HEIC,93fe21c484f4bb5edf40a6a60a4119ae,2025-06-08 17:09:17,2025-05-05 15:28:48,82_2025May香港長州
長洲太平清醮_94.HEIC,6327f5acfdbdd3b22d066093e89c59be,2025-06-08 17:09:18,2025-05-05 15:29:02,82_2025May香港長州
長洲太平清醮_95.HEIC,fa5733d69220245ad6982ee7a0558359,2025-06-08 17:09:18,2025-05-05 15:35:18,82_2025May香港長州
長洲太平清醮_96.HEIC,728d4f34924eab8bda82aa01527a2284,2025-06-08 17:09:18,2025-05-05 15:35:22,82_2025May香港長州
長洲太平清醮_97.HEIC,135d7204e0cc61b1b7c1fddc28599a3c,2025-06-08 17:09:19,2025-05-05 15:35:34,82_2025May香港長州
長洲太平清醮_98.HEIC,e1617646c610bc8ff06978dc0c2b4c78,2025-06-08 17:09:19,2025-05-05 15:41:14,82_2025May香港長州
長洲太平清醮_99.HEIC,a0a66a8acc9a269db55bcc82bb687b9f,2025-06-08 17:09:19,2025-05-05 15:41:26,82_2025May香港長州
香港_1.HEIC,bc4c563d03ae9da223db2e393f11ea36,2025-06-08 18:21:27,2025-04-26 22:27:02,87_2025May香港
香港_10.HEIC,814edc09b62062436764bf72f76e82ec,2025-06-08 18:21:27,2025-04-26 23:30:42,87_2025May香港
香港_100.HEIC,7d5fa1bf8b4e1aded930113ec63286a1,2025-06-08 18:21:38,2025-05-09 05:46:16,87_2025May香港
香港_101.HEIC,78b14a21c9de686a59c08c7603345ff7,2025-06-08 18:21:38,2025-05-09 06:08:48,87_2025May香港
香港_102.HEIC,9e421f6e8ef52ed4dd414b05d1df20da,2025-06-08 18:21:39,2025-05-09 06:08:50,87_2025May香港
香港_103.HEIC,465e4f7310bb28694ebf14f43ab581e5,2025-06-08 18:21:39,2025-05-09 06:10:08,87_2025May香港
香港_104.HEIC,4742dd33558f301b2c2a3ebbd3c6a751,2025-06-08 18:21:39,2025-05-09 06:10:34,87_2025May香港
香港_105.HEIC,f0c539b401b801793da9654ca7eba8fe,2025-06-08 18:21:39,2025-05-09 06:11:22,87_2025May香港
香港_106.HEIC,e27b72b25c440d7d75d04edc746955e4,2025-06-08 18:21:39,2025-05-09 06:11:54,87_2025May香港
香港_107.heic,fa34521f1724987c45a4da107ac789dd,2025-06-08 18:21:39,2025-05-09 06:23:40,87_2025May香港
香港_108.heic,298fcc818d5b945bc9f1a81ee371799a,2025-06-08 18:21:39,2025-05-09 06:26:02,87_2025May香港
香港_109.heic,8a651623b1ec6088f3c3adb3254b8e24,2025-06-08 18:21:39,2025-05-09 06:26:12,87_2025May香港
香港_11.HEIC,5d9c3180ba620a5966161e6f89003887,2025-06-08 18:21:27,2025-04-26 23:30:48,87_2025May香港
香港_110.heic,47be79d492b31468f0f2947e1a8401a8,2025-06-08 18:21:39,2025-05-09 06:27:10,87_2025May香港
香港_111.HEIC,14cab2bd657e5d6949f6a959ab23a9c4,2025-06-08 18:21:39,2025-05-09 06:32:12,87_2025May香港
香港_112.HEIC,9263d1d1c4903a17fdee8c1d72d028db,2025-06-08 17:09:27,2025-05-09 17:40:14,87_2025May香港
香港_113.HEIC,5257a560ace3ee371428000cc2da4f5d,2025-06-08 17:09:27,2025-05-09 17:40:20,87_2025May香港
香港_114.HEIC,60d34b5dbb56d874e145db8d387a3ec9,2025-06-08 17:09:28,2025-05-09 18:24:30,87_2025May香港
香港_115.HEIC,621067716844b90b4ee7027e9794840a,2025-06-08 17:09:28,2025-05-09 18:24:36,87_2025May香港
香港_116.HEIC,e47483c50adbdd18df0fb175714915e8,2025-06-08 17:09:28,2025-05-09 18:24:36,87_2025May香港
香港_117.HEIC,56a52d663a31acb6fe55cf7468f1355f,2025-06-08 17:09:29,2025-05-09 18:26:42,87_2025May香港
香港_118.jpg,27c65449c20b44252243d283083de712,2025-06-08 18:21:39,2025-05-10 00:24:22,87_2025May香港
香港_119.HEIC,57e6ecaa7bcc12fada6865f079415deb,2025-06-08 18:21:39,2025-05-13 06:16:58,87_2025May香港
香港_12.HEIC,e3f93e256627bb270aefa51e7d613346,2025-06-08 18:21:28,2025-04-27 00:35:26,87_2025May香港
香港_120.MOV,964a5bcc618195778ccddb5ad6054b06,2025-06-08 18:21:39,2025-05-13 06:55:12,87_2025May香港
香港_121.HEIC,f46c0b5cc505cee215b24b95da685c8d,2025-06-08 18:21:44,2025-05-13 07:06:54,87_2025May香港
香港_122.HEIC,ead5aef2f5245ee49958ab21b618af5f,2025-06-08 18:21:44,2025-05-13 08:42:56,87_2025May香港
香港_123.HEIC,79545cc1a6d5934779791cfc3a6f203b,2025-06-08 18:21:44,2025-05-13 08:42:58,87_2025May香港
香港_124.MOV,7a7dcf59e176ab27a26c72fa3704ee49,2025-06-08 18:21:44,2025-05-13 08:55:14,87_2025May香港
香港_125.HEIC,1e4c379e2882819e3e15ca7b669e6fc8,2025-06-08 18:21:46,2025-05-13 09:00:40,87_2025May香港
香港_126.HEIC,fefc24a4aa3260ee9a2d0ea370a1f88a,2025-06-08 18:21:46,2025-05-13 09:00:56,87_2025May香港
香港_127.PNG,1214e63839b78007bc0c8f9718be4e15,2025-06-08 18:21:46,2025-05-13 11:29:56,87_2025May香港
香港_128.heic,c23237e3f526c378a770ff0d4e0fe314,2025-06-08 18:21:46,2025-05-15 22:38:12,87_2025May香港
香港_129.HEIC,26ea87ffdade3e9ad1b1493e6e8cf503,2025-06-08 18:21:46,2025-05-15 22:40:50,87_2025May香港
香港_13.HEIC,c0a9035529935917aa784d215d98a730,2025-06-08 18:21:28,2025-04-27 00:51:54,87_2025May香港
香港_130.HEIC,343e5f2f052c5899c5754ad0019b709f,2025-06-08 18:21:46,2025-05-15 22:42:22,87_2025May香港
香港_131.HEIC,ddde7165d162796825c349ee74d38655,2025-06-08 18:21:46,2025-05-15 22:43:44,87_2025May香港
香港_132.HEIC,6ad38c3ad2d717f9b11d58faddf5fdf8,2025-06-08 18:21:46,2025-05-16 02:40:32,87_2025May香港
香港_133.HEIC,4053d32fafaff811781be2652114f414,2025-06-08 18:21:46,2025-05-16 02:40:34,87_2025May香港
香港_134.heic,493036e2ee5a3239459a63c476b45dd3,2025-06-08 18:21:46,2025-05-16 02:40:42,87_2025May香港
香港_135.HEIC,a343a3a040bdd8661db68a4f595a3b55,2025-06-08 18:21:47,2025-05-16 02:40:42,87_2025May香港
香港_136.HEIC,ce23fc61e73ad86d70e090edbe679c39,2025-06-08 18:21:47,2025-05-16 02:40:44,87_2025May香港
香港_137.HEIC,2a365c2b66b5fff6e4a0554919b53a39,2025-06-08 18:21:47,2025-05-16 03:55:30,87_2025May香港
香港_138.HEIC,a42ac9da7bdd5cffd10b552d311b2bf3,2025-06-08 18:21:47,2025-05-16 05:14:06,87_2025May香港
香港_139.HEIC,38bcb127be48a484896b41e125be4e70,2025-06-08 18:21:47,2025-05-16 05:14:26,87_2025May香港
香港_14.HEIC,0c232481028c85f28bd74ec94580ee23,2025-06-08 18:21:28,2025-04-27 00:51:56,87_2025May香港
香港_140.HEIC,6a48e4e47d006557cfbc51b26d8a3626,2025-06-08 18:21:47,2025-05-16 05:14:34,87_2025May香港
香港_141.HEIC,a874b2f102c0a9dc9ba648e8a101c6f4,2025-06-08 18:21:47,2025-05-16 05:23:04,87_2025May香港
香港_142.HEIC,8a240ddced6832f329ccc6292dce28fc,2025-06-08 18:21:47,2025-05-16 05:23:12,87_2025May香港
香港_143.HEIC,2ba0e36a5e468b9d21f191f0fa5dfe06,2025-06-08 18:21:47,2025-05-16 05:27:52,87_2025May香港
香港_144.HEIC,99c7e6351f33eacf0e5ccc6c3f1341fc,2025-06-08 18:21:47,2025-05-16 05:28:00,87_2025May香港
香港_145.HEIC,fceb908d9a369d6cc5f73749beb61777,2025-06-08 18:21:47,2025-05-16 05:35:08,87_2025May香港
香港_146.HEIC,db1486ba7a851f2016ebfb0eb0ab2332,2025-06-08 18:21:47,2025-05-16 06:07:02,87_2025May香港
香港_147.HEIC,65dc3002f6046614e9de45c676ebff3a,2025-06-08 18:21:47,2025-05-16 06:07:48,87_2025May香港
香港_148.HEIC,0adaf67ae2d92063a1cc4cf9570cff4a,2025-06-08 18:21:47,2025-05-16 06:51:50,87_2025May香港
香港_149.HEIC,379728d588514ef6587009adec36dbef,2025-06-08 18:21:47,2025-05-16 06:52:42,87_2025May香港
香港_15.HEIC,755fe790311c850541e6a2eeca1624cb,2025-06-08 18:21:28,2025-04-27 00:52:20,87_2025May香港
香港_150.HEIC,c5359016ebea912dd985a2c2a4df433b,2025-06-08 18:21:47,2025-05-16 06:52:48,87_2025May香港
香港_151.HEIC,a6f317aa4f52472e80326a3b646ac604,2025-06-08 18:21:47,2025-05-16 06:52:52,87_2025May香港
香港_152.HEIC,0b5a6ef307446dc55ada0602a12c9227,2025-06-08 17:09:34,2025-05-16 17:28:52,87_2025May香港
香港_153.HEIC,07a9cdd676bc71afa9b6ddc405333cfe,2025-06-08 18:21:47,2025-05-17 01:41:22,87_2025May香港
香港_154.HEIC,6bda8925043e0832dbb7b6dd7fb65cc0,2025-06-08 18:21:48,2025-05-17 01:46:20,87_2025May香港
香港_155.HEIC,ec8d42a1b088d6fe0f067febbad04565,2025-06-08 18:21:48,2025-05-17 02:26:42,87_2025May香港
香港_156.HEIC,3ae3cdf8ab685f5f223c5b81b1d1391d,2025-06-08 18:21:48,2025-05-17 03:06:12,87_2025May香港
香港_157.HEIC,b854381123e095db6b3a7e888073fff4,2025-06-08 18:21:48,2025-05-17 03:06:16,87_2025May香港
香港_158.MP4,9ef16ccb5da84102045d89f09b12d3cd,2025-06-08 18:17:54,2025-05-17 03:18:22,87_2025May香港
香港_159.MP4,14c8f2a4980e44c0c0c434ed15e611be,2025-06-08 18:17:57,2025-05-17 03:19:32,87_2025May香港
香港_16.HEIC,298d7db20a23c040776a30f2d486a65c,2025-06-08 18:21:28,2025-04-27 01:30:28,87_2025May香港
香港_160.MP4,4a9fb8b9047f73e90ab51a02fe8f0011,2025-06-08 18:18:01,2025-05-17 03:20:02,87_2025May香港
香港_161.MP4,cfec5b6fd3d06c65ae04591b3da142f1,2025-06-08 18:18:05,2025-05-17 03:24:00,87_2025May香港
香港_162.HEIC,f3a2fc79d6fc599f2a4f87614f7eca6c,2025-06-08 18:21:48,2025-05-17 03:27:20,87_2025May香港
香港_163.MP4,1c1c7ba8184a650fb09ad0e437e39ce1,2025-06-08 18:18:12,2025-05-17 03:28:14,87_2025May香港
香港_164.HEIC,9abb4b07b255ea1f1cca16019211e3da,2025-06-08 18:21:48,2025-05-17 03:29:26,87_2025May香港
香港_165.MP4,ac768791bb1adf1fee033bc5d8cca5cf,2025-06-08 18:18:20,2025-05-17 03:29:58,87_2025May香港
香港_166.MP4,f662c7cf4f920f23677426eb7d9b89a7,2025-06-08 18:18:28,2025-05-17 03:32:42,87_2025May香港
香港_167.MP4,f4116fffd3be73636a1e5072b6eb8156,2025-06-08 18:18:31,2025-05-17 03:38:30,87_2025May香港
香港_168.MP4,38efef5aeade7fd72ac43dfa30efb604,2025-06-08 18:18:34,2025-05-17 03:39:54,87_2025May香港
香港_169.MP4,40f037223535b87bb19a3b4d040b36e8,2025-06-08 18:18:40,2025-05-17 03:41:44,87_2025May香港
香港_17.HEIC,045c3bc888370c956c7c0ff894d9a2b9,2025-06-08 18:21:28,2025-04-27 01:30:38,87_2025May香港
香港_170.MP4,4eb7ad87d6ba0e742e4b4fc8d9854fb4,2025-06-08 18:18:45,2025-05-17 03:44:50,87_2025May香港
香港_171.MP4,2e0a25c7802454f4363d5128edfc47f6,2025-06-08 18:18:52,2025-05-17 03:45:50,87_2025May香港
香港_172.HEIC,393ed60a3a1d2f72f2f94f2e59e7c21a,2025-06-08 18:21:48,2025-05-17 03:47:04,87_2025May香港
香港_173.HEIC,33764d8b7baeffd141c11716ee647e9e,2025-06-08 18:21:48,2025-05-17 03:47:12,87_2025May香港
香港_174.HEIC,f0c1c73d541782ec9687f82dc1e81031,2025-06-08 18:21:48,2025-05-17 03:47:16,87_2025May香港
香港_175.HEIC,6ee21cf6215b3c87ea8c3684abb228e0,2025-06-08 18:21:48,2025-05-17 03:48:38,87_2025May香港
香港_176.MP4,036abfb356fe5bea7f670e6289693a61,2025-06-08 18:18:54,2025-05-17 03:49:18,87_2025May香港
香港_177.MP4,3552b0dc06f21701045235d6dd4197c7,2025-06-08 18:18:57,2025-05-17 03:50:24,87_2025May香港
香港_178.HEIC,86ad8284c3835fc309daefc49480df87,2025-06-08 18:21:48,2025-05-17 04:02:08,87_2025May香港
香港_179.HEIC,8a3f7e42f0e6fa0ab883025013142c16,2025-06-08 18:21:48,2025-05-17 04:03:10,87_2025May香港
香港_18.HEIC,35476fa8e90989b67a4e7e470c37c34a,2025-06-08 17:09:11,2025-04-27 09:29:06,87_2025May香港
香港_180.MP4,048456af9c1ce6c8584db8860fc05672,2025-06-08 18:19:06,2025-05-17 04:03:20,87_2025May香港
香港_181.HEIC,238ea7e5924d9258083e4b8fb1854386,2025-06-08 18:21:48,2025-05-17 04:04:18,87_2025May香港
香港_182.MP4,1bb634eba421388efeaa374faca2b371,2025-06-08 18:19:30,2025-05-17 04:05:26,87_2025May香港
香港_183.HEIC,536b7d6751635d062038a94850bd315b,2025-06-08 18:21:48,2025-05-17 04:06:04,87_2025May香港
香港_184.MP4,1507e96aecc70b464dfa024f05b35e9a,2025-06-08 18:19:36,2025-05-17 04:11:52,87_2025May香港
香港_185.HEIC,a3952fdf5c11381d32d64aec59003a25,2025-06-08 18:21:48,2025-05-17 04:13:00,87_2025May香港
香港_186.HEIC,ec00a4f564b666590ed3de357b54ec07,2025-06-08 18:21:48,2025-05-17 04:13:02,87_2025May香港
香港_187.HEIC,1d565ddde664436789ec4fa74673ce16,2025-06-08 18:21:49,2025-05-17 04:14:22,87_2025May香港
香港_188.MOV,d463f9eee7afd979165cedf5d9a75df7,2025-06-08 18:21:49,2025-05-17 04:15:00,87_2025May香港
香港_189.MP4,106977040be6c230c04aafe5641c993d,2025-06-08 18:19:48,2025-05-17 04:15:58,87_2025May香港
香港_19.HEIC,56b65b493c0506fea74affce9247f578,2025-06-08 17:09:11,2025-04-27 10:55:36,87_2025May香港
香港_190.MP4,44c2dadc7d857c378390da3586fb1077,2025-06-08 18:20:02,2025-05-17 04:22:58,87_2025May香港
香港_191.MP4,e553b3be7be4401c10afedde0873a354,2025-06-08 18:20:15,2025-05-17 04:39:18,87_2025May香港
香港_192.MP4,5d8b0b4d4e381359288fbaf57eb3d329,2025-06-08 18:20:53,2025-05-17 04:45:56,87_2025May香港
香港_193.HEIC,26283b0c32efea8b3984de13d3a02043,2025-06-08 18:21:49,2025-05-17 04:50:42,87_2025May香港
香港_194.HEIC,3a63c5ec47904de5aeeda82569c1cc35,2025-06-08 18:21:49,2025-05-17 04:50:46,87_2025May香港
香港_195.MP4,994852c8e92bbcd8f4704da51615718e,2025-06-08 18:21:19,2025-05-17 04:51:34,87_2025May香港
香港_196.MP4,57e0fc9911735e78a15c2b3b57d4a61e,2025-06-08 18:21:23,2025-05-17 04:55:36,87_2025May香港
香港_197.HEIC,4e2c6f684443aa653c900cfe1cd01f9b,2025-06-08 18:21:49,2025-05-17 05:19:58,87_2025May香港
香港_198.HEIC,e6f3a96e0acc57922642fff3bd9c4269,2025-06-08 18:21:50,2025-05-17 08:20:58,87_2025May香港
香港_199.HEIC,37878b0e9f0410f476eabd48365b923a,2025-06-08 17:09:34,2025-05-17 13:54:56,87_2025May香港
香港_2.HEIC,da652009ec69106434412e1a07a639be,2025-06-08 18:21:27,2025-04-26 22:27:10,87_2025May香港
香港_20.HEIC,078c43428bd95bd128586f9172b5a28f,2025-06-08 17:09:11,2025-04-27 11:03:48,87_2025May香港
香港_200.HEIC,69ebfc34b61a6c5ef5df62295b02b24b,2025-06-08 17:09:34,2025-05-17 15:59:14,87_2025May香港
香港_201.HEIC,d845ccbf965b38723cc61b9f06e2a4c0,2025-06-08 18:21:50,2025-05-18 03:41:56,87_2025May香港
香港_202.HEIC,4982999cae7f77b6653e2cafd46adaf8,2025-06-08 18:21:50,2025-05-18 03:42:00,87_2025May香港
香港_203.MOV,d5489fff591665b023d29a9b7d7f638a,2025-06-08 17:05:22,2025-05-18 05:29:46,87_2025May香港
香港_204.HEIC,4f8b257f3efd281ccf93acb2eb822f57,2025-06-08 18:21:50,2025-05-18 06:11:04,87_2025May香港
香港_205.HEIC,a2f1e28d9822b64e043b4fc6120a0855,2025-06-08 18:21:50,2025-05-18 06:11:08,87_2025May香港
香港_206.HEIC,42a0cbfaa1233306ad6855c5ee80da08,2025-06-08 18:21:50,2025-05-18 06:53:24,87_2025May香港
香港_207.HEIC,35068b229efaf8063eaa2a221b53c219,2025-06-08 18:21:50,2025-05-18 06:55:12,87_2025May香港
香港_208.HEIC,f8d30dfaab973370d428f7973dbeb8b0,2025-06-08 18:21:50,2025-05-18 06:55:12,87_2025May香港
香港_209.HEIC,a43108091e0d7d5a2787ea5ec7e50c87,2025-06-08 18:21:50,2025-05-18 06:57:12,87_2025May香港
香港_21.HEIC,0a4500d9dc744a8c5f72606f448d4779,2025-06-08 17:09:11,2025-04-27 11:05:54,87_2025May香港
香港_210.HEIC,547294f6e1ca9a00eb31d78328821743,2025-06-08 18:21:50,2025-05-18 06:57:22,87_2025May香港
香港_211.HEIC,a09651b38b77b6dc5d8816ac91e08246,2025-06-08 18:21:50,2025-05-18 06:57:36,87_2025May香港
香港_212.HEIC,bb3c4e12903a76b5626f036c1f0896b4,2025-06-08 18:21:50,2025-05-18 06:57:44,87_2025May香港
香港_213.HEIC,b51e0bdb4b6c78ccbf20d0bc9261f37b,2025-06-08 18:21:50,2025-05-18 06:57:58,87_2025May香港
香港_214.HEIC,215800b05129ec846a5c21845cae47cc,2025-06-08 18:21:50,2025-05-18 06:58:08,87_2025May香港
香港_215.HEIC,af98308a69b5d6160190209c1e2579e7,2025-06-08 18:21:50,2025-05-18 06:58:14,87_2025May香港
香港_216.HEIC,d6ae18cbdc536d9468d7540f07afa5d5,2025-06-08 18:21:50,2025-05-18 06:59:34,87_2025May香港
香港_217.HEIC,03e2521ef8e187243101f17dc942b9a6,2025-06-08 18:21:50,2025-05-18 06:59:40,87_2025May香港
香港_218.HEIC,ce630b91d5b6431c2b24bc2864a85f00,2025-06-08 18:21:51,2025-05-18 07:00:04,87_2025May香港
香港_219.HEIC,aa27eb69e7c32c638f0de72b6dc3037b,2025-06-08 18:21:51,2025-05-18 07:00:18,87_2025May香港
香港_22.HEIC,095d07e093efd6ac43fbb9fa074a5f87,2025-06-08 17:09:12,2025-04-27 11:06:06,87_2025May香港
香港_220.HEIC,0611db5e7d52b87daca32521e1fa8a45,2025-06-08 18:21:51,2025-05-18 07:00:46,87_2025May香港
香港_221.HEIC,5df17c1fa5f48a5063f7dfa5b66eafda,2025-06-08 18:21:51,2025-05-18 07:00:54,87_2025May香港
香港_222.HEIC,e052791285e895b678a97b64a6cee154,2025-06-08 18:21:51,2025-05-18 07:01:00,87_2025May香港
香港_223.HEIC,533d105725100efc84dd5908b182b614,2025-06-08 18:21:51,2025-05-18 07:01:02,87_2025May香港
香港_224.HEIC,3eecef39e32bf660fa3c45c43f8cda46,2025-06-08 18:21:51,2025-05-18 07:01:08,87_2025May香港
香港_225.HEIC,c29a47d84aba5b86846c3eb6b8ffc8c1,2025-06-08 18:21:51,2025-05-18 07:01:10,87_2025May香港
香港_226.HEIC,9bf528e237c7a995710430d3121c5a38,2025-06-08 18:21:51,2025-05-18 07:01:20,87_2025May香港
香港_227.HEIC,14b7a0ad06f2d49e3508f48af044f632,2025-06-08 18:21:51,2025-05-18 07:01:26,87_2025May香港
香港_228.HEIC,ff110ec9634912ca6bf7cda432f5ed4a,2025-06-08 18:21:51,2025-05-18 07:01:32,87_2025May香港
香港_229.HEIC,65bc8837cf9eef8943e1547f04ca3e0b,2025-06-08 18:21:51,2025-05-18 07:01:38,87_2025May香港
香港_23.HEIC,e5d8d9751b644a189a6ccb300f5aa145,2025-06-08 17:09:12,2025-04-27 11:33:18,87_2025May香港
香港_230.HEIC,b5b269fdfabdeb6a77ddc0cd91e6eb94,2025-06-08 18:21:51,2025-05-18 07:01:50,87_2025May香港
香港_231.HEIC,1ccd5201959cc0bdc20a77975271988b,2025-06-08 18:21:51,2025-05-18 07:02:38,87_2025May香港
香港_232.HEIC,ccea704a758a35e424ad5516e372a49e,2025-06-08 18:21:51,2025-05-18 07:02:46,87_2025May香港
香港_233.HEIC,a3252268edc5cc51da5422e2190dd76f,2025-06-08 18:21:51,2025-05-18 07:02:54,87_2025May香港
香港_234.HEIC,dccb9adecd64988fa4e7eb592783923b,2025-06-08 18:21:51,2025-05-18 07:02:58,87_2025May香港
香港_235.HEIC,f423cbd069c4f1e35d2408ced2804589,2025-06-08 18:21:52,2025-05-18 07:03:00,87_2025May香港
香港_236.HEIC,56ad7cfc606abda2ed4cd3b64acf6bc2,2025-06-08 18:21:52,2025-05-18 07:03:02,87_2025May香港
香港_237.HEIC,1bd2d807e7502281dbfd302c9dd85bd6,2025-06-08 18:21:52,2025-05-18 07:03:04,87_2025May香港
香港_238.HEIC,ffe8c781e3316871c94d0c763fb8ade8,2025-06-08 18:21:52,2025-05-18 07:03:08,87_2025May香港
香港_239.HEIC,e02976361f68c8856aadb2cb201879bc,2025-06-08 18:21:52,2025-05-18 07:03:10,87_2025May香港
香港_24.HEIC,8f5e5ae433bc18a3fe89e1ceb38a5ff6,2025-06-08 17:09:12,2025-04-27 14:04:56,87_2025May香港
香港_240.HEIC,6f859f62303b71a84b5e2b2910f4ec8f,2025-06-08 18:21:52,2025-05-18 07:07:22,87_2025May香港
香港_241.MOV,5178ea358a072b3d65553595f9186087,2025-06-08 18:21:52,2025-05-18 07:12:22,87_2025May香港
香港_242.HEIC,1ecbf75b5eed8a92704b3191727c1a0e,2025-06-08 18:21:53,2025-05-18 07:13:46,87_2025May香港
香港_243.HEIC,0bd2d3653fd3da18728c867cfb7f6835,2025-06-08 18:21:53,2025-05-18 07:54:16,87_2025May香港
香港_244.HEIC,f965d327bc09f3d666d985dda1ed2d2f,2025-06-08 17:09:35,2025-05-18 18:58:52,87_2025May香港
香港_245.HEIC,fbbad8fe90371ff9efce12eda9fb701f,2025-06-08 17:09:35,2025-05-18 18:58:58,87_2025May香港
香港_246.HEIC,7fa523bb60e393e0d0c4a98b09bc03eb,2025-06-08 17:09:35,2025-05-18 19:02:22,87_2025May香港
香港_247.HEIC,c15bc14efe5ba469853f5a06fe6cace5,2025-06-08 17:09:36,2025-05-18 19:02:24,87_2025May香港
香港_25.HEIC,1305e7b0b99160d90ceaab0b774cbab3,2025-06-08 17:09:12,2025-04-27 14:05:24,87_2025May香港
香港_26.HEIC,11686a2e61564d584874cd690575d54f,2025-06-08 17:09:12,2025-04-27 14:05:50,87_2025May香港
香港_27.HEIC,141c5bdef3b95f3dea6ef5bb472ee007,2025-06-08 17:09:12,2025-04-27 14:05:58,87_2025May香港
香港_28.HEIC,4489c26618676b7a7e8cab2274c78caa,2025-06-08 17:09:12,2025-04-27 14:06:34,87_2025May香港
香港_29.HEIC,34de64be39d96790a76f9f2170622912,2025-06-08 17:09:13,2025-04-27 14:07:00,87_2025May香港
香港_3.HEIC,67e15cdaffe8038f6df0966320fa7063,2025-06-08 18:21:27,2025-04-26 22:44:16,87_2025May香港
香港_30.HEIC,07c2e2c125b69f817281c2bb7dfa7283,2025-06-08 17:09:13,2025-04-27 14:07:30,87_2025May香港
香港_31.HEIC,d313fe82535f814abc887a7ae5995fe9,2025-06-08 17:09:13,2025-04-27 15:58:10,87_2025May香港
香港_32.HEIC,b929acfba6c5ef22dc9df791326ce42a,2025-06-08 17:09:13,2025-04-27 15:58:38,87_2025May香港
香港_33.HEIC,b2262c30e008e84916af52a465bc90a3,2025-06-08 18:21:28,2025-04-28 00:44:46,87_2025May香港
香港_34.HEIC,22c5e906b9ef947b066524a4ed549fa2,2025-06-08 18:21:28,2025-04-28 02:48:20,87_2025May香港
香港_35.HEIC,e095acefd6c05e5073265e6f83fa63c9,2025-06-08 18:21:28,2025-04-28 02:48:38,87_2025May香港
香港_36.HEIC,1d551c83c7d1c3eb32be228423fba8b5,2025-06-08 18:21:28,2025-04-28 02:48:44,87_2025May香港
香港_37.HEIC,19d9b493a58db54decc648ee11203971,2025-06-08 18:21:28,2025-05-01 05:09:22,87_2025May香港
香港_38.HEIC,f39da460c138238dd694b8cc1b154cf8,2025-06-08 18:21:28,2025-05-01 23:00:42,87_2025May香港
香港_39.heic,c1ee0fc8fc31a8dee79510b47acdc1b3,2025-06-08 18:21:28,2025-05-01 23:04:08,87_2025May香港
香港_4.HEIC,27ed9caabfeb031696ae156d260064e0,2025-06-08 18:21:27,2025-04-26 22:59:18,87_2025May香港
香港_40.jpg,30eb2b1bc329aa0c0cc1403511946b82,2025-06-08 18:21:28,2025-05-01 23:22:12,87_2025May香港
香港_41.MOV,0a75394575c6c9bf94ec4b063f39d98a,2025-06-08 18:21:28,2025-05-02 04:05:16,87_2025May香港
香港_42.HEIC,8949f183295e7324f3688d9a4a24be05,2025-06-08 18:21:32,2025-05-02 04:14:08,87_2025May香港
香港_43.HEIC,098c6b520b0e44152144340009474b39,2025-06-08 18:21:32,2025-05-02 05:23:00,87_2025May香港
香港_44.HEIC,306de14a46d38bd133393058a539f7af,2025-06-08 18:21:33,2025-05-02 05:27:00,87_2025May香港
香港_45.HEIC,da52c819fc5781931fdc747f60d73ec3,2025-06-08 18:21:33,2025-05-02 05:27:02,87_2025May香港
香港_46.HEIC,c9c1fe392e631c18a2090972c4b874e3,2025-06-08 18:21:33,2025-05-02 05:27:12,87_2025May香港
香港_47.HEIC,dc4952c5d17cd1b22812373555a4da13,2025-06-08 18:21:33,2025-05-02 05:28:46,87_2025May香港
香港_48.HEIC,cc69a54277048ca93f5bfac00f3d0d8b,2025-06-08 18:21:33,2025-05-02 05:36:40,87_2025May香港
香港_49.HEIC,aa731651531f04f2a0ea6d8dee241d78,2025-06-08 18:21:33,2025-05-02 05:36:54,87_2025May香港
香港_5.HEIC,aae501f319fc163933526b7c1d281270,2025-06-08 18:21:27,2025-04-26 23:11:16,87_2025May香港
香港_50.HEIC,70e2069e5bbad98a384dd4a5ef6ab9cc,2025-06-08 18:21:33,2025-05-02 05:46:24,87_2025May香港
香港_51.HEIC,9c4625505267a3bbc1aac460cb2a0bd1,2025-06-08 18:21:33,2025-05-02 05:47:10,87_2025May香港
香港_52.HEIC,08be2cd4747c6d9f5e14159da054d939,2025-06-08 18:21:33,2025-05-02 05:47:18,87_2025May香港
香港_53.HEIC,2aaead430dd5d622f4d9cb234300a76d,2025-06-08 18:21:33,2025-05-02 07:29:50,87_2025May香港
香港_54.HEIC,2d4ce99a7541a4b10f14c7bbeae70995,2025-06-08 18:21:33,2025-05-02 07:29:52,87_2025May香港
香港_55.HEIC,a9f87a27277434c2637e3df6dbfb940a,2025-06-08 17:09:14,2025-05-02 19:29:34,87_2025May香港
香港_56.JPG,7a0b379e27b8a914c025d877f4303a62,2025-06-08 17:09:57,2025-05-02 21:23:38,87_2025May香港
香港_57.jpg,9af9ec8581532e357c698a8cc5befb74,2025-06-08 18:21:33,2025-05-03 08:16:14,87_2025May香港
香港_58.HEIC,3db428385b0e69b5f8ddb5a954b783cb,2025-06-08 17:09:15,2025-05-04 12:08:58,87_2025May香港
香港_59.HEIC,4ac9acb01e4c1f6bad8a40c93e0e44d6,2025-06-08 17:09:15,2025-05-04 12:23:42,87_2025May香港
香港_6.HEIC,5262e4a6113c8723698d356d1aa7e0b4,2025-06-08 18:21:27,2025-04-26 23:11:26,87_2025May香港
香港_60.MP4,25d8fab1c428187a3117dd1c21aee24e,2025-06-08 18:09:46,2025-05-06 06:12:14,87_2025May香港
香港_61.MP4,d48f6661cb54feb7e475ccc7913d692f,2025-06-08 18:09:52,2025-05-06 06:16:34,87_2025May香港
香港_62.MP4,efad65133ed6bcee3e5a43858aaf619f,2025-06-08 18:09:54,2025-05-06 06:18:50,87_2025May香港
香港_63.MP4,aaed1bbe292db0d2f70a54f4849f4f34,2025-06-08 18:09:58,2025-05-06 06:20:46,87_2025May香港
香港_64.HEIC,a1057d00c912c7c5a01ee06fb938a232,2025-06-08 18:21:33,2025-05-06 06:22:56,87_2025May香港
香港_65.HEIC,5b227358a188ee9b8c0dc141957fbda8,2025-06-08 18:21:33,2025-05-06 06:23:06,87_2025May香港
香港_66.MP4,592740a33273a484190c752bca6a58c8,2025-06-08 18:10:00,2025-05-06 06:25:22,87_2025May香港
香港_67.MP4,79fad129d01503fe37dfaeea38528a8d,2025-06-08 18:10:05,2025-05-06 06:29:26,87_2025May香港
香港_68.MP4,0929b8ada91c806afa3b6985285399f1,2025-06-08 18:10:09,2025-05-06 06:35:04,87_2025May香港
香港_69.HEIC,f8a60966acf5b73dd195100947268d0d,2025-06-08 17:09:26,2025-05-06 18:23:32,87_2025May香港
香港_7.HEIC,eec73d8e0410a848eb7d495a62a8f519,2025-06-08 18:21:27,2025-04-26 23:30:16,87_2025May香港
香港_70.MP4,a6675cf87d09e97ddb1550a83cd9af71,2025-06-08 18:10:15,2025-05-08 01:41:12,87_2025May香港
香港_71.HEIC,81668d7d650068dfe72127c603e3dc03,2025-06-08 17:09:27,2025-05-08 17:34:04,87_2025May香港
香港_72.heic,c3a6f8ce4e68a5a6e5a50c8b89e502f5,2025-06-08 18:21:33,2025-05-09 03:28:46,87_2025May香港
香港_73.HEIC,c64355d48f9a5c70d84b44881dd74120,2025-06-08 18:21:34,2025-05-09 03:31:48,87_2025May香港
香港_74.HEIC,4fc8343b692f4e997e1706b405293010,2025-06-08 18:21:34,2025-05-09 03:36:52,87_2025May香港
香港_75.heic,9d672adbb98b6fe8ef71826aec09e39e,2025-06-08 18:21:34,2025-05-09 03:39:32,87_2025May香港
香港_76.HEIC,cbf88385b0e75d5d2fe45991e5cbb833,2025-06-08 18:21:34,2025-05-09 03:39:36,87_2025May香港
香港_77.MOV,e74cf7a1c4097afd6ac6f5e7d18bfbbd,2025-06-08 18:21:34,2025-05-09 03:51:24,87_2025May香港
香港_78.HEIC,a565157027553410c9b552212050cde1,2025-06-08 18:21:37,2025-05-09 03:55:36,87_2025May香港
香港_79.HEIC,81f875bf54d70d71f5729d7dd900a74e,2025-06-08 18:21:37,2025-05-09 03:56:34,87_2025May香港
香港_8.HEIC,53d573cfab97ce8c6f7ff5587ad7043a,2025-06-08 18:21:27,2025-04-26 23:30:26,87_2025May香港
香港_80.HEIC,2de7952055a0ebfac64e8c0710bc88eb,2025-06-08 18:21:37,2025-05-09 03:56:50,87_2025May香港
香港_81.HEIC,f2bbaae6aee637c5fd5a1f9f3c913be4,2025-06-08 18:21:37,2025-05-09 03:58:06,87_2025May香港
香港_82.HEIC,d46428899a9d35754339350d075d9298,2025-06-08 18:21:37,2025-05-09 04:12:50,87_2025May香港
香港_83.HEIC,fd8e9b1290ebd1a125ae4a6195e5ad87,2025-06-08 18:21:37,2025-05-09 04:14:02,87_2025May香港
香港_84.HEIC,7ffed973fcf81c620fa94ba136cb80ba,2025-06-08 18:21:37,2025-05-09 04:43:22,87_2025May香港
香港_85.HEIC,145e57ea283a42b297556926e3a56ad4,2025-06-08 18:21:38,2025-05-09 04:49:00,87_2025May香港
香港_86.HEIC,14e7d6e002a5839479b08da794497666,2025-06-08 18:21:38,2025-05-09 04:55:02,87_2025May香港
香港_87.HEIC,9aad133ce91ca5699c25e02f640b5c41,2025-06-08 18:21:38,2025-05-09 05:15:38,87_2025May香港
香港_88.HEIC,919a3798d4c5160152f1aed97ceb9bf4,2025-06-08 18:21:38,2025-05-09 05:16:02,87_2025May香港
香港_89.HEIC,7e1e9f3b07a13f3a7ac4225a24be4fdd,2025-06-08 18:21:38,2025-05-09 05:17:26,87_2025May香港
香港_9.HEIC,2c4a97efb58bdc7108444108c1a923ea,2025-06-08 18:21:27,2025-04-26 23:30:34,87_2025May香港
香港_90.HEIC,48fab3e7471fbc5eb881b605e2f84b7e,2025-06-08 18:21:38,2025-05-09 05:18:36,87_2025May香港
香港_91.HEIC,59054546a740967d47f81727290305b7,2025-06-08 18:21:38,2025-05-09 05:18:40,87_2025May香港
香港_92.HEIC,d559fd52671778155414c2df581cb752,2025-06-08 18:21:38,2025-05-09 05:29:32,87_2025May香港
香港_93.HEIC,060f28810a619332c298ef2e1d8f3b86,2025-06-08 18:21:38,2025-05-09 05:37:42,87_2025May香港
香港_94.HEIC,5db608e443cb8b176e23e0bb8f733cd8,2025-06-08 18:21:38,2025-05-09 05:37:58,87_2025May香港
香港_95.HEIC,5ec53d15ad73e91999dfd2ab4e55c4d3,2025-06-08 18:21:38,2025-05-09 05:41:04,87_2025May香港
香港_96.HEIC,06b4f94124dea9aed544f7d165b59a64,2025-06-08 18:21:38,2025-05-09 05:41:10,87_2025May香港
香港_97.HEIC,31329e5dc5284695ff6d48e9ab812738,2025-06-08 18:21:38,2025-05-09 05:43:14,87_2025May香港
香港_98.HEIC,2e435eb51166bb5fd5c2a09276c86dce,2025-06-08 18:21:38,2025-05-09 05:44:18,87_2025May香港
香港_99.HEIC,665730c92bd3d7a5a9eaeddc9939d724,2025-06-08 18:21:38,2025-05-09 05:46:08,87_2025May香港
高鐵_100.HEIC,d949f9a742223dfdf0a6515b7fb518b6,2025-06-08 19:28:14,2025-04-13 20:25:20,15_2025Apr廣州
高鐵_101.heic,c434829e4e03fb88653d4eb0ddcaec28,2025-06-08 19:28:14,2025-04-13 20:37:58,15_2025Apr廣州
高鐵_102.heic,4ee1d30a837f055749fa95d67c73bd0b,2025-06-08 19:28:14,2025-04-13 20:40:04,15_2025Apr廣州
高鐵_103.HEIC,88e571f8ca162fdbf61f1165c46ea68d,2025-06-08 19:28:15,2025-04-13 21:39:10,15_2025Apr廣州
高鐵_104.HEIC,8adcbf1ef4b8d89901e5a43af14b0add,2025-06-08 19:28:15,2025-04-13 21:39:52,15_2025Apr廣州
高鐵_105.HEIC,0ba4390539b28fdbb4448e5e06ebce25,2025-06-08 19:28:15,2025-04-13 21:39:54,15_2025Apr廣州
高鐵_map1.PNG,a91140ade9c988eb4a7239b0e3de139a,2025-06-08 19:28:14,2025-04-13 20:54:20,15_2025Apr廣州
高鐵_map2.PNG,6c04306c4f4e5789aab513bd1d5d63e8,2025-06-08 19:28:15,2025-04-13 20:55:04,15_2025Apr廣州
高鐵_moving1.MOV,37fe80655d1f4669841b68245583966f,2025-06-08 19:28:14,2025-04-13 20:35:54,15_2025Apr廣州
高鐵_moving10_food.HEIC,b42483921450d4ccfc0dd13612631549,2025-06-08 17:08:39,2025-04-14 08:41:20,15_2025Apr廣州
高鐵_moving11.HEIC,7c9f28765fac3455d30e20e7f837a1e4,2025-06-08 17:08:40,2025-04-14 09:39:52,15_2025Apr廣州
高鐵_moving12.HEIC,d3e6653a7e559580e070b6902dbc68ee,2025-06-08 19:38:17,2025-04-13 23:43:10,15_2025Apr廣州
高鐵_moving2.MOV,843189318e6626b7cb3b41b639a3fbaa,2025-06-08 19:28:14,2025-04-13 20:36:40,15_2025Apr廣州
高鐵_moving3.MP4,8549a4c7a826460490954f304287076c,2025-06-08 19:27:56,2025-04-13 21:10:44,15_2025Apr廣州
高鐵_moving4.MP4,d0782f262ead35ab7244d9fa2350e880,2025-06-08 19:28:02,2025-04-13 21:12:08,15_2025Apr廣州
高鐵_moving5.MOV,388d44ce6449c4b70f19ed068a953556,2025-06-08 19:28:16,2025-04-13 23:31:34,15_2025Apr廣州
高鐵_moving6.HEIC,2c82d9b306f728d1f23d06893fd87a8e,2025-06-08 19:28:15,2025-04-13 22:49:04,15_2025Apr廣州
高鐵_moving7.HEIC,fcc1ed7fd3b0bfc4f49fa433ec81e99f,2025-06-08 19:28:15,2025-04-13 22:49:20,15_2025Apr廣州
高鐵_moving8.HEIC,18274eb1b68ac36d40365390a114eb3a,2025-06-08 19:28:15,2025-04-13 22:49:36,15_2025Apr廣州
高鐵_moving9.HEIC,b9815f22d33855ce83b72956e7955fc1,2025-06-08 17:08:40,2025-04-14 14:16:20,15_2025Apr廣州
高鐵_moving9.MOV,d0a2a110832ecf2944bc4a898588c57d,2025-06-08 19:38:17,2025-04-14 00:09:42,15_2025Apr廣州
