filename,checksum,creation_time,modify_time,relative_path
03683c2a-136e-4955-b3f6-9601eb74f93a.jpg,c36e42ea9b0fae3337ab17c4b2b5e409,2025-10-22 21:56:35,2025-04-29 20:36:04,Orders
0bab5a27-96d0-41c0-84ce-4e1d7f6e65c7.JPG,c4cef836cc990a6a8f3b52f63506060b,2025-10-22 22:07:29,2025-05-02 02:16:20,HK_Friends
11c6ba3b2f009fbcead12fd048bf6b62.JPG,51dfa2907259dbc3cd07fc8484e234a6,2025-10-22 22:02:53,2025-04-23 00:51:46,60_2025Apr烏鎮
14afdc2f00de2200a939f71fb4b9b818.JPG,9be250da86ad19c33f66172e9170bef1,2025-10-22 22:02:53,2025-04-23 00:51:26,60_2025Apr烏鎮
167bbd6e3d6011f21ce05c16f49677dc.PNG,875feaf581d9b5c726e20d78d7b8829d,2025-10-22 22:07:29,2025-04-09 20:11:46,Edwina
169c4b13-5685-4dfa-8eb1-498c8d3c99f2.JPG,03b9310137aa65f10a99cb54fc891cc7,2025-10-22 22:07:28,2025-04-26 18:34:12,Camera
2f267a9e-5c8f-4cd0-abe9-a117255606ca.JPG,3a26673653406401558118c25d229de7,2025-10-22 22:07:29,2025-05-07 10:03:18,KTYSC
39529cf9-280f-42ae-a8fc-9adea80d58b1.JPG,57934e43e6a2a6cf38aee56a4d532500,2025-10-22 21:58:38,2025-03-28 21:52:00,05_2025Apr深圳
3dfad1c75c8d2390b04ff6bba76886c5.JPG,587b5b34a63d37fef67eee8ce90b8896,2025-10-22 22:02:53,2025-04-23 00:54:08,60_2025Apr烏鎮
453e48c6-9cb6-47d3-938a-f0b1a10e875a.JPG,45cc93ce040f919807f0f95ca3e02b0b,2025-10-22 21:56:35,2025-04-26 21:30:02,Orders
45809C88-DB1E-4036-98D6-756CBF1F9089.JPG,80fb76abe3f0d0d099c7ac41ca99c337,2025-10-22 22:07:29,2025-04-07 21:02:08,Edwina
45cc0dec226b484d87e769820c0da160.JPG,4ee2cef00c4a24a685b9fb3417bef260,2025-10-22 22:02:53,2025-04-23 01:11:32,60_2025Apr烏鎮
4B412463-FC4B-47E9-BBC0-3FD4D55F5F8F.JPG,271fb2382b9ad1189158046e5aa20f86,2025-10-22 22:07:29,2025-04-29 04:34:26,Edwina
501f1afbf2cce75bf2b13dcc5abcfbd2.JPG,aa5f50e010927f8bcb902c49aa0df729,2025-10-22 21:56:35,2025-04-08 22:24:18,Orders
62c6a6bb-eace-4cb0-aa9b-5dda60569429.JPG,e0aa1198206a63ae35449daed67ec74a,2025-10-22 22:07:29,2025-05-06 08:17:12,KTYSC
63.mov,af44bff7b4f7c27ed3c01142d01243cc,2025-10-22 21:58:38,2025-04-08 04:58:58,05_2025Apr深圳
6cb9de9cc27e165d81a2c542d1a9e5f1.JPG,2a0a158b6930ef0a19fa007e79b80a79,2025-10-22 22:02:53,2025-04-23 01:12:32,60_2025Apr烏鎮
6cd78fd9e5160bfb3451e5fcf7ac8af1.JPG,abe65ce8ff9c7a909c29561e000da681,2025-10-22 22:02:53,2025-04-23 01:13:22,60_2025Apr烏鎮
8276f3ad8da5608acb0800c266694f8b.JPG,cfd27468208e4784ce7fa64780c60fc3,2025-10-22 22:02:53,2025-04-23 00:55:22,60_2025Apr烏鎮
863bb794404bf2b6661f1780a6eb6db7.JPG,d235041edb7a03eaa7d3c3f5cd759bf6,2025-10-22 22:02:53,2025-04-23 01:14:04,60_2025Apr烏鎮
872c98f7-afae-4817-999e-adaca37b81b8.JPG,f2385c8fd09273d123763b19fffc443d,2025-10-22 22:07:29,2025-05-06 08:35:14,KTYSC
9d2c8ab1505c72331d88111d337e97f4.JPG,d0e293fcea1d715ad482f35418bcb92e,2025-10-22 22:02:53,2025-04-23 00:55:04,60_2025Apr烏鎮
a1174f261c3670107d2a718514852bff.JPG,4800ba34842a35a201a9bb8496b2cbac,2025-10-22 22:07:29,2025-05-07 11:07:56,KTYSC
a4a232681818389f56e81e1a3cd8a257.JPG,26f84358f2d9e9bd0853ba85a5458c12,2025-10-22 22:07:29,2025-05-07 11:08:06,KTYSC
a7464b6e-bbb5-45b7-a847-c7f1c54f9492.JPG,245650e9d784774dee3d49b0fc50e120,2025-10-22 22:07:28,2025-05-25 13:01:18,Captures
abf5bd5389ec670aa351d02a8279d15c.JPG,99fcfc1e3eee15ad4261abf115367b11,2025-10-22 21:59:32,2025-05-10 06:42:48,10_2025Apr東莞
acd0d53a-1e2c-47f9-aad4-95990163e757.jpg,a93f45da2949381b9b8065dd1fa1f8bd,2025-10-22 21:56:35,2025-04-08 22:13:08,Orders
b87fa3a2-4aef-436f-a508-05d67798a18e.JPG,26643a01f83431c6f5e7e2528cf2b560,2025-10-22 22:07:29,2025-05-06 08:17:28,KTYSC
c3a65d37d16baa76187fd0b7e82cbc69.jpg,be641ef2f8084df1480e160eae7aeef9,2025-10-22 22:07:29,2025-05-07 11:08:12,KTYSC
d14bba94ed4008848ac55c276494db24.jpg,8e36dd0a8dddb04c9e1e7cb658290153,2025-10-22 21:59:32,2025-04-12 19:36:22,10_2025Apr東莞
D75D16CB-8C79-4387-BCC0-ADCC65BD50E9.JPG,6f1d0d77b0d1bc95ee44fba8c1718d1e,2025-10-22 22:05:22,2025-05-19 01:19:58,90_2025May台灣
DJI_20250316222622_0001_D.LRF,7edba614fac375b8faa762ef8819bc84,2025-10-22 21:57:40,2025-03-16 22:26:54,01_2025Mar香港
DJI_20250316222622_0001_D.MP4,2569e5a5fa0528d0b7ce4c1918f45146,2025-10-22 21:57:40,2025-03-16 22:26:54,01_2025Mar香港
DJI_20250320043931_0002_D.LRF,3dccc76e58dff872af589a5c77a14060,2025-10-22 21:57:40,2025-03-20 04:46:58,01_2025Mar香港
DJI_20250320043931_0002_D.MP4,ff90b2d34b9155cd7d2c7a2b4ffbe0be,2025-10-22 21:57:41,2025-03-20 04:46:56,01_2025Mar香港
DJI_20250320044706_0003_D.LRF,9078b7dee76de35bb6a830e1f34231a0,2025-10-22 21:57:44,2025-03-20 04:47:10,01_2025Mar香港
DJI_20250320044706_0003_D.MP4,60277a7517f7e54fba46519c1456789b,2025-10-22 21:57:44,2025-03-20 04:47:10,01_2025Mar香港
DJI_20250320055947_0004_D.LRF,0a01c4d5af33c2606dd6ca8fdbda75d1,2025-10-22 21:57:44,2025-03-20 06:05:22,01_2025Mar香港
DJI_20250320055947_0004_D.MP4,163170e120136b8ab8aea6f68deeb6e3,2025-10-22 21:57:44,2025-03-20 06:05:22,01_2025Mar香港
DJI_20250320060525_0005_D.LRF,f68f055ba9d029ca0cf11289d7a2f59b,2025-10-22 21:57:46,2025-03-20 06:05:30,01_2025Mar香港
DJI_20250320060525_0005_D.MP4,46f2bcf2328cbf7bc354ed7f125adabf,2025-10-22 21:57:46,2025-03-20 06:05:28,01_2025Mar香港
DJI_20250320060630_0006_D.LRF,a6654fb389f94235c4f8f6646dec3f0a,2025-10-22 21:57:46,2025-03-20 06:06:42,01_2025Mar香港
DJI_20250320060630_0006_D.MP4,4a1c2571e67faab75d7cf5fbdbc524ba,2025-10-22 21:57:46,2025-03-20 06:06:40,01_2025Mar香港
DJI_20250320060727_0007_D.LRF,1bb6f897d97b36454735e83fde514557,2025-10-22 21:57:46,2025-03-20 06:07:42,01_2025Mar香港
DJI_20250320060727_0007_D.MP4,b038053a551a4072c35477af021f97d5,2025-10-22 21:57:46,2025-03-20 06:07:42,01_2025Mar香港
DJI_20250320061026_0008_D.LRF,29fb11aabc11a42cb5804d0b4740a1cc,2025-10-22 21:57:46,2025-03-20 06:13:00,01_2025Mar香港
DJI_20250320061026_0008_D.MP4,d57ca1080dd3e62a25f5c671822d77ed,2025-10-22 21:57:46,2025-03-20 06:13:00,01_2025Mar香港
DJI_20250320195637_0009_D.LRF,48fcbdef134215f95a896a401f09894d,2025-10-22 21:57:47,2025-03-20 19:57:20,01_2025Mar香港
DJI_20250320195637_0009_D.MP4,fcfc5dc06d631c910e17e7df1ef3fc13,2025-10-22 21:57:47,2025-03-20 19:57:20,01_2025Mar香港
DJI_20250320195851_0010_D.LRF,f30df0be2af820bfe5d8c380c3af7125,2025-10-22 21:57:47,2025-03-20 20:01:40,01_2025Mar香港
DJI_20250320195851_0010_D.MP4,b00d95f8710767f3354452c8b91213e7,2025-10-22 21:57:48,2025-03-20 20:01:40,01_2025Mar香港
DJI_20250320201243_0011_D.LRF,07e66ff18e18f1c038b085b8ef43e9c2,2025-10-22 21:57:49,2025-03-20 20:13:12,01_2025Mar香港
DJI_20250320201243_0011_D.MP4,878b35431307ad09ea6cc9764abebccc,2025-10-22 21:57:49,2025-03-20 20:13:12,01_2025Mar香港
DJI_20250320202138_0012_D.LRF,19629e3f531fefe69d52d72551c67853,2025-10-22 21:57:49,2025-03-20 20:24:58,01_2025Mar香港
DJI_20250320202138_0012_D.MP4,5f35048439dc791b09e19a7998006855,2025-10-22 21:57:49,2025-03-20 20:24:56,01_2025Mar香港
DJI_20250320204400_0013_D.LRF,1c56e659df66fb00ad5280a2e9860ac2,2025-10-22 21:57:50,2025-03-20 20:45:54,01_2025Mar香港
DJI_20250320204400_0013_D.MP4,8784e8dec07860309af4e4af86f5bcf6,2025-10-22 21:57:50,2025-03-20 20:45:54,01_2025Mar香港
DJI_20250320205241_0014_D.LRF,5e8b3d6134f251cff25c13243896ec18,2025-10-22 21:57:51,2025-03-20 20:53:16,01_2025Mar香港
DJI_20250320205241_0014_D.MP4,5c79b5f0deb4d749c0223fd04a893020,2025-10-22 21:57:51,2025-03-20 20:53:16,01_2025Mar香港
DJI_20250320212147_0015_D.LRF,a6e2e4a8045d7a58b383064edc91ddd6,2025-10-22 21:57:51,2025-03-20 21:23:40,01_2025Mar香港
DJI_20250320212147_0015_D.MP4,e5883b7dad90f8f9ba9e36cc377746db,2025-10-22 21:57:51,2025-03-20 21:23:40,01_2025Mar香港
DJI_20250322005432_0016_D.LRF,ccbe1777916e751fda9defda40d40d4f,2025-10-22 21:57:52,2025-03-22 00:54:46,01_2025Mar香港
DJI_20250322005432_0016_D.MP4,726e2ee8d34ac11e5c560a3984007cb6,2025-10-22 21:57:52,2025-03-22 00:54:44,01_2025Mar香港
DJI_20250323025918_0017_D.LRF,8840cb77d1f92d9047eb0a038f163d51,2025-10-22 21:57:52,2025-03-23 03:00:20,01_2025Mar香港
DJI_20250323025918_0017_D.MP4,27998f7f5f382f54744125732ca40f13,2025-10-22 21:57:52,2025-03-23 03:00:20,01_2025Mar香港
DJI_20250323031037_0018_D.LRF,a55ef8a356ef709c28cf21d1f0460f11,2025-10-22 21:57:52,2025-03-23 03:16:24,01_2025Mar香港
DJI_20250323031037_0018_D.MP4,91a9123a0bd699c7e69eb013bf0c3c86,2025-10-22 21:57:53,2025-03-23 03:16:24,01_2025Mar香港
DJI_20250323032018_0019_D.LRF,93e0e54aa684b513b83094fa7865b633,2025-10-22 21:57:54,2025-03-23 03:21:46,01_2025Mar香港
DJI_20250323032018_0019_D.MP4,860cc420698b2fc6d9986ce600d7b39c,2025-10-22 21:57:54,2025-03-23 03:21:46,01_2025Mar香港
DJI_20250323040705_0020_D.LRF,c58420ad096de4e2e426d3cd0f3dc4f4,2025-10-22 21:57:55,2025-03-23 04:09:44,01_2025Mar香港
DJI_20250323040705_0020_D.MP4,17e9ebce59e5b08c88d9f69812c37fe7,2025-10-22 21:57:55,2025-03-23 04:09:42,01_2025Mar香港
DJI_20250324023832_0021_D.LRF,bfe081e07597cfa83799ac8dff33534d,2025-10-22 21:57:56,2025-03-24 02:40:12,01_2025Mar香港
DJI_20250324023832_0021_D.MP4,87d95f4791409850aab8f8c31017d507,2025-10-22 21:57:56,2025-03-24 02:40:12,01_2025Mar香港
DJI_20250324233749_0022_D.LRF,608f600c4544eda5f9eda3a6c2d5650f,2025-10-22 21:57:56,2025-03-24 23:39:38,01_2025Mar香港
DJI_20250324233749_0022_D.MP4,0c911e74864f30456994c015dfeb0cfd,2025-10-22 21:57:56,2025-03-24 23:39:38,01_2025Mar香港
DJI_20250324234203_0023_D.LRF,a829677ae10cb425d555e4bd3f5e8418,2025-10-22 21:57:57,2025-03-24 23:42:56,01_2025Mar香港
DJI_20250324234203_0023_D.MP4,c6649e49a4398af08dd75a89960e5239,2025-10-22 21:57:57,2025-03-24 23:42:56,01_2025Mar香港
DJI_20250325002450_0024_D.LRF,7c04a86b9cb1db4e64c037c77861ca68,2025-10-22 21:57:57,2025-03-25 00:25:04,01_2025Mar香港
DJI_20250325002450_0024_D.MP4,44d7c046c7f2ac3678de6a97e40e7b3a,2025-10-22 21:57:57,2025-03-25 00:25:04,01_2025Mar香港
DJI_20250325002509_0025_D.LRF,e09fbb198cfc1b08424e7c025fa3b926,2025-10-22 21:57:57,2025-03-25 00:25:18,01_2025Mar香港
DJI_20250325002509_0025_D.MP4,bdd1d65d1d6878d076602db812a93cfb,2025-10-22 21:57:57,2025-03-25 00:25:18,01_2025Mar香港
DJI_20250325005326_0026_D.LRF,de7a2c34cb4a4a786651c0dfd73080ec,2025-10-22 21:57:57,2025-03-25 00:54:02,01_2025Mar香港
DJI_20250325005326_0026_D.MP4,b2df1d6cb336ad14503d6a12d76a045c,2025-10-22 21:57:57,2025-03-25 00:54:02,01_2025Mar香港
DJI_20250325005816_0027_D.LRF,9ee861da038a0db1f0dcb506f3c2cd0c,2025-10-22 21:57:58,2025-03-25 00:58:32,01_2025Mar香港
DJI_20250325005816_0027_D.MP4,f74dbe9d0bc33f00cd5062b374293b6a,2025-10-22 21:57:58,2025-03-25 00:58:32,01_2025Mar香港
DJI_20250325005840_0028_D.LRF,6d4cb81b3570d9a440bf3c8534cf1b73,2025-10-22 21:57:58,2025-03-25 00:58:50,01_2025Mar香港
DJI_20250325005840_0028_D.MP4,cc67bdbcd0acd04c735c3e30f76e5c45,2025-10-22 21:57:58,2025-03-25 00:58:48,01_2025Mar香港
DJI_20250325011507_0029_D.LRF,e0294706f9d4d896dcc13c22936dce59,2025-10-22 21:57:58,2025-03-25 01:15:42,01_2025Mar香港
DJI_20250325011507_0029_D.MP4,38e4790275689a8a5bb4c932dc7c5617,2025-10-22 21:57:58,2025-03-25 01:15:42,01_2025Mar香港
DJI_20250325015819_0030_D.LRF,b9f480f4b18f5d095925daa34e9351bb,2025-10-22 21:57:58,2025-03-25 01:58:34,01_2025Mar香港
DJI_20250325015819_0030_D.MP4,ca143b71f591abb1f2342ac794c03f8b,2025-10-22 21:57:58,2025-03-25 01:58:34,01_2025Mar香港
DJI_20250325015905_0031_D.LRF,1ae18efaa01c39a550165c197fa2e492,2025-10-22 21:57:58,2025-03-25 01:59:20,01_2025Mar香港
DJI_20250325015905_0031_D.MP4,a72265361a9239ecc2f7a6e716ee7c05,2025-10-22 21:57:58,2025-03-25 01:59:20,01_2025Mar香港
DJI_20250326003134_0032_D.LRF,6bb3502cef960d06fe7c2409e0913f3f,2025-10-22 21:57:58,2025-03-26 00:33:22,01_2025Mar香港
DJI_20250326003134_0032_D.MP4,a314c04073268653f8bf1b64ec958412,2025-10-22 21:57:58,2025-03-26 00:33:20,01_2025Mar香港
DJI_20250326003855_0033_D.LRF,82b318feb2e66dbe665d47fac15b55c4,2025-10-22 21:57:59,2025-03-26 00:39:08,01_2025Mar香港
DJI_20250326003855_0033_D.MP4,ae55b8dfaa0cd077bafe80c4f1002031,2025-10-22 21:57:59,2025-03-26 00:39:08,01_2025Mar香港
DJI_20250326003923_0034_D.LRF,0b70b42c26819dda3da6fd17eeaf73ab,2025-10-22 21:57:59,2025-03-26 00:39:26,01_2025Mar香港
DJI_20250326003923_0034_D.MP4,09ac1aba824670c70f115370a6e75e90,2025-10-22 21:57:59,2025-03-26 00:39:26,01_2025Mar香港
DJI_20250326004232_0035_D.LRF,4b697f14921dd5bc772056952bf651d1,2025-10-22 21:57:59,2025-03-26 00:42:44,01_2025Mar香港
DJI_20250326004232_0035_D.MP4,8a9ec1a89449c6820238920a488f5456,2025-10-22 21:57:59,2025-03-26 00:42:44,01_2025Mar香港
DJI_20250326013937_0036_D.LRF,7e26dd69b825dfd2c3585bd2fa980203,2025-10-22 21:57:59,2025-03-26 01:40:14,01_2025Mar香港
DJI_20250326013937_0036_D.MP4,9ae31a7eb6e045114e37a4f034e343cd,2025-10-22 21:57:59,2025-03-26 01:40:14,01_2025Mar香港
DJI_20250326014107_0037_D.LRF,a6cde016363c496d39a560e789cf53b6,2025-10-22 21:57:59,2025-03-26 01:42:34,01_2025Mar香港
DJI_20250326014107_0037_D.MP4,207b1e72bec31cb2f27edc9d95c1edad,2025-10-22 21:58:00,2025-03-26 01:42:34,01_2025Mar香港
DJI_20250326014303_0038_D.LRF,421192143444c47a7fa9007238cf0b67,2025-10-22 21:58:00,2025-03-26 01:44:50,01_2025Mar香港
DJI_20250326014303_0038_D.MP4,7862ef5fc16efa6631654b73ca728794,2025-10-22 21:58:00,2025-03-26 01:44:50,01_2025Mar香港
DJI_20250326014549_0039_D.LRF,c665bb0696395e9aee71f4cacb698038,2025-10-22 21:58:01,2025-03-26 01:46:34,01_2025Mar香港
DJI_20250326014549_0039_D.MP4,388cda032cecae585d9ff15954716b47,2025-10-22 21:58:01,2025-03-26 01:46:34,01_2025Mar香港
DJI_20250326015048_0040_D.LRF,fbbf6025abd29d144560994ef280c136,2025-10-22 21:58:01,2025-03-26 01:51:10,01_2025Mar香港
DJI_20250326015048_0040_D.MP4,4b429db094e9e898b41b3156e54eabcf,2025-10-22 21:58:01,2025-03-26 01:51:10,01_2025Mar香港
DJI_20250326015139_0041_D.LRF,e3d9a75f55165c85b658595c64f38984,2025-10-22 21:58:01,2025-03-26 01:52:16,01_2025Mar香港
DJI_20250326015139_0041_D.MP4,3b79fc802af35a114682e05fa17630b7,2025-10-22 21:58:01,2025-03-26 01:52:16,01_2025Mar香港
DJI_20250326015242_0042_D.LRF,c13628504c03602b0f4ec620b56de025,2025-10-22 21:58:01,2025-03-26 01:52:58,01_2025Mar香港
DJI_20250326015242_0042_D.MP4,3ddec276ed0fe8b7df3b99f5a02c1117,2025-10-22 21:58:02,2025-03-26 01:52:58,01_2025Mar香港
DJI_20250326015343_0043_D.LRF,48f20b629218a8db12ecab84f3ed0504,2025-10-22 21:58:02,2025-03-26 01:53:56,01_2025Mar香港
DJI_20250326015343_0043_D.MP4,a15b947aabc03a34e2cfb49227205ef1,2025-10-22 21:58:02,2025-03-26 01:53:56,01_2025Mar香港
DJI_20250326015432_0044_D.LRF,5864ddf8cfcb5b3cbdbcf37797dfb2f4,2025-10-22 21:58:02,2025-03-26 01:55:26,01_2025Mar香港
DJI_20250326015432_0044_D.MP4,7ae279bec382a4bae2acc11d496b1eba,2025-10-22 21:58:02,2025-03-26 01:55:26,01_2025Mar香港
DJI_20250326015819_0045_D.LRF,92f0e6c542a83cfc690fe0a08770547a,2025-10-22 21:58:02,2025-03-26 02:02:10,01_2025Mar香港
DJI_20250326015819_0045_D.MP4,0f84d568d755cb8b5d3f3e9d9ae1b059,2025-10-22 21:58:02,2025-03-26 02:02:10,01_2025Mar香港
DJI_20250326020245_0046_D.LRF,dd4743ae80d4045e41fd96cc8d03b4e6,2025-10-22 21:58:04,2025-03-26 02:03:44,01_2025Mar香港
DJI_20250326020245_0046_D.MP4,5edac36b6e786fd600ddb26c2efce671,2025-10-22 21:58:04,2025-03-26 02:03:42,01_2025Mar香港
DJI_20250326020419_0047_D.LRF,c1f89daec1208f26241cb8338de17509,2025-10-22 21:58:04,2025-03-26 02:05:26,01_2025Mar香港
DJI_20250326020419_0047_D.MP4,fc9c0bdbc5092cbb514b1464aea4c094,2025-10-22 21:58:04,2025-03-26 02:05:26,01_2025Mar香港
DJI_20250326021044_0048_D.LRF,9c1a3c7b80c5c8da84c8398be36f63c3,2025-10-22 21:58:05,2025-03-26 02:11:00,01_2025Mar香港
DJI_20250326021044_0048_D.MP4,ba3de55b1a7866d5b28ef9807aa137d2,2025-10-22 21:58:05,2025-03-26 02:10:58,01_2025Mar香港
DJI_20250326023327_0049_D.LRF,517ef12360e20e4c7545f8a33d73c83a,2025-10-22 21:58:05,2025-03-26 02:41:46,01_2025Mar香港
DJI_20250326023327_0049_D.MP4,793defc5dcdffa1bbfb9c353b4f80bd1,2025-10-22 21:58:05,2025-03-26 02:41:46,01_2025Mar香港
DJI_20250326065031_0050_D.LRF,e60d016128355194686eca9b200186cf,2025-10-22 21:58:08,2025-03-26 06:53:02,01_2025Mar香港
DJI_20250326065031_0050_D.MP4,88f48b255550dc2d8158bcd18603994d,2025-10-22 21:58:08,2025-03-26 06:53:02,01_2025Mar香港
DJI_20250326071915_0051_D.LRF,fdb2d1b670169fc10436f403a5b12488,2025-10-22 21:58:09,2025-03-26 07:19:30,01_2025Mar香港
DJI_20250326071915_0051_D.MP4,b7757cd6ebbd44e5d0b6842af485c1c0,2025-10-22 21:58:09,2025-03-26 07:19:30,01_2025Mar香港
DJI_20250327005101_0052_D.LRF,8703c229d1cd0eab35451bf3a77fea51,2025-10-22 21:58:09,2025-03-27 00:51:18,01_2025Mar香港
DJI_20250327005101_0052_D.MP4,9ecec4553b0d1aa9d8e818718be1c49c,2025-10-22 21:58:09,2025-03-27 00:51:18,01_2025Mar香港
DJI_20250327005154_0053_D.LRF,1ecdea0fae29425b9cd6b6bb98951ed2,2025-10-22 21:58:09,2025-03-27 00:52:24,01_2025Mar香港
DJI_20250327005154_0053_D.MP4,36b458690691500247b0f8e50bcb8964,2025-10-22 21:58:09,2025-03-27 00:52:24,01_2025Mar香港
DJI_20250327021341_0054_D.LRF,7459c70dc943bbcf7f93b35f2d172f4f,2025-10-22 21:58:10,2025-03-27 02:15:18,01_2025Mar香港
DJI_20250327021341_0054_D.MP4,8488e1d967da2c65567a1c8ba0c6448d,2025-10-22 21:58:10,2025-03-27 02:15:18,01_2025Mar香港
DJI_20250327022144_0055_D.LRF,16b7d45a3e267822e7d103791a2a73aa,2025-10-22 21:58:10,2025-03-27 02:21:58,01_2025Mar香港
DJI_20250327022144_0055_D.MP4,d099d567915dee968f1eccc938025de6,2025-10-22 21:58:10,2025-03-27 02:21:58,01_2025Mar香港
DJI_20250327023333_0056_D.LRF,52b1a87d3507a5f3b0fde4ade74f63dd,2025-10-22 21:58:10,2025-03-27 02:33:46,01_2025Mar香港
DJI_20250327023333_0056_D.MP4,e23e1436ba29d86b00b7a035c2a88167,2025-10-22 21:58:10,2025-03-27 02:33:46,01_2025Mar香港
DJI_20250327023424_0057_D.LRF,139637fa353c9a4342fd69d7fee33b1b,2025-10-22 21:58:10,2025-03-27 02:35:26,01_2025Mar香港
DJI_20250327023424_0057_D.MP4,7486678208e62464bd50e3122078c901,2025-10-22 21:58:10,2025-03-27 02:35:26,01_2025Mar香港
DJI_20250327032408_0058_D.LRF,38a558687c8ae25f48af677657c0bf3c,2025-10-22 21:58:11,2025-03-27 03:24:34,01_2025Mar香港
DJI_20250327032408_0058_D.MP4,57a2bede3f32dbbd4f4bfc661ff920de,2025-10-22 21:58:11,2025-03-27 03:24:34,01_2025Mar香港
DJI_20250327035719_0059_D.LRF,8094d2fb07a3bf992f35e62de1ea232d,2025-10-22 21:58:11,2025-03-27 03:59:58,01_2025Mar香港
DJI_20250327035719_0059_D.MP4,4881d2e71d5d1b6edfc45a3d8cc60333,2025-10-22 21:58:11,2025-03-27 03:59:58,01_2025Mar香港
DJI_20250327040423_0060_D.LRF,6ab52b75d6131f8d574c5611b2c4b6b9,2025-10-22 21:58:12,2025-03-27 04:04:42,01_2025Mar香港
DJI_20250327040423_0060_D.MP4,1b6e7449fc8c47ad05ada26b45849489,2025-10-22 21:58:12,2025-03-27 04:04:42,01_2025Mar香港
DJI_20250328022335_0061_D.LRF,a26d1d8b8af9cda5bf42bfb99c707c5b,2025-10-22 21:58:12,2025-03-28 02:29:18,01_2025Mar香港
DJI_20250328022335_0061_D.MP4,2e18fec4ba4b0e95a8f582e9444657f0,2025-10-22 21:58:13,2025-03-28 02:29:16,01_2025Mar香港
DJI_20250328023127_0062_D.LRF,17646125cc0b02949b9dfe7eef52443d,2025-10-22 21:58:14,2025-03-28 02:32:10,01_2025Mar香港
DJI_20250328023127_0062_D.MP4,1a923fde591c851df4f6f7bd04893539,2025-10-22 21:58:15,2025-03-28 02:32:10,01_2025Mar香港
DJI_20250328023705_0063_D.LRF,5955d5ab4cab5bb768d5a78cd8a60dc3,2025-10-22 21:58:15,2025-03-28 02:40:54,01_2025Mar香港
DJI_20250328023705_0063_D.MP4,e56e5b6ccfc2afaced5255600e985cdc,2025-10-22 21:58:15,2025-03-28 02:40:54,01_2025Mar香港
DJI_20250328024257_0064_D.LRF,8cae05ed0002b52fa829542641a0633a,2025-10-22 21:58:16,2025-03-28 02:46:32,01_2025Mar香港
DJI_20250328024257_0064_D.MP4,d82c713c9b7a1fd9edfb64bb732324b9,2025-10-22 21:58:17,2025-03-28 02:46:32,01_2025Mar香港
DJI_20250328024839_0065_D.LRF,2dc08452218e3f5bcd03fa45cc0b057f,2025-10-22 21:58:18,2025-03-28 02:49:56,01_2025Mar香港
DJI_20250328024839_0065_D.MP4,f9a509347ef9f514389c90882b2ef363,2025-10-22 21:58:18,2025-03-28 02:49:56,01_2025Mar香港
DJI_20250328025033_0066_D.LRF,c972d6542cce8c46880d9173bbf8b1dc,2025-10-22 21:58:18,2025-03-28 02:54:14,01_2025Mar香港
DJI_20250328025033_0066_D.MP4,c459f4684cadadcd617b39abe2e7e7c8,2025-10-22 21:58:19,2025-03-28 02:54:12,01_2025Mar香港
DJI_20250328025442_0067_D.LRF,c8888af0e45a21d97926f9b14ad21057,2025-10-22 21:58:20,2025-03-28 02:55:46,01_2025Mar香港
DJI_20250328025442_0067_D.MP4,f0d8f0b824c8c36c6e43384491c49977,2025-10-22 21:58:20,2025-03-28 02:55:44,01_2025Mar香港
DJI_20250328030211_0068_D.LRF,677056715473c8c5dc44457c93b94011,2025-10-22 21:58:20,2025-03-28 03:03:18,01_2025Mar香港
DJI_20250328030211_0068_D.MP4,0673ebd5aa884a231f027be651c99df4,2025-10-22 21:58:20,2025-03-28 03:03:18,01_2025Mar香港
DJI_20250330004032_0069_D.LRF,78ed80017bf0886d50715d667c0df4c8,2025-10-22 21:58:21,2025-03-30 00:41:08,01_2025Mar香港
DJI_20250330004032_0069_D.MP4,012b30fc5dd09599033ad947ffd64e5f,2025-10-22 21:58:21,2025-03-30 00:41:06,01_2025Mar香港
DJI_20250330031323_0070_D.LRF,4ca8e3da5aaec67f93a9b63f98dfb223,2025-10-22 21:58:21,2025-03-30 03:15:20,01_2025Mar香港
DJI_20250330031323_0070_D.MP4,56f9a38fa72f3c0b389a1a7e8b16158a,2025-10-22 21:58:21,2025-03-30 03:15:18,01_2025Mar香港
DJI_20250330031722_0071_D.LRF,19b4ddbaf974c64d41e8ae7f30ba49de,2025-10-22 21:58:21,2025-03-30 03:17:54,01_2025Mar香港
DJI_20250330031722_0071_D.MP4,e84fe72c4a7690f879e99524789ae92e,2025-10-22 21:58:21,2025-03-30 03:17:54,01_2025Mar香港
DJI_20250403205834_0072_D.LRF,6d325a66052567177155cfa64c910155,2025-10-22 21:58:22,2025-04-03 20:59:16,01_2025Mar香港
DJI_20250403205834_0072_D.MP4,c0871517c0300c4efac8d05a26ee1e5b,2025-10-22 21:58:22,2025-04-03 20:59:16,01_2025Mar香港
DJI_20250403205920_0073_D.LRF,5ee8e528a628b3dd33bbd2aa357c946e,2025-10-22 21:58:22,2025-04-03 21:01:34,01_2025Mar香港
DJI_20250403205920_0073_D.MP4,3dbd960756fb377da2c03e801e673d21,2025-10-22 21:58:22,2025-04-03 21:01:34,01_2025Mar香港
DJI_20250404015459_0074_D.LRF,38654f444571ca11103ae18863ed382c,2025-10-22 21:58:23,2025-04-04 01:55:22,01_2025Mar香港
DJI_20250404015459_0074_D.MP4,330b2e97a6824c77b6314b6480371e27,2025-10-22 21:58:23,2025-04-04 01:55:22,01_2025Mar香港
DJI_20250404015631_0075_D.LRF,a2aa5b9632ab496063673d10876d9ec9,2025-10-22 21:58:23,2025-04-04 01:56:58,01_2025Mar香港
DJI_20250404015631_0075_D.MP4,390c11e643afeec252aa7c6d0827f988,2025-10-22 21:58:23,2025-04-04 01:56:56,01_2025Mar香港
DJI_20250404022025_0076_D.LRF,74d3b7ae02eb1b173af905e82afcd21d,2025-10-22 21:58:23,2025-04-04 02:20:52,01_2025Mar香港
DJI_20250404022025_0076_D.MP4,0cb61a54e4dc26e82b094ab1d83478f6,2025-10-22 21:58:23,2025-04-04 02:20:52,01_2025Mar香港
DJI_20250404022120_0077_D.LRF,f040b5b1ae170b8df5f737a71fcbdb7a,2025-10-22 21:58:23,2025-04-04 02:23:20,01_2025Mar香港
DJI_20250404022120_0077_D.MP4,2ae72de35ffa459a54e389a288145509,2025-10-22 21:58:23,2025-04-04 02:23:20,01_2025Mar香港
DJI_20250404023055_0078_D.LRF,24251f67a22dc6a27686ebc678613f83,2025-10-22 21:58:24,2025-04-04 02:31:10,01_2025Mar香港
DJI_20250404023055_0078_D.MP4,05370a9891bae21c672809bc98e1e212,2025-10-22 21:58:24,2025-04-04 02:31:10,01_2025Mar香港
DJI_20250404023401_0079_D.LRF,d0a28dd4a347fea5c543ea0a897bdfd4,2025-10-22 21:58:24,2025-04-04 02:34:06,01_2025Mar香港
DJI_20250404023401_0079_D.MP4,2fd4f6add5fda52593b67bf1049ac3b8,2025-10-22 21:58:24,2025-04-04 02:34:06,01_2025Mar香港
DJI_20250404023614_0080_D.LRF,1e7fbc05f1810e6bd1eab0b247ca4ce3,2025-10-22 21:58:24,2025-04-04 02:36:26,01_2025Mar香港
DJI_20250404023614_0080_D.MP4,8d68dc473e7d9c5ae33c3fbc58b8cfd7,2025-10-22 21:58:24,2025-04-04 02:36:26,01_2025Mar香港
DJI_20250404024000_0081_D.LRF,4f33868e23c08747be1e293d89fdac87,2025-10-22 21:58:24,2025-04-04 02:40:24,01_2025Mar香港
DJI_20250404024000_0081_D.MP4,54677f31aa37eff6cf337109624b35b3,2025-10-22 21:58:24,2025-04-04 02:40:24,01_2025Mar香港
DJI_20250404024825_0082_D.LRF,8ae1d94faabe92786044ec3452d176cc,2025-10-22 21:58:24,2025-04-04 02:48:36,01_2025Mar香港
DJI_20250404024825_0082_D.MP4,4d3ed5b4401b526775d8367c06901f86,2025-10-22 21:58:24,2025-04-04 02:48:36,01_2025Mar香港
DJI_20250404025252_0083_D.LRF,32ef8fa4c26f37193d51791af8768da5,2025-10-22 21:58:24,2025-04-04 02:53:14,01_2025Mar香港
DJI_20250404025252_0083_D.MP4,d63d39dff618194fcbc9ccf7e54e6899,2025-10-22 21:58:24,2025-04-04 02:53:14,01_2025Mar香港
DJI_20250404025808_0084_D.LRF,e9b656ed0008834cf6c1f6e2b6f20fd0,2025-10-22 21:58:25,2025-04-04 02:58:26,01_2025Mar香港
DJI_20250404025808_0084_D.MP4,abd1a752ecab3c08367a48e08d6056b9,2025-10-22 21:58:25,2025-04-04 02:58:26,01_2025Mar香港
DJI_20250404025939_0085_D.LRF,b5caf0ace618a7bad1da0132540f3339,2025-10-22 21:58:25,2025-04-04 03:00:14,01_2025Mar香港
DJI_20250404025939_0085_D.MP4,9192257e2ed932d0cb3ecaddc0489cd9,2025-10-22 21:58:25,2025-04-04 03:00:14,01_2025Mar香港
DJI_20250404031001_0086_D.LRF,4fc2b113a5220e4bf98927b9d5386e61,2025-10-22 21:58:25,2025-04-04 03:10:30,01_2025Mar香港
DJI_20250404031001_0086_D.MP4,d6e7a0bf3a42293fcc638defb4da4387,2025-10-22 21:58:25,2025-04-04 03:10:30,01_2025Mar香港
DJI_20250404032222_0087_D.LRF,c9a8a8e3e5c51d00a2516a01570a5332,2025-10-22 21:58:25,2025-04-04 03:22:34,01_2025Mar香港
DJI_20250404032222_0087_D.MP4,c623f6c5628bce0f5fe3c9448ab97b18,2025-10-22 21:58:25,2025-04-04 03:22:34,01_2025Mar香港
DJI_20250404033720_0088_D.LRF,3f9b3f04bebb27310f650b740256ee5f,2025-10-22 21:58:25,2025-04-04 03:38:20,01_2025Mar香港
DJI_20250404033720_0088_D.MP4,2bedbaf0ac8ba7249c99b53ef12677de,2025-10-22 21:58:25,2025-04-04 03:38:20,01_2025Mar香港
DJI_20250404050720_0089_D.LRF,9ac976506731244a27c882a4814ec54b,2025-10-22 21:58:26,2025-04-04 05:07:50,01_2025Mar香港
DJI_20250404050720_0089_D.MP4,a9b10f1c3b0399d8e15aa1ae2d88f20f,2025-10-22 21:58:26,2025-04-04 05:07:50,01_2025Mar香港
DJI_20250404061126_0090_D.LRF,25c5b20508d6d35111ccdaa98d90cd62,2025-10-22 21:58:26,2025-04-04 06:11:38,01_2025Mar香港
DJI_20250404061126_0090_D.MP4,82c49a343eb053521f588f64ffe6a402,2025-10-22 21:58:26,2025-04-04 06:11:38,01_2025Mar香港
DJI_20250404070132_0091_D.LRF,7dcf7d7c1fff96c8d7d4c4e170d683ba,2025-10-22 21:58:26,2025-04-04 07:02:14,01_2025Mar香港
DJI_20250404070132_0091_D.MP4,6097a3975454907fb793fe3e8a11f0b8,2025-10-22 21:58:26,2025-04-04 07:02:14,01_2025Mar香港
DJI_20250404070320_0092_D.LRF,c38a387b28aaf809ebbcd5d7e0f7688b,2025-10-22 21:58:26,2025-04-04 07:04:02,01_2025Mar香港
DJI_20250404070320_0092_D.MP4,1d37d883ef5fca37246c2eff17b59ae0,2025-10-22 21:58:26,2025-04-04 07:04:00,01_2025Mar香港
DJI_20250404070602_0093_D.LRF,2b6ef5de2e267881f7d6aecd9c35df5b,2025-10-22 21:58:26,2025-04-04 07:06:12,01_2025Mar香港
DJI_20250404070602_0093_D.MP4,234585c0339d53cd5596a7c8d191b7fe,2025-10-22 21:58:26,2025-04-04 07:06:12,01_2025Mar香港
DJI_20250405070451_0094_D.LRF,748ef6c0184d9ea1b55a7d4d5d06f00b,2025-10-22 21:58:26,2025-04-05 07:06:52,01_2025Mar香港
DJI_20250405070451_0094_D.MP4,937d0db454e7ddb8ba00417ea86febd4,2025-10-22 21:58:27,2025-04-05 07:06:52,01_2025Mar香港
DJI_20250405070659_0095_D.LRF,3be4ea313ff1dba9bb95c1b287cd56cc,2025-10-22 21:58:27,2025-04-05 07:08:40,01_2025Mar香港
DJI_20250405070659_0095_D.MP4,39518b68df2e1fc6a82375da04354a28,2025-10-22 21:58:27,2025-04-05 07:08:40,01_2025Mar香港
DJI_20250405070925_0096_D.LRF,c41c8b210eee1b0b506306f43de3f555,2025-10-22 21:58:28,2025-04-05 07:09:48,01_2025Mar香港
DJI_20250405070925_0096_D.MP4,981d48380f5aeddc624c786e7f751b29,2025-10-22 21:58:28,2025-04-05 07:09:48,01_2025Mar香港
DJI_20250405070959_0097_D.LRF,a6d4e9397fbccff6d0ae6be35b1c1eb7,2025-10-22 21:58:28,2025-04-05 07:10:32,01_2025Mar香港
DJI_20250405070959_0097_D.MP4,0ae85b80037f3bc4662e3ba1e2851965,2025-10-22 21:58:28,2025-04-05 07:10:32,01_2025Mar香港
DJI_20250405071102_0098_D.LRF,d2beea45b881dee8c67414f981e6f359,2025-10-22 21:58:28,2025-04-05 07:11:40,01_2025Mar香港
DJI_20250405071102_0098_D.MP4,05da0f5c272fdf20ef85384474ad3fc5,2025-10-22 21:58:28,2025-04-05 07:11:40,01_2025Mar香港
DJI_20250405071200_0099_D.LRF,2c07558a0effe86a8accb6107ee3ab23,2025-10-22 21:58:28,2025-04-05 07:12:18,01_2025Mar香港
DJI_20250405071200_0099_D.MP4,95e4b57a9abc79c19a67612773f1289a,2025-10-22 21:58:28,2025-04-05 07:12:18,01_2025Mar香港
DJI_20250405080134_0100_D.LRF,9db3dcec775cd288e9d4e352336d019d,2025-10-22 21:58:28,2025-04-05 08:09:40,01_2025Mar香港
DJI_20250405080134_0100_D.MP4,91e742686db35f9839ee7c5fac939071,2025-10-22 21:58:29,2025-04-05 08:09:38,01_2025Mar香港
DJI_20250405080958_0101_D.LRF,03f8aa4ad4799cb1c063a734ec27d44d,2025-10-22 21:58:31,2025-04-05 08:11:14,01_2025Mar香港
DJI_20250405080958_0101_D.MP4,f5bfc061d4fa99904a5a985f09566e83,2025-10-22 21:58:31,2025-04-05 08:11:14,01_2025Mar香港
DJI_20250405081146_0102_D.LRF,7d0abf43437dad92d284ca57a0abf575,2025-10-22 21:58:31,2025-04-05 08:12:46,01_2025Mar香港
DJI_20250405081146_0102_D.MP4,55c0d81067e84c5406d1ce1fad4b85df,2025-10-22 21:58:32,2025-04-05 08:12:46,01_2025Mar香港
DJI_20250406071922_0103_D.LRF,8857dd75b939dfc81bad1a7399f6a5f2,2025-10-22 21:58:32,2025-04-06 07:19:56,01_2025Mar香港
DJI_20250406071922_0103_D.MP4,9f612134b86b4762f98e0bbd79cd0fb5,2025-10-22 21:58:32,2025-04-06 07:19:56,01_2025Mar香港
DJI_20250406072135_0104_D.LRF,bfcbdea71c3f5010f55a1bb072f8c418,2025-10-22 21:58:32,2025-04-06 07:21:58,01_2025Mar香港
DJI_20250406072135_0104_D.MP4,b01ead2498e7633ac0c0323646fcfe15,2025-10-22 21:58:32,2025-04-06 07:21:58,01_2025Mar香港
DJI_20250406072812_0105_D.LRF,4ecb1017831665533c7f744ea7a6331d,2025-10-22 21:58:32,2025-04-06 07:28:30,01_2025Mar香港
DJI_20250406072812_0105_D.MP4,ee3310ac24df7cbf418cc8d49c85f9e2,2025-10-22 21:58:32,2025-04-06 07:28:30,01_2025Mar香港
DJI_20250406073517_0106_D.LRF,06904609fd9ec2c139b26cc1441b076b,2025-10-22 21:58:32,2025-04-06 07:35:34,01_2025Mar香港
DJI_20250406073517_0106_D.MP4,54aa5d48c45c1ae4ace023d5d9e01fad,2025-10-22 21:58:32,2025-04-06 07:35:34,01_2025Mar香港
DJI_20250406081037_0107_D.LRF,b5c6d00a9ce0195f1805f64487d22f21,2025-10-22 21:58:32,2025-04-06 08:10:50,01_2025Mar香港
DJI_20250406081037_0107_D.MP4,0e5a888fb1894f3cf4622674b899e399,2025-10-22 21:58:32,2025-04-06 08:10:50,01_2025Mar香港
DJI_20250406085230_0108_D.LRF,42155c21d435e2ae8c6b71c26e8447ab,2025-10-22 21:58:32,2025-04-06 08:53:56,01_2025Mar香港
DJI_20250406085230_0108_D.MP4,d5c6217d871f402fbfd0256fcbd60321,2025-10-22 21:58:32,2025-04-06 08:53:56,01_2025Mar香港
DJI_20250406085421_0109_D.LRF,5a1b80f08c079a75a0a4d74851ac50f0,2025-10-22 21:58:33,2025-04-06 08:54:38,01_2025Mar香港
DJI_20250406085421_0109_D.MP4,225072c8a61f04ccfa96224720aa1b90,2025-10-22 21:58:33,2025-04-06 08:54:38,01_2025Mar香港
DJI_20250406085724_0110_D.LRF,779f0ae7c92adbf754cc9487ae450061,2025-10-22 21:58:33,2025-04-06 08:57:48,01_2025Mar香港
DJI_20250406085724_0110_D.MP4,be82783ed1623f6c58bd9e069d47d769,2025-10-22 21:58:33,2025-04-06 08:57:48,01_2025Mar香港
DJI_20250406085858_0111_D.LRF,d24773be49dfc3725836e1e2a6fd3be5,2025-10-22 21:58:33,2025-04-06 08:59:36,01_2025Mar香港
DJI_20250406085858_0111_D.MP4,33e80868362bdedd0b0579100ad29247,2025-10-22 21:58:33,2025-04-06 08:59:36,01_2025Mar香港
DJI_20250406090322_0112_D.LRF,bfb3f283023eec14bbc21d9604ce452d,2025-10-22 21:58:33,2025-04-06 09:04:26,01_2025Mar香港
DJI_20250406090322_0112_D.MP4,1ba374339af9291936efdfe0206226d5,2025-10-22 21:58:33,2025-04-06 09:04:26,01_2025Mar香港
DJI_20250406091506_0113_D.LRF,7304e5b7bda48166801499b88b74c21c,2025-10-22 21:58:33,2025-04-06 09:20:14,01_2025Mar香港
DJI_20250406091506_0113_D.MP4,402d30d08f0f865a164df5efe8bbdb4b,2025-10-22 21:58:34,2025-04-06 09:20:14,01_2025Mar香港
DJI_20250406093004_0114_D.LRF,b7888f9c4d2f890ee481acaff31fd668,2025-10-22 21:58:35,2025-04-06 09:31:28,01_2025Mar香港
DJI_20250406093004_0114_D.MP4,556fac1c4a08c7cfe4967e01036a3abd,2025-10-22 21:58:38,2025-04-06 09:31:28,05_2025Apr深圳
DJI_20250406093140_0115_D.LRF,c948a852ba00fa835b7755c4cc5ea0bd,2025-10-22 21:58:35,2025-04-06 09:34:34,01_2025Mar香港
DJI_20250406093140_0115_D.MP4,4fad4379bf15602dfcf461f0c3462d45,2025-10-22 21:58:35,2025-04-06 09:34:34,01_2025Mar香港
DJI_20250407005518_0116_D.LRF,7ae6021a1e5ec8726878da7a7aef6515,2025-10-22 21:58:38,2025-04-07 00:56:12,05_2025Apr深圳
DJI_20250407005518_0116_D.MP4,b2de9a9b4b98aa891be1e1c926440a10,2025-10-22 21:58:38,2025-04-07 00:56:12,05_2025Apr深圳
DJI_20250407005647_0117_D.LRF,a6b50392d4b76828c414ac76229d756e,2025-10-22 21:58:38,2025-04-07 00:57:16,05_2025Apr深圳
DJI_20250407005647_0117_D.MP4,bbf9e98c337522040965e7fe2b9a3935,2025-10-22 21:58:38,2025-04-07 00:57:14,05_2025Apr深圳
DJI_20250407013858_0118_D.LRF,bae320577530f62795db13df7afe4388,2025-10-22 21:58:38,2025-04-07 01:45:16,05_2025Apr深圳
DJI_20250407013858_0118_D.MP4,f167fd160f9944dac3ea9a2a1bab5df1,2025-10-22 21:58:39,2025-04-07 01:45:16,05_2025Apr深圳
DJI_20250407014910_0119_D.LRF,40429cc6d7a1e10dde0b0a7ec1b5c9ad,2025-10-22 21:58:41,2025-04-07 01:49:42,05_2025Apr深圳
DJI_20250407014910_0119_D.MP4,2d0930d8d9bc1408794d1855421d3918,2025-10-22 21:58:41,2025-04-07 01:49:42,05_2025Apr深圳
DJI_20250407015025_0120_D.LRF,57bf20ecb6e8c53d1eb17eda7d2235b7,2025-10-22 21:58:41,2025-04-07 01:51:08,05_2025Apr深圳
DJI_20250407015025_0120_D.MP4,354acf4dd870de9f4bec74187db906de,2025-10-22 21:58:41,2025-04-07 01:51:06,05_2025Apr深圳
DJI_20250407030845_0121_D.LRF,5249e2f14e1458f2f3bf16c7b8c076d5,2025-10-22 21:58:42,2025-04-07 03:09:34,05_2025Apr深圳
DJI_20250407030845_0121_D.MP4,003a855869fb33da68bdd4544e8634d9,2025-10-22 21:58:42,2025-04-07 03:09:34,05_2025Apr深圳
DJI_20250407031001_0122_D.LRF,74da7501f0f294b41112cc026d28831e,2025-10-22 21:58:42,2025-04-07 03:10:36,05_2025Apr深圳
DJI_20250407031001_0122_D.MP4,8e4f0f321cba73c834db44b4e6742618,2025-10-22 21:58:42,2025-04-07 03:10:36,05_2025Apr深圳
DJI_20250407031050_0123_D.LRF,19494da43caba509bad683158d8388e0,2025-10-22 21:58:42,2025-04-07 03:11:22,05_2025Apr深圳
DJI_20250407031050_0123_D.MP4,48d7c70190733eb18666c9a243ec4818,2025-10-22 21:58:42,2025-04-07 03:11:22,05_2025Apr深圳
DJI_20250407031125_0124_D.LRF,a8255adc36075f1e3ec433bed7de293d,2025-10-22 21:58:42,2025-04-07 03:12:06,05_2025Apr深圳
DJI_20250407031125_0124_D.MP4,427dac0bdc70f2a17160c6a2f73b0b7a,2025-10-22 21:58:42,2025-04-07 03:12:06,05_2025Apr深圳
DJI_20250407031228_0125_D.LRF,5be302ee3bf41b96aad781c55e7a6645,2025-10-22 21:58:42,2025-04-07 03:12:34,05_2025Apr深圳
DJI_20250407031228_0125_D.MP4,4c180e609aa395380876c6471dd3c64e,2025-10-22 21:58:42,2025-04-07 03:12:34,05_2025Apr深圳
DJI_20250407031248_0126_D.LRF,28892f5a1918c721f0e3d763e1c7edb2,2025-10-22 21:58:42,2025-04-07 03:14:28,05_2025Apr深圳
DJI_20250407031248_0126_D.MP4,aa563e5f0af7b7a3bbecd3480f32c6ff,2025-10-22 21:58:43,2025-04-07 03:14:28,05_2025Apr深圳
DJI_20250407040856_0127_D.LRF,99d351a7f135104254b6f9ef428e0fc4,2025-10-22 21:58:43,2025-04-07 04:09:22,05_2025Apr深圳
DJI_20250407040856_0127_D.MP4,9a6d2c174c50a7f2cbfa9735bb8b9a60,2025-10-22 21:58:43,2025-04-07 04:09:22,05_2025Apr深圳
DJI_20250407043300_0128_D.LRF,073ad5e51ec427529c7ea7011eeef1f1,2025-10-22 21:58:43,2025-04-07 04:33:04,05_2025Apr深圳
DJI_20250407043300_0128_D.MP4,fc16d8714d552f32973f8f0e2845289e,2025-10-22 21:58:43,2025-04-07 04:33:04,05_2025Apr深圳
DJI_20250407043303_0129_D.LRF,7face04454d33542a9ff80c3f0e0d515,2025-10-22 21:58:43,2025-04-07 04:35:42,05_2025Apr深圳
DJI_20250407043303_0129_D.MP4,dd3a7fc3724542491c2549d2a592df02,2025-10-22 21:58:43,2025-04-07 04:35:42,05_2025Apr深圳
DJI_20250407043615_0130_D.LRF,6f9762551002d8f5b0edf4cf6ab866c8,2025-10-22 21:58:44,2025-04-07 04:38:00,05_2025Apr深圳
DJI_20250407043615_0130_D.MP4,61a772dbe10415c8663b186d5f7ba645,2025-10-22 21:58:44,2025-04-07 04:37:58,05_2025Apr深圳
DJI_20250407044804_0131_D.LRF,e7cb6913695f5e44f4faefd22a294ff7,2025-10-22 21:58:45,2025-04-07 04:48:34,05_2025Apr深圳
DJI_20250407044804_0131_D.MP4,e6728944968fb6fb19008abcea4a56b6,2025-10-22 21:58:45,2025-04-07 04:48:32,05_2025Apr深圳
DJI_20250407044835_0132_D.LRF,beab1350464b7b424cb7c49c727a7223,2025-10-22 21:58:45,2025-04-07 04:52:32,05_2025Apr深圳
DJI_20250407044835_0132_D.MP4,0d4dd1231fc9b6493d2509f295fdf9a1,2025-10-22 21:58:45,2025-04-07 04:52:32,05_2025Apr深圳
DJI_20250407045439_0133_D.LRF,3502eaaa0fdd15cb459ef21baf0fdf90,2025-10-22 21:58:47,2025-04-07 04:59:10,05_2025Apr深圳
DJI_20250407045439_0133_D.MP4,56f5099c8bb8529e8662fb29b8cb568d,2025-10-22 21:58:47,2025-04-07 04:59:10,05_2025Apr深圳
DJI_20250407051142_0134_D.LRF,38c938decb5d35470dfaea35d5732668,2025-10-22 21:58:48,2025-04-07 05:13:00,05_2025Apr深圳
DJI_20250407051142_0134_D.MP4,d1a28a79f7694a5be9537919631da53c,2025-10-22 21:58:48,2025-04-07 05:13:00,05_2025Apr深圳
DJI_20250407055637_0135_D.LRF,9c263c20ba9bf0e9d70fd361c5cb55a6,2025-10-22 21:58:49,2025-04-07 05:57:04,05_2025Apr深圳
DJI_20250407055637_0135_D.MP4,9c9de2c25121adb1de2088f6b7a97fbb,2025-10-22 21:58:49,2025-04-07 05:57:04,05_2025Apr深圳
DJI_20250407055758_0136_D.LRF,b379603824a60c11718f98c97cf66cd6,2025-10-22 21:58:49,2025-04-07 06:01:48,05_2025Apr深圳
DJI_20250407055758_0136_D.MP4,12cb947660101b843cd3c92cacfd7040,2025-10-22 21:58:49,2025-04-07 06:01:48,05_2025Apr深圳
DJI_20250407060315_0137_D.LRF,43cc8842c7b5a624f62b0dc0e2ecf017,2025-10-22 21:58:50,2025-04-07 06:03:38,05_2025Apr深圳
DJI_20250407060315_0137_D.MP4,d8b7afe15e5eb2ce08aa472bd41d0469,2025-10-22 21:58:50,2025-04-07 06:03:36,05_2025Apr深圳
DJI_20250407063300_0138_D.LRF,76c4e1ec8f9d7dc91d190fd0a6cd8a1a,2025-10-22 21:58:50,2025-04-07 06:34:26,05_2025Apr深圳
DJI_20250407063300_0138_D.MP4,66e9dfb084ec1e86855b72d6c6ec8af1,2025-10-22 21:58:50,2025-04-07 06:34:26,05_2025Apr深圳
DJI_20250407063613_0139_D.LRF,068532c3da89e3571ea2792453340f7c,2025-10-22 21:58:51,2025-04-07 06:36:54,05_2025Apr深圳
DJI_20250407063613_0139_D.MP4,99b53ee478a988ab5ea4aaf2c6d12a00,2025-10-22 21:58:51,2025-04-07 06:36:54,05_2025Apr深圳
DJI_20250407063806_0140_D.LRF,60a0b17aff56159963b3ab646a604436,2025-10-22 21:58:51,2025-04-07 06:42:02,05_2025Apr深圳
DJI_20250407063806_0140_D.MP4,c72d51748cb5c9fbec26998c3d09df2c,2025-10-22 21:58:51,2025-04-07 06:42:02,05_2025Apr深圳
DJI_20250407070254_0141_D.LRF,2391653c6418c663f5b9e09619b1abf5,2025-10-22 21:58:52,2025-04-07 07:04:40,05_2025Apr深圳
DJI_20250407070254_0141_D.MP4,dba6192a9f02edc05f4389f14af50eb2,2025-10-22 21:58:53,2025-04-07 07:04:40,05_2025Apr深圳
DJI_20250407070542_0142_D.LRF,a5340b6e39994686ff514fb8316c76e7,2025-10-22 21:58:53,2025-04-07 07:07:00,05_2025Apr深圳
DJI_20250407070542_0142_D.MP4,ab539c7ff37144bcac761b6ff49e9c1f,2025-10-22 21:58:53,2025-04-07 07:07:00,05_2025Apr深圳
DJI_20250407073319_0143_D.LRF,4ea724a174721d6959d589b50b976d43,2025-10-22 21:58:53,2025-04-07 07:33:42,05_2025Apr深圳
DJI_20250407073319_0143_D.MP4,20122f7ca47b72300e61b2e20c951d40,2025-10-22 21:58:53,2025-04-07 07:33:42,05_2025Apr深圳
DJI_20250407073750_0144_D.LRF,3de82404af241fb2356e7d5c011e9094,2025-10-22 21:58:54,2025-04-07 07:38:34,05_2025Apr深圳
DJI_20250407073750_0144_D.MP4,b92d1cddccdaad3072697d868e233ced,2025-10-22 21:58:54,2025-04-07 07:38:34,05_2025Apr深圳
DJI_20250407074333_0145_D.LRF,8169fde555337a4dc592ab97ec90046d,2025-10-22 21:58:54,2025-04-07 07:44:04,05_2025Apr深圳
DJI_20250407074333_0145_D.MP4,db22d1ae8183fc64dbe046a90223cccc,2025-10-22 21:58:54,2025-04-07 07:44:02,05_2025Apr深圳
DJI_20250407074445_0146_D.LRF,5d607185db21d46f373d95955d7f2dfc,2025-10-22 21:58:54,2025-04-07 07:45:46,05_2025Apr深圳
DJI_20250407074445_0146_D.MP4,52632e5eb8c46faa388c40768bb6feb4,2025-10-22 21:58:54,2025-04-07 07:45:46,05_2025Apr深圳
DJI_20250407081746_0147_D.LRF,22caf8d816258e605439f20a1f8f2554,2025-10-22 21:58:54,2025-04-07 08:17:48,05_2025Apr深圳
DJI_20250407081746_0147_D.MP4,626073bd76bd0eb83597c494908ce5d9,2025-10-22 21:58:54,2025-04-07 08:17:48,05_2025Apr深圳
DJI_20250407081748_0148_D.LRF,84dcc1b44f33fbc155d018f5e0ed0e9c,2025-10-22 21:58:54,2025-04-07 08:18:14,05_2025Apr深圳
DJI_20250407081748_0148_D.MP4,755e191be20d38048b553c1f67c00777,2025-10-22 21:58:54,2025-04-07 08:18:14,05_2025Apr深圳
DJI_20250407085708_0149_D.LRF,7d254c5a158cc206640fca5d9c741cda,2025-10-22 21:58:54,2025-04-07 08:58:08,05_2025Apr深圳
DJI_20250407085708_0149_D.MP4,e362b69910e9db525badf851e761ebf7,2025-10-22 21:58:54,2025-04-07 08:58:06,05_2025Apr深圳
DJI_20250407085959_0150_D.LRF,84031dd3d0e4904c67ea3602f65cc0ce,2025-10-22 21:58:55,2025-04-07 09:00:18,05_2025Apr深圳
DJI_20250407085959_0150_D.MP4,ececc458f6814a8f991deb4c95c3ac05,2025-10-22 21:58:55,2025-04-07 09:00:18,05_2025Apr深圳
DJI_20250407091144_0151_D.LRF,7dde56252b179c0d5fa6e095847bed68,2025-10-22 21:58:55,2025-04-07 09:12:46,05_2025Apr深圳
DJI_20250407091144_0151_D.MP4,476d408c67ec8225118eb8636d41ef86,2025-10-22 21:58:55,2025-04-07 09:12:44,05_2025Apr深圳
DJI_20250407091702_0152_D.LRF,b474fa71b8c3ef8ea746e20850f84003,2025-10-22 21:58:55,2025-04-07 09:20:46,05_2025Apr深圳
DJI_20250407091702_0152_D.MP4,713bcedaa90e26194ed7398971740e1d,2025-10-22 21:58:56,2025-04-07 09:20:46,05_2025Apr深圳
DJI_20250407092134_0153_D.LRF,cf1dc5db32d8b47db103d5f65c27a4f4,2025-10-22 21:58:57,2025-04-07 09:24:12,05_2025Apr深圳
DJI_20250407092134_0153_D.MP4,d366c49c56eeb7f11602ca3caa0b5afa,2025-10-22 21:58:57,2025-04-07 09:24:12,05_2025Apr深圳
DJI_20250407093435_0154_D.LRF,6e8a94011f444cb9389d26a9c74d87ad,2025-10-22 21:58:58,2025-04-07 09:36:18,05_2025Apr深圳
DJI_20250407093435_0154_D.MP4,65a1ba5801c04111082652ed5477b7e8,2025-10-22 21:58:58,2025-04-07 09:36:18,05_2025Apr深圳
DJI_20250407200231_0155_D.LRF,cb7fbd7a14637fcbc97c76eb34767358,2025-10-22 21:58:58,2025-04-07 20:04:12,05_2025Apr深圳
DJI_20250407200231_0155_D.MP4,0e6638479793c64e6a24f9ec9064b2b6,2025-10-22 21:58:58,2025-04-07 20:04:12,05_2025Apr深圳
DJI_20250408021358_0156_D.LRF,e490031fdeb8032b5693632f745f3086,2025-10-22 21:58:59,2025-04-08 02:15:46,05_2025Apr深圳
DJI_20250408021358_0156_D.MP4,f157768335365fcef6a1afbd0d8a7773,2025-10-22 21:58:59,2025-04-08 02:15:46,05_2025Apr深圳
DJI_20250408025635_0157_D.LRF,b4d24bf81f17315a2cd30c5a70d07932,2025-10-22 21:58:59,2025-04-08 03:01:34,05_2025Apr深圳
DJI_20250408025635_0157_D.MP4,4361a9fc0fb27a5645d184082099942d,2025-10-22 21:59:00,2025-04-08 03:01:34,05_2025Apr深圳
DJI_20250408030148_0158_D.LRF,105d06359440eb723fa57cbd25b2e564,2025-10-22 21:59:02,2025-04-08 03:02:00,05_2025Apr深圳
DJI_20250408030148_0158_D.MP4,e891ed06dc95e6c6b95c89a726d36ca3,2025-10-22 21:59:02,2025-04-08 03:02:00,05_2025Apr深圳
DJI_20250408031840_0159_D.LRF,5d8bc64ac88cd5d21a7cb456264d0f5e,2025-10-22 21:59:02,2025-04-08 03:22:26,05_2025Apr深圳
DJI_20250408031840_0159_D.MP4,909a0411e1d9a70cab655c01ef5ccb11,2025-10-22 21:59:02,2025-04-08 03:22:26,05_2025Apr深圳
DJI_20250408032525_0160_D.LRF,ed05e6c3861ed7932abf8a92318485bc,2025-10-22 21:59:03,2025-04-08 03:28:02,05_2025Apr深圳
DJI_20250408032525_0160_D.MP4,bcdcaefac0ef321d8956beab7008b429,2025-10-22 21:59:03,2025-04-08 03:28:02,05_2025Apr深圳
DJI_20250408033021_0161_D.LRF,e4e6939c7fa08974231b3302f997780e,2025-10-22 21:59:04,2025-04-08 03:31:44,05_2025Apr深圳
DJI_20250408033021_0161_D.MP4,b3f66fddf5c0f997746d2adf1710bb8d,2025-10-22 21:59:04,2025-04-08 03:31:44,05_2025Apr深圳
DJI_20250408033356_0162_D.LRF,a7c1ef585e0a4fff562d9999f95f5753,2025-10-22 21:59:04,2025-04-08 03:34:42,05_2025Apr深圳
DJI_20250408033356_0162_D.MP4,a3bde03f7d1e67dd2da2a79ef344ca64,2025-10-22 21:59:04,2025-04-08 03:34:42,05_2025Apr深圳
DJI_20250408033747_0163_D.LRF,ba40dbbd3283b7463c87c020bc7e8bc8,2025-10-22 21:59:05,2025-04-08 03:38:02,05_2025Apr深圳
DJI_20250408033747_0163_D.MP4,82d41ceb9d3c274d0afd052f9ba59ee4,2025-10-22 21:59:05,2025-04-08 03:38:02,05_2025Apr深圳
DJI_20250408040542_0164_D.LRF,3707ff4ba551334a516fc8602f9ddaee,2025-10-22 21:59:05,2025-04-08 04:06:28,05_2025Apr深圳
DJI_20250408040542_0164_D.MP4,caf1bcba650e43334d3308edf4ff4da3,2025-10-22 21:59:05,2025-04-08 04:06:28,05_2025Apr深圳
DJI_20250408040636_0165_D.LRF,45978e94371e75474258a2e5234dc3ab,2025-10-22 21:59:05,2025-04-08 04:06:50,05_2025Apr深圳
DJI_20250408040636_0165_D.MP4,5b836fafd6e51ab2c3fc936a77454c21,2025-10-22 21:59:05,2025-04-08 04:06:50,05_2025Apr深圳
DJI_20250408044807_0166_D.LRF,d6784955c0837f37f64f8904bda9e26a,2025-10-22 21:59:05,2025-04-08 04:48:28,05_2025Apr深圳
DJI_20250408044807_0166_D.MP4,756484418b085b71886ba509641148bd,2025-10-22 21:59:05,2025-04-08 04:48:26,05_2025Apr深圳
DJI_20250408051930_0167_D.LRF,2b443451ee478363f6759e9efddaa544,2025-10-22 21:59:05,2025-04-08 05:19:52,05_2025Apr深圳
DJI_20250408051930_0167_D.MP4,862a8d00a2e1f282671cf44480bc21f7,2025-10-22 21:59:05,2025-04-08 05:19:52,05_2025Apr深圳
DJI_20250408052005_0168_D.LRF,de715ea7e5c5d382dde73621215af9ec,2025-10-22 21:59:05,2025-04-08 05:22:46,05_2025Apr深圳
DJI_20250408052005_0168_D.MP4,553186c02802f3ee57787a44970d86cd,2025-10-22 21:59:06,2025-04-08 05:22:46,05_2025Apr深圳
DJI_20250408052303_0169_D.LRF,ef48cbff587b87013f2a45b5ac488416,2025-10-22 21:59:06,2025-04-08 05:23:22,05_2025Apr深圳
DJI_20250408052303_0169_D.MP4,8f9ddce425f3612f204eee4a6a1855f6,2025-10-22 21:59:06,2025-04-08 05:23:22,05_2025Apr深圳
DJI_20250408052443_0170_D.LRF,e2df6fc37bcf5b056312d738bf7472e9,2025-10-22 21:59:06,2025-04-08 05:25:24,05_2025Apr深圳
DJI_20250408052443_0170_D.MP4,212fd6c2251b0fdd0dc7f1bb867428df,2025-10-22 21:59:06,2025-04-08 05:25:24,05_2025Apr深圳
DJI_20250408060527_0171_D.LRF,a4fd2c6b4caaee96b6b844dffc4a7654,2025-10-22 21:59:07,2025-04-08 06:07:02,05_2025Apr深圳
DJI_20250408060527_0171_D.MP4,2f325d0a9df0d59b0469c85d49f727f4,2025-10-22 21:59:07,2025-04-08 06:07:02,05_2025Apr深圳
DJI_20250408060738_0172_D.LRF,4e8248069d609682241e9bc45c466da8,2025-10-22 21:59:07,2025-04-08 06:13:16,05_2025Apr深圳
DJI_20250408060738_0172_D.MP4,0c68988f5018dd46814bca6787149bd8,2025-10-22 21:59:08,2025-04-08 06:13:14,05_2025Apr深圳
DJI_20250408061604_0173_D.LRF,f02e31d4d47759ebf2d56f438b4193a5,2025-10-22 21:59:09,2025-04-08 06:17:26,05_2025Apr深圳
DJI_20250408061604_0173_D.MP4,9b668d4c8e00f030707e6444590ba132,2025-10-22 21:59:09,2025-04-08 06:17:26,05_2025Apr深圳
DJI_20250408062304_0174_D.LRF,bb99e62d5953f0025f594f5cd5335507,2025-10-22 21:59:09,2025-04-08 06:23:32,05_2025Apr深圳
DJI_20250408062304_0174_D.MP4,160eefce309d83c742485e63dc687d19,2025-10-22 21:59:10,2025-04-08 06:23:32,05_2025Apr深圳
DJI_20250408062358_0175_D.LRF,70ed57e4ab388be77729f1afc2aa39d5,2025-10-22 21:59:10,2025-04-08 06:24:42,05_2025Apr深圳
DJI_20250408062358_0175_D.MP4,68a8ba4a0113afc4677163e65533660d,2025-10-22 21:59:10,2025-04-08 06:24:42,05_2025Apr深圳
DJI_20250408062448_0176_D.LRF,e25d8be72c77c91f518a8af5a3733efa,2025-10-22 21:59:10,2025-04-08 06:24:56,05_2025Apr深圳
DJI_20250408062448_0176_D.MP4,2ea8093311a1848e7755245f9a1285a4,2025-10-22 21:59:10,2025-04-08 06:24:56,05_2025Apr深圳
DJI_20250408062506_0177_D.LRF,9a9a2562fac8d62a6f975000780214ac,2025-10-22 21:59:10,2025-04-08 06:25:44,05_2025Apr深圳
DJI_20250408062506_0177_D.MP4,15c2cb8a62a5e18bf99ab1485ad1f2dc,2025-10-22 21:59:10,2025-04-08 06:25:44,05_2025Apr深圳
DJI_20250408081144_0178_D.LRF,eaaabffc2cb2b989e3946818a0fdb134,2025-10-22 21:59:10,2025-04-08 08:13:44,05_2025Apr深圳
DJI_20250408081144_0178_D.MP4,5c20025673fd882e53b40644a8027276,2025-10-22 21:59:10,2025-04-08 08:13:44,05_2025Apr深圳
DJI_20250408081724_0179_D.LRF,eb522bd28d7585988b60b166905b40a6,2025-10-22 21:59:11,2025-04-08 08:21:42,05_2025Apr深圳
DJI_20250408081724_0179_D.MP4,d0506fc8d3d82f154c9fd35624d13468,2025-10-22 21:59:11,2025-04-08 08:21:42,05_2025Apr深圳
DJI_20250408082550_0180_D.LRF,4ca5af14ea489dbe2c5d2fd489b2b66b,2025-10-22 21:59:12,2025-04-08 08:27:06,05_2025Apr深圳
DJI_20250408082550_0180_D.MP4,6d124c81db52d1833d684aab833103cc,2025-10-22 21:59:12,2025-04-08 08:27:06,05_2025Apr深圳
DJI_20250408085209_0181_D.LRF,87ec333204aa6e2c0638bed1ddb53d1f,2025-10-22 21:59:13,2025-04-08 08:52:26,05_2025Apr深圳
DJI_20250408085209_0181_D.MP4,c5158c7da57b0d3bc0711f9a10a022a0,2025-10-22 21:59:13,2025-04-08 08:52:26,05_2025Apr深圳
DJI_20250408085339_0182_D.LRF,b4df81efb26967272af607febc60fcfd,2025-10-22 21:59:13,2025-04-08 08:54:02,05_2025Apr深圳
DJI_20250408085339_0182_D.MP4,47f3ab843ea3ba2f4efdc4f003d82f5c,2025-10-22 21:59:13,2025-04-08 08:54:02,05_2025Apr深圳
DJI_20250408085428_0183_D.LRF,40539294c46fccfeece216c22827a780,2025-10-22 21:59:13,2025-04-08 08:56:48,05_2025Apr深圳
DJI_20250408085428_0183_D.MP4,1e6fc0faa477f3e71246ca9f2850c9cd,2025-10-22 21:59:13,2025-04-08 08:56:46,05_2025Apr深圳
DJI_20250408085831_0184_D.LRF,cb655b6226a0d7c28f4552544e4d9a1a,2025-10-22 21:59:14,2025-04-08 08:59:10,05_2025Apr深圳
DJI_20250408085831_0184_D.MP4,894956391c800b05ac0fe1bbeb9c5c08,2025-10-22 21:59:14,2025-04-08 08:59:10,05_2025Apr深圳
DJI_20250408090049_0185_D.LRF,aa4857ac9f902dbd046afc8dc7efeb9f,2025-10-22 21:59:14,2025-04-08 09:01:12,05_2025Apr深圳
DJI_20250408090049_0185_D.MP4,e849b5ade96b7c91ca500845603836a1,2025-10-22 21:59:14,2025-04-08 09:01:12,05_2025Apr深圳
DJI_20250408090322_0186_D.LRF,6db077e7046fbf3b997c29ed138764cf,2025-10-22 21:59:14,2025-04-08 09:04:18,05_2025Apr深圳
DJI_20250408090322_0186_D.MP4,e4751c99429bc2af704d201ab6d3d61e,2025-10-22 21:59:14,2025-04-08 09:04:18,05_2025Apr深圳
DJI_20250408091720_0187_D.LRF,6868bc415334cba8b7c27c94964fb90a,2025-10-22 21:59:14,2025-04-08 09:17:38,05_2025Apr深圳
DJI_20250408091720_0187_D.MP4,412c03689e6d3c8d0e828c4bb869df39,2025-10-22 21:59:14,2025-04-08 09:17:38,05_2025Apr深圳
DJI_20250408091910_0188_D.LRF,71e6697f2c13bb6b3288f11eeeb43bdd,2025-10-22 21:59:14,2025-04-08 09:20:22,05_2025Apr深圳
DJI_20250408091910_0188_D.MP4,55ef3f585c95321438a77a56426a0624,2025-10-22 21:59:15,2025-04-08 09:20:22,05_2025Apr深圳
DJI_20250408100458_0189_D.LRF,ff413804101ef21f39291799b2bebc73,2025-10-22 21:59:15,2025-04-08 10:05:16,05_2025Apr深圳
DJI_20250408100458_0189_D.MP4,f9af7a7b19f6f0fd96ba3e029e41252c,2025-10-22 21:59:15,2025-04-08 10:05:16,05_2025Apr深圳
DJI_20250408101321_0190_D.LRF,9be81b07bbaaba892d7de807f20931e0,2025-10-22 21:59:15,2025-04-08 10:13:40,05_2025Apr深圳
DJI_20250408101321_0190_D.MP4,6b7f5f0a6df33fc7a4fb332c9bbfb2ff,2025-10-22 21:59:15,2025-04-08 10:13:40,05_2025Apr深圳
DJI_20250408211345_0191_D.LRF,f8ebde03799edea1ebe8456ce746e211,2025-10-22 21:59:15,2025-04-08 21:14:20,05_2025Apr深圳
DJI_20250408211345_0191_D.MP4,958118d04d9b5d5a171c854434de0c6e,2025-10-22 21:59:15,2025-04-08 21:14:20,05_2025Apr深圳
DJI_20250408221203_0192_D.LRF,bc1a75036429fd4c0b9166755cf6d3a2,2025-10-22 21:59:15,2025-04-08 22:12:28,05_2025Apr深圳
DJI_20250408221203_0192_D.MP4,72dfd82db2cf92e4dee34c21fe080b27,2025-10-22 21:59:15,2025-04-08 22:12:28,05_2025Apr深圳
DJI_20250408225448_0193_D.LRF,583f4fcd38feb0641e9047f60272ebfc,2025-10-22 21:59:15,2025-04-08 22:55:10,05_2025Apr深圳
DJI_20250408225448_0193_D.MP4,d34a807a9d6428ff0f831fd52cf997ac,2025-10-22 21:59:15,2025-04-08 22:55:10,05_2025Apr深圳
DJI_20250408225657_0194_D.LRF,019fb144990c4deb82f5545e6d5e7cc1,2025-10-22 21:59:16,2025-04-08 22:57:28,05_2025Apr深圳
DJI_20250408225657_0194_D.MP4,84dbe13cb2a65235b5790f0e64112de3,2025-10-22 21:59:16,2025-04-08 22:57:28,05_2025Apr深圳
DJI_20250409020109_0195_D.LRF,e87e1dcd3cc65051e43df5be7f8a2dd3,2025-10-22 21:59:16,2025-04-09 02:10:10,05_2025Apr深圳
DJI_20250409020109_0195_D.MP4,1344c5b64dcc5cad6d6dc0517a6d8f52,2025-10-22 21:59:17,2025-04-09 02:10:08,05_2025Apr深圳
DJI_20250409021333_0196_D.LRF,8ddca96d5c43b4eee28c755dcd20f304,2025-10-22 21:59:19,2025-04-09 02:17:20,05_2025Apr深圳
DJI_20250409021333_0196_D.MP4,42b30d938b81ce035f573b7c53878ce6,2025-10-22 21:59:19,2025-04-09 02:17:18,05_2025Apr深圳
DJI_20250409022220_0197_D.LRF,def4ea70bdbcc02201611a23ddb005e3,2025-10-22 21:59:20,2025-04-09 02:27:30,05_2025Apr深圳
DJI_20250409022220_0197_D.MP4,ba0e3a34f1c14936064650afdf78d03b,2025-10-22 21:59:21,2025-04-09 02:27:30,05_2025Apr深圳
DJI_20250409022929_0198_D.LRF,352587fe669cfcfcafd182f13d9e89e0,2025-10-22 21:59:22,2025-04-09 02:29:54,05_2025Apr深圳
DJI_20250409022929_0198_D.MP4,df8d34ede92d9b80f62301d80d930fca,2025-10-22 21:59:22,2025-04-09 02:29:54,05_2025Apr深圳
DJI_20250409023056_0199_D.LRF,6a20fc753251247a64f8e52843cffe1d,2025-10-22 21:59:22,2025-04-09 02:31:14,05_2025Apr深圳
DJI_20250409023056_0199_D.MP4,8aa6d6a1d0296f93787618ab96f86ba5,2025-10-22 21:59:22,2025-04-09 02:31:12,05_2025Apr深圳
DJI_20250409032557_0200_D.LRF,a21aa79f4b97a9d00cdfb1365040aec5,2025-10-22 21:59:22,2025-04-09 03:26:00,05_2025Apr深圳
DJI_20250409032557_0200_D.MP4,e6a459e7fafff8135bb60b72645b0db7,2025-10-22 21:59:22,2025-04-09 03:26:00,05_2025Apr深圳
DJI_20250409032600_0201_D.LRF,e7e35310e271a0018c60d16fda238358,2025-10-22 21:59:22,2025-04-09 03:28:06,05_2025Apr深圳
DJI_20250409032600_0201_D.MP4,64c0985ce93dbfcd3b63030c03ba8991,2025-10-22 21:59:23,2025-04-09 03:28:06,05_2025Apr深圳
DJI_20250409032826_0202_D.LRF,253e275d10d938a2bf6a6ae2061b2eb1,2025-10-22 21:59:23,2025-04-09 03:28:42,05_2025Apr深圳
DJI_20250409032826_0202_D.MP4,e583b336f39ceba41b76df0b41a2222e,2025-10-22 21:59:23,2025-04-09 03:28:40,05_2025Apr深圳
DJI_20250409033620_0203_D.LRF,8cab4aa3d07ff9fb6b9ed701af3be947,2025-10-22 21:59:23,2025-04-09 03:36:32,05_2025Apr深圳
DJI_20250409033620_0203_D.MP4,7465296b59660c7f72b59cd1bcbb9f43,2025-10-22 21:59:24,2025-04-09 03:36:32,05_2025Apr深圳
DJI_20250409034030_0204_D.LRF,6603b37c7414302527cc8067e33d3c23,2025-10-22 21:59:24,2025-04-09 03:42:22,05_2025Apr深圳
DJI_20250409034030_0204_D.MP4,171b3e59f02fe5afe4955b694c6a6e49,2025-10-22 21:59:24,2025-04-09 03:42:22,05_2025Apr深圳
DJI_20250409055421_0205_D.LRF,53794ee8ccfa29584b19d50d11a17adc,2025-10-22 21:59:24,2025-04-09 05:56:14,05_2025Apr深圳
DJI_20250409055421_0205_D.MP4,9ab80ac294894e150be2c2815e904e8d,2025-10-22 21:59:25,2025-04-09 05:56:14,05_2025Apr深圳
DJI_20250409055642_0206_D.LRF,d428b12a82d3847f02eb236bc905b1e9,2025-10-22 21:59:25,2025-04-09 05:58:50,05_2025Apr深圳
DJI_20250409055642_0206_D.MP4,31fe6fe348696e6e9fe8a5df0714a596,2025-10-22 21:59:25,2025-04-09 05:58:50,05_2025Apr深圳
DJI_20250409055851_0207_D.LRF,f6c665cfba17707c897244f56cd499e7,2025-10-22 21:59:26,2025-04-09 05:59:28,05_2025Apr深圳
DJI_20250409055851_0207_D.MP4,c95ff50484485c3251469ba407da42d8,2025-10-22 21:59:26,2025-04-09 05:59:28,05_2025Apr深圳
DJI_20250409060002_0208_D.LRF,a79b1e7e9d8d31460daf42ed929574ea,2025-10-22 21:59:26,2025-04-09 06:00:32,05_2025Apr深圳
DJI_20250409060002_0208_D.MP4,6fc7c2622656cf91cab23af65377c252,2025-10-22 21:59:26,2025-04-09 06:00:30,05_2025Apr深圳
DJI_20250409060248_0209_D.LRF,fced20d3528477cf6ad142feedd4e2eb,2025-10-22 21:59:26,2025-04-09 06:03:26,05_2025Apr深圳
DJI_20250409060248_0209_D.MP4,004e6b16ce94c9fc06601c74e523d7eb,2025-10-22 21:59:26,2025-04-09 06:03:26,05_2025Apr深圳
DJI_20250409060357_0210_D.LRF,232b4d72b441554a31c6da43a63428da,2025-10-22 21:59:27,2025-04-09 06:04:20,05_2025Apr深圳
DJI_20250409060357_0210_D.MP4,4f1cff89ac6642ddf55dee9aa6dc2d48,2025-10-22 21:59:27,2025-04-09 06:04:20,05_2025Apr深圳
DJI_20250409062432_0211_D.LRF,cd96d2c271d876a038422cfddb266633,2025-10-22 21:59:27,2025-04-09 06:24:44,05_2025Apr深圳
DJI_20250409062432_0211_D.MP4,25253dac7e318cf89c1773f6eabb76f9,2025-10-22 21:59:27,2025-04-09 06:24:42,05_2025Apr深圳
DJI_20250409062505_0212_D.LRF,ac6c3318bafad605d7412958003b286f,2025-10-22 21:59:27,2025-04-09 06:26:24,05_2025Apr深圳
DJI_20250409062505_0212_D.MP4,f5f606090cf066af6b04ffdc4b0d5bae,2025-10-22 21:59:27,2025-04-09 06:26:24,05_2025Apr深圳
DJI_20250409062938_0213_D.LRF,5cef9652d67df347e4f852dd2b999c5c,2025-10-22 21:59:27,2025-04-09 06:29:52,05_2025Apr深圳
DJI_20250409062938_0213_D.MP4,34dd482763b009dd3aac852c8847c25a,2025-10-22 21:59:27,2025-04-09 06:29:52,05_2025Apr深圳
DJI_20250409064522_0214_D.LRF,f1ee3207ae768cac81c5ddfe443f959b,2025-10-22 21:59:27,2025-04-09 06:45:38,05_2025Apr深圳
DJI_20250409064522_0214_D.MP4,cc62bbac9d306e04d04fe8483ebfaefa,2025-10-22 21:59:27,2025-04-09 06:45:38,05_2025Apr深圳
DJI_20250409064544_0215_D.LRF,555918d290a532ba153886d373830978,2025-10-22 21:59:27,2025-04-09 06:47:22,05_2025Apr深圳
DJI_20250409064544_0215_D.MP4,e1694526de4337400b2e9d4a9c18f476,2025-10-22 21:59:28,2025-04-09 06:47:22,05_2025Apr深圳
DJI_20250409232643_0216_D.LRF,d9d3ff332a0508dce5d18742fd3abbbc,2025-10-22 21:59:28,2025-04-09 23:27:08,05_2025Apr深圳
DJI_20250409232643_0216_D.MP4,fc3fcb3a48d86fbbb4f1b9c5c71d1334,2025-10-22 21:59:28,2025-04-09 23:27:08,05_2025Apr深圳
DJI_20250409233343_0217_D.LRF,edd88dd1b6c5cc1b53f04af8eeccbe9f,2025-10-22 21:59:28,2025-04-09 23:34:38,05_2025Apr深圳
DJI_20250409233343_0217_D.MP4,4e3a6b85d16345e33862bae493e46afd,2025-10-22 21:59:28,2025-04-09 23:34:38,05_2025Apr深圳
DJI_20250409235414_0218_D.LRF,72c767e273d432cd1cf9cca464908ec6,2025-10-22 21:59:29,2025-04-09 23:54:36,05_2025Apr深圳
DJI_20250409235414_0218_D.MP4,b9c9c9770d4da512207cc56d4d3dd50a,2025-10-22 21:59:29,2025-04-09 23:54:36,05_2025Apr深圳
DJI_20250410000030_0219_D.LRF,3056c419811290732b86a93bd451a264,2025-10-22 21:59:29,2025-04-10 00:00:46,05_2025Apr深圳
DJI_20250410000030_0219_D.MP4,6cbdf1f249406b940a5042997dbeb8aa,2025-10-22 21:59:29,2025-04-10 00:00:44,05_2025Apr深圳
DJI_20250410000313_0220_D.LRF,5dda5991e1bfa30b15f0b3d014c7d130,2025-10-22 21:59:29,2025-04-10 00:05:38,05_2025Apr深圳
DJI_20250410000313_0220_D.MP4,19e0ed4915d6401bcb110971cc536dc4,2025-10-22 21:59:29,2025-04-10 00:05:38,05_2025Apr深圳
DJI_20250410000640_0221_D.LRF,97c10c450fc7e76c71350acd178f8293,2025-10-22 21:59:30,2025-04-10 00:06:58,05_2025Apr深圳
DJI_20250410000640_0221_D.MP4,7ba29f45090ff1392e6c9f075a999889,2025-10-22 21:59:30,2025-04-10 00:06:56,05_2025Apr深圳
DJI_20250410001407_0222_D.LRF,447d4f1ef439446c59f6236dc191dd21,2025-10-22 21:59:30,2025-04-10 00:14:40,05_2025Apr深圳
DJI_20250410001407_0222_D.MP4,52867b885265138816f6c50cd961dbde,2025-10-22 21:59:30,2025-04-10 00:14:40,05_2025Apr深圳
DJI_20250410001600_0223_D.LRF,d35316ecadc988e9b5b67f2978ee46a2,2025-10-22 21:59:30,2025-04-10 00:18:04,05_2025Apr深圳
DJI_20250410001600_0223_D.MP4,192eb78d3f4eb1afdfad057ce97604e1,2025-10-22 21:59:30,2025-04-10 00:18:04,05_2025Apr深圳
DJI_20250410211823_0225_D.LRF,1b1037c3c018a9f225b6139964f309fe,2025-10-22 21:59:32,2025-04-10 21:18:58,10_2025Apr東莞
DJI_20250410211823_0225_D.MP4,b1a32f38cc16163dc284f0937d781c7c,2025-10-22 21:59:32,2025-04-10 21:18:58,10_2025Apr東莞
DJI_20250410212307_0226_D.LRF,fcca6e91ddbbd9d3f9a38a34845be5a1,2025-10-22 21:59:32,2025-04-10 21:23:58,10_2025Apr東莞
DJI_20250410212307_0226_D.MP4,08264f0bad6d864792a7ab0b0dbb6eb2,2025-10-22 21:59:32,2025-04-10 21:23:58,10_2025Apr東莞
DJI_20250410213325_0227_D.LRF,9479ba08c8ebfb788ed1de27346da2b9,2025-10-22 21:59:32,2025-04-10 21:34:00,10_2025Apr東莞
DJI_20250410213325_0227_D.MP4,215d9f70dd557a18eb18c722acc480b4,2025-10-22 21:59:32,2025-04-10 21:33:58,10_2025Apr東莞
DJI_20250410213948_0228_D.LRF,8d0eb86f84acdbaacd41be2e1aa652b9,2025-10-22 21:59:32,2025-04-10 21:39:58,10_2025Apr東莞
DJI_20250410213948_0228_D.MP4,fb6870f12b776e8f8f3f259fd9ad7011,2025-10-22 21:59:32,2025-04-10 21:39:58,10_2025Apr東莞
DJI_20250410223457_0229_D.LRF,f2e8abfd0855d81a65f4b409fac73376,2025-10-22 21:59:32,2025-04-10 22:36:56,10_2025Apr東莞
DJI_20250410223457_0229_D.MP4,3a482558bdeebe5299043b2686d5b6be,2025-10-22 21:59:32,2025-04-10 22:36:54,10_2025Apr東莞
DJI_20250410223901_0230_D.LRF,aafc35233a2b1ff518ffc915a08a6985,2025-10-22 21:59:33,2025-04-10 22:39:30,10_2025Apr東莞
DJI_20250410223901_0230_D.MP4,0430d62b723927432f9f00ce7592c45d,2025-10-22 21:59:33,2025-04-10 22:39:30,10_2025Apr東莞
DJI_20250410224000_0231_D.LRF,23a8401c3a79799d5cab22d841267b9a,2025-10-22 21:59:33,2025-04-10 22:59:24,10_2025Apr東莞
DJI_20250410224000_0231_D.MP4,1fdc97fa8c95263cc5bf7af196a5f677,2025-10-22 21:59:35,2025-04-10 22:59:22,10_2025Apr東莞
DJI_20250410225948_0232_D.LRF,ef4eb1f70e4850ea562fc4f76b2e789c,2025-10-22 21:59:40,2025-04-10 23:00:16,10_2025Apr東莞
DJI_20250410225948_0232_D.MP4,f8fe6d9bdf1ed7f945cf6444c896a844,2025-10-22 21:59:40,2025-04-10 23:00:16,10_2025Apr東莞
DJI_20250410230432_0233_D.LRF,48a8ce927926ed618a89df8ac9004f65,2025-10-22 21:59:40,2025-04-10 23:07:16,10_2025Apr東莞
DJI_20250410230432_0233_D.MP4,60273a56fdf9aa2a6a6686d0a61ac5ec,2025-10-22 21:59:40,2025-04-10 23:07:16,10_2025Apr東莞
DJI_20250410230807_0234_D.LRF,ea01c8bd7ea132e7aa2181e434b17b7a,2025-10-22 21:59:41,2025-04-10 23:10:24,10_2025Apr東莞
DJI_20250410230807_0234_D.MP4,c95eb8e132bdfcd8e4c12c61b4f2c41f,2025-10-22 21:59:41,2025-04-10 23:10:24,10_2025Apr東莞
DJI_20250410231231_0235_D.LRF,4ac0f88c512a8e542d59fe2abd0ca185,2025-10-22 21:59:42,2025-04-10 23:15:42,10_2025Apr東莞
DJI_20250410231231_0235_D.MP4,ab215212bf1bfa22fcae02f24d1735ec,2025-10-22 21:59:42,2025-04-10 23:15:42,10_2025Apr東莞
DJI_20250410231558_0236_D.LRF,cc8f178a242915e3716090daae0450a4,2025-10-22 21:59:43,2025-04-10 23:18:02,10_2025Apr東莞
DJI_20250410231558_0236_D.MP4,998b8fc43eb9236ebfd9e27bd0c61eb3,2025-10-22 21:59:43,2025-04-10 23:18:02,10_2025Apr東莞
DJI_20250410232100_0237_D.LRF,5b5fbba8f435a835061d93eaa109205f,2025-10-22 21:59:44,2025-04-10 23:21:38,10_2025Apr東莞
DJI_20250410232100_0237_D.MP4,7e3c0241ac3dcff3ed1227124aa5c048,2025-10-22 21:59:44,2025-04-10 23:21:38,10_2025Apr東莞
DJI_20250410233407_0238_D.LRF,90bce307d5b630705bc64c854514e61c,2025-10-22 21:59:44,2025-04-10 23:34:50,10_2025Apr東莞
DJI_20250410233407_0238_D.MP4,41881e11af62d31eb7c0f966d65f46f6,2025-10-22 21:59:44,2025-04-10 23:34:50,10_2025Apr東莞
DJI_20250410233639_0239_D.LRF,8020975ba715ea4142a7f3db59b9f1b4,2025-10-22 21:59:45,2025-04-10 23:40:00,10_2025Apr東莞
DJI_20250410233639_0239_D.MP4,2be384eb629392d57c745026e7cdc0c8,2025-10-22 21:59:45,2025-04-10 23:40:00,10_2025Apr東莞
DJI_20250411001301_0240_D.LRF,7d1947a7c74a530a06b6e9d08a89a7b0,2025-10-22 21:59:46,2025-04-11 00:15:18,10_2025Apr東莞
DJI_20250411001301_0240_D.MP4,3bcf87161216b4735334c954b3d4da1b,2025-10-22 21:59:46,2025-04-11 00:15:18,10_2025Apr東莞
DJI_20250411001607_0241_D.LRF,62f306b61fa50c4681e5020b239d8e5e,2025-10-22 21:59:47,2025-04-11 00:16:54,10_2025Apr東莞
DJI_20250411001607_0241_D.MP4,096ca555676eead23f9a43ba15abb731,2025-10-22 21:59:47,2025-04-11 00:16:54,10_2025Apr東莞
DJI_20250411001733_0242_D.LRF,42bdd0bed26a02d58963f296e2e5bde8,2025-10-22 21:59:47,2025-04-11 00:17:54,10_2025Apr東莞
DJI_20250411001733_0242_D.MP4,bd382049ee2d99bb0574de549dd6b316,2025-10-22 21:59:47,2025-04-11 00:17:54,10_2025Apr東莞
DJI_20250411001815_0243_D.LRF,f0f25b038ba6945e0cc1e5ce6183c0de,2025-10-22 21:59:47,2025-04-11 00:19:02,10_2025Apr東莞
DJI_20250411001815_0243_D.MP4,aae17647a268c4da77461e443be9ac46,2025-10-22 21:59:47,2025-04-11 00:19:02,10_2025Apr東莞
DJI_20250411002117_0244_D.LRF,5c844758e2d7685766503cf476cca436,2025-10-22 21:59:48,2025-04-11 00:21:46,10_2025Apr東莞
DJI_20250411002117_0244_D.MP4,59772fa3ac364333f73e00a621a22070,2025-10-22 21:59:48,2025-04-11 00:21:44,10_2025Apr東莞
DJI_20250411002316_0245_D.LRF,ce28b6c71fd6b1349debd2908d524589,2025-10-22 21:59:48,2025-04-11 00:23:36,10_2025Apr東莞
DJI_20250411002316_0245_D.MP4,26cc869c853e69be1b88dde794361817,2025-10-22 21:59:48,2025-04-11 00:23:36,10_2025Apr東莞
DJI_20250411003711_0246_D.LRF,967e42a0e43e2c453278633951f0f24b,2025-10-22 21:59:48,2025-04-11 00:38:00,10_2025Apr東莞
DJI_20250411003711_0246_D.MP4,e9a4331ffe1dab05fbdc71deb4f19d33,2025-10-22 21:59:48,2025-04-11 00:37:58,10_2025Apr東莞
DJI_20250411004327_0247_D.LRF,2580b259d4f387b6d47c1872621ccaa2,2025-10-22 21:59:48,2025-04-11 00:44:42,10_2025Apr東莞
DJI_20250411004327_0247_D.MP4,c7b14529f8dcfbe3f31ad98574806497,2025-10-22 21:59:48,2025-04-11 00:44:42,10_2025Apr東莞
DJI_20250411004640_0248_D.LRF,bfd1e2d44d059291159a54916c43b703,2025-10-22 21:59:49,2025-04-11 00:47:32,10_2025Apr東莞
DJI_20250411004640_0248_D.MP4,0d731be45ca4dfcadae03564b081f76c,2025-10-22 21:59:49,2025-04-11 00:47:32,10_2025Apr東莞
DJI_20250411004859_0249_D.LRF,78c508c12c2213e8e1a36993e8098f48,2025-10-22 21:59:49,2025-04-11 00:50:12,10_2025Apr東莞
DJI_20250411004859_0249_D.MP4,0b48fcdb095361652989c55b2ab7a8be,2025-10-22 21:59:49,2025-04-11 00:50:12,10_2025Apr東莞
DJI_20250411005037_0250_D.LRF,7436f3993e9c00a881ff437f53b8b7c1,2025-10-22 21:59:49,2025-04-11 00:51:00,10_2025Apr東莞
DJI_20250411005037_0250_D.MP4,30c8526f1d9926d2622fe5adc26de60a,2025-10-22 21:59:49,2025-04-11 00:51:00,10_2025Apr東莞
DJI_20250411012313_0251_D.LRF,e14ba1ac27431c868f505addc55fad69,2025-10-22 21:59:49,2025-04-11 01:24:00,10_2025Apr東莞
DJI_20250411012313_0251_D.MP4,8ba9dcf2c7966ce87a5370f74696bc1a,2025-10-22 21:59:49,2025-04-11 01:24:00,10_2025Apr東莞
DJI_20250411012626_0252_D.LRF,182e37f6d91a81b5f8c0ffb9da9da72a,2025-10-22 21:59:50,2025-04-11 01:27:06,10_2025Apr東莞
DJI_20250411012626_0252_D.MP4,857baa4f3379ba261a1accebabbb1241,2025-10-22 21:59:50,2025-04-11 01:27:04,10_2025Apr東莞
DJI_20250411012831_0253_D.LRF,61c23adeeffc06206539b10d91eeedd0,2025-10-22 21:59:50,2025-04-11 01:29:56,10_2025Apr東莞
DJI_20250411012831_0253_D.MP4,e2569b6151836f7b5c82ffe7275619b1,2025-10-22 21:59:50,2025-04-11 01:29:54,10_2025Apr東莞
DJI_20250411013554_0254_D.LRF,9fc5d701bf9f6cc42b8210b8a738d055,2025-10-22 21:59:50,2025-04-11 01:36:12,10_2025Apr東莞
DJI_20250411013554_0254_D.MP4,0259c622e113640a98a69c843dc04cc0,2025-10-22 21:59:50,2025-04-11 01:36:12,10_2025Apr東莞
DJI_20250411025454_0255_D.LRF,580fd802cd90788bdfde1cfe45290b11,2025-10-22 21:59:50,2025-04-11 02:55:10,10_2025Apr東莞
DJI_20250411025454_0255_D.MP4,ad59ad643e67263721ef9ca4cff82b04,2025-10-22 21:59:51,2025-04-11 02:55:08,10_2025Apr東莞
DJI_20250411025618_0256_D.LRF,0ed3de1f10c52a7192e597aac70e8436,2025-10-22 21:59:51,2025-04-11 02:59:04,10_2025Apr東莞
DJI_20250411025618_0256_D.MP4,cd4c0232f85816d61fbe6a439d2a6469,2025-10-22 21:59:51,2025-04-11 02:59:04,10_2025Apr東莞
DJI_20250411032700_0257_D.LRF,0ed85265d06da127d88a44bbf49edf99,2025-10-22 21:59:52,2025-04-11 03:27:48,10_2025Apr東莞
DJI_20250411032700_0257_D.MP4,b1a70930d65485f537a1507bc29c9ef4,2025-10-22 21:59:52,2025-04-11 03:27:48,10_2025Apr東莞
DJI_20250411033010_0258_D.LRF,f2384457162b0148006c0ba8fbc00f7c,2025-10-22 21:59:52,2025-04-11 03:32:28,10_2025Apr東莞
DJI_20250411033010_0258_D.MP4,e17e201afd39800bf23a8226813b1af7,2025-10-22 21:59:52,2025-04-11 03:32:26,10_2025Apr東莞
DJI_20250411033620_0259_D.LRF,be492d5a0c36d984e12db7a6aeaebfda,2025-10-22 21:59:53,2025-04-11 03:38:08,10_2025Apr東莞
DJI_20250411033620_0259_D.MP4,0791d603e55c910adcb4337e19e4d547,2025-10-22 21:59:53,2025-04-11 03:38:08,10_2025Apr東莞
DJI_20250411040355_0260_D.LRF,31730d793b14703465aaf4ebcafe1141,2025-10-22 21:59:54,2025-04-11 04:04:14,10_2025Apr東莞
DJI_20250411040355_0260_D.MP4,93347a8e8197371a31b063dea8f488e5,2025-10-22 21:59:54,2025-04-11 04:04:12,10_2025Apr東莞
DJI_20250411063848_0261_D.LRF,2092b5d603b3e298f3c9cbae8e861f5b,2025-10-22 21:59:54,2025-04-11 06:39:12,10_2025Apr東莞
DJI_20250411063848_0261_D.MP4,531c7e514c19af3933cfaac5e68d4cf4,2025-10-22 21:59:54,2025-04-11 06:39:12,10_2025Apr東莞
DJI_20250411073235_0262_D.LRF,29d46a9546add3e877e53e5a059b2fd7,2025-10-22 21:59:54,2025-04-11 07:33:54,10_2025Apr東莞
DJI_20250411073235_0262_D.MP4,5262859514b153592c61c3d17e1d79f0,2025-10-22 21:59:54,2025-04-11 07:33:54,10_2025Apr東莞
DJI_20250411073433_0263_D.LRF,f10e16a03cbe780406fdd37fd1548e17,2025-10-22 21:59:54,2025-04-11 07:36:52,10_2025Apr東莞
DJI_20250411073433_0263_D.MP4,f1e3120e0f94770a4f5580a2dcca197a,2025-10-22 21:59:54,2025-04-11 07:36:52,10_2025Apr東莞
DJI_20250411073746_0264_D.LRF,6ced411476c6b717ba0f66b97dc68566,2025-10-22 21:59:55,2025-04-11 07:38:22,10_2025Apr東莞
DJI_20250411073746_0264_D.MP4,5d329d88a24f3f4922b5b67b4096bc2f,2025-10-22 21:59:55,2025-04-11 07:38:20,10_2025Apr東莞
DJI_20250411073836_0265_D.LRF,dcdd7533aa5850c3fe3976b9025ffda6,2025-10-22 21:59:56,2025-04-11 07:39:22,10_2025Apr東莞
DJI_20250411073836_0265_D.MP4,1df7dafc8cdbf50df66794e6432950e6,2025-10-22 21:59:56,2025-04-11 07:39:22,10_2025Apr東莞
DJI_20250411073939_0266_D.LRF,1d0b325c604f71c8f65b80721ba45d10,2025-10-22 21:59:56,2025-04-11 07:40:28,10_2025Apr東莞
DJI_20250411073939_0266_D.MP4,da80fe44d7e4aa47fdb05aa610357471,2025-10-22 21:59:56,2025-04-11 07:40:28,10_2025Apr東莞
DJI_20250411074032_0267_D.LRF,6be85b80795403558600c3cd77b08858,2025-10-22 21:59:56,2025-04-11 07:41:04,10_2025Apr東莞
DJI_20250411074032_0267_D.MP4,60b65acfc85df014d2676f39294a8777,2025-10-22 21:59:56,2025-04-11 07:41:04,10_2025Apr東莞
DJI_20250411074259_0268_D.LRF,61922613b7db88849f9c7f2831d21e41,2025-10-22 21:59:56,2025-04-11 07:43:32,10_2025Apr東莞
DJI_20250411074259_0268_D.MP4,d8ecd3952b703a6fdc778cf2cbdb00f2,2025-10-22 21:59:56,2025-04-11 07:43:32,10_2025Apr東莞
DJI_20250411074347_0269_D.LRF,cdf31f7447375975039affc669ed166b,2025-10-22 21:59:57,2025-04-11 07:44:04,10_2025Apr東莞
DJI_20250411074347_0269_D.MP4,f22387ab029605afea49115e05de4b71,2025-10-22 21:59:57,2025-04-11 07:44:04,10_2025Apr東莞
DJI_20250411075241_0270_D.LRF,acf6ce2291d9283527c1818b946b5d23,2025-10-22 21:59:57,2025-04-11 07:53:16,10_2025Apr東莞
DJI_20250411075241_0270_D.MP4,c182823c502c9e219d3e680355d7e6ac,2025-10-22 21:59:57,2025-04-11 07:53:16,10_2025Apr東莞
DJI_20250411075846_0271_D.LRF,6b1f5043bc6da356e2d06f505e61adab,2025-10-22 21:59:57,2025-04-11 08:03:26,10_2025Apr東莞
DJI_20250411075846_0271_D.MP4,aeae6c90bbd083b027061b918b2d9d0d,2025-10-22 21:59:57,2025-04-11 08:03:26,10_2025Apr東莞
DJI_20250411080850_0272_D.LRF,04ae5ce15751625932303b801e2e6c6c,2025-10-22 21:59:59,2025-04-11 08:09:36,10_2025Apr東莞
DJI_20250411080850_0272_D.MP4,a4dc4d05b7553bb5073dba1527a955c2,2025-10-22 21:59:59,2025-04-11 08:09:36,10_2025Apr東莞
DJI_20250411081025_0273_D.LRF,fa2b69f37595e68649e76e9e8b5e6c42,2025-10-22 21:59:59,2025-04-11 08:11:10,10_2025Apr東莞
DJI_20250411081025_0273_D.MP4,738e9bcc9c203cf5685529d209317908,2025-10-22 21:59:59,2025-04-11 08:11:10,10_2025Apr東莞
DJI_20250411081147_0274_D.LRF,450f653fa7dad18ed21f6f9a0fb7721b,2025-10-22 21:59:59,2025-04-11 08:12:04,10_2025Apr東莞
DJI_20250411081147_0274_D.MP4,40f64c147b1ae24a6e7e094998791749,2025-10-22 22:00:00,2025-04-11 08:12:04,10_2025Apr東莞
DJI_20250411081206_0275_D.LRF,8e06d8258c241db293017d0d06a7daa2,2025-10-22 22:00:00,2025-04-11 08:12:46,10_2025Apr東莞
DJI_20250411081206_0275_D.MP4,7daf41925debdcd8edbbf1971b99a590,2025-10-22 22:00:00,2025-04-11 08:12:46,10_2025Apr東莞
DJI_20250411082515_0276_D.LRF,8abaa1b71ebc591b0375c08625bd3ec6,2025-10-22 22:00:00,2025-04-11 08:25:50,10_2025Apr東莞
DJI_20250411082515_0276_D.MP4,dbaf17b2c7af46b1fefb5fd0a19df3dc,2025-10-22 22:00:00,2025-04-11 08:25:50,10_2025Apr東莞
DJI_20250411192141_0277_D.LRF,a66c18b8279618a04f17bb81c5d05b7b,2025-10-22 22:00:00,2025-04-11 19:22:08,10_2025Apr東莞
DJI_20250411192141_0277_D.MP4,754196400c16c260572c3b9d65de7f29,2025-10-22 22:00:00,2025-04-11 19:22:06,10_2025Apr東莞
DJI_20250411192223_0278_D.LRF,11ba8e6102c1e59627a527274b59cc1a,2025-10-22 22:00:00,2025-04-11 19:23:26,10_2025Apr東莞
DJI_20250411192223_0278_D.MP4,eb099e6083ecf42344c380abe5e0407d,2025-10-22 22:00:00,2025-04-11 19:23:26,10_2025Apr東莞
DJI_20250411213325_0279_D.LRF,afacb5edea30fdd411b35bbb1ed3273f,2025-10-22 22:00:01,2025-04-11 21:33:52,10_2025Apr東莞
DJI_20250411213325_0279_D.MP4,32d66913013368d04783ecdf340f6faf,2025-10-22 22:00:01,2025-04-11 21:33:52,10_2025Apr東莞
DJI_20250411214732_0280_D.LRF,72f27fa371bb4da9b42c246a27e79d69,2025-10-22 22:00:01,2025-04-11 21:48:14,10_2025Apr東莞
DJI_20250411214732_0280_D.MP4,59ef3decb2800a26de6b5559b7f6d3db,2025-10-22 22:00:01,2025-04-11 21:48:14,10_2025Apr東莞
DJI_20250411214903_0281_D.LRF,eba017804846c833316e726310c0467a,2025-10-22 22:00:01,2025-04-11 21:50:08,10_2025Apr東莞
DJI_20250411214903_0281_D.MP4,e1bd80ad5276c790109197ed6271b3cf,2025-10-22 22:00:01,2025-04-11 21:50:08,10_2025Apr東莞
DJI_20250411215119_0282_D.LRF,00c38261840a90100b39ded8da67964a,2025-10-22 22:00:01,2025-04-11 21:59:10,10_2025Apr東莞
DJI_20250411215119_0282_D.MP4,ae502493a9aa6e9262e5c3d9b14e2dcb,2025-10-22 22:00:02,2025-04-11 21:59:10,10_2025Apr東莞
DJI_20250411221432_0283_D.LRF,1aab62e0a3be1941a5f44100d56f0123,2025-10-22 22:00:05,2025-04-11 22:16:30,10_2025Apr東莞
DJI_20250411221432_0283_D.MP4,d5029f8508e3e9ffa46edb623502cdf5,2025-10-22 22:00:05,2025-04-11 22:16:30,10_2025Apr東莞
DJI_20250411221637_0284_D.LRF,68eb73fb0078523ae8fae71ec8f9a0e2,2025-10-22 22:00:06,2025-04-11 22:17:02,10_2025Apr東莞
DJI_20250411221637_0284_D.MP4,83282025463ea2316744f35ea90a4124,2025-10-22 22:00:06,2025-04-11 22:17:02,10_2025Apr東莞
DJI_20250411221714_0285_D.LRF,88030428c540528801289dce35aa71bc,2025-10-22 22:00:06,2025-04-11 22:17:30,10_2025Apr東莞
DJI_20250411221714_0285_D.MP4,b42ff57a320fde080e0a17b2f4a6ffd3,2025-10-22 22:00:06,2025-04-11 22:17:30,10_2025Apr東莞
DJI_20250411221811_0286_D.LRF,5b81e1c3e811c4ee5b4b75548837c9b7,2025-10-22 22:00:06,2025-04-11 22:19:04,10_2025Apr東莞
DJI_20250411221811_0286_D.MP4,f88cf066ecfce65edc0569799965426b,2025-10-22 22:00:06,2025-04-11 22:19:04,10_2025Apr東莞
DJI_20250411222957_0287_D.LRF,f25cb184066ff37011c96ed6814206b0,2025-10-22 22:00:06,2025-04-11 22:30:46,10_2025Apr東莞
DJI_20250411222957_0287_D.MP4,bbae76181cd0356cac07cceef2c5dcd5,2025-10-22 22:00:06,2025-04-11 22:30:46,10_2025Apr東莞
DJI_20250411223156_0288_D.LRF,88964ba4f3d0bcf0ef5f7b607c7ffc5f,2025-10-22 22:00:07,2025-04-11 22:34:16,10_2025Apr東莞
DJI_20250411223156_0288_D.MP4,90b439af5c2346ed1b4d21d02bf56462,2025-10-22 22:00:07,2025-04-11 22:34:16,10_2025Apr東莞
DJI_20250411223423_0289_D.LRF,2b6407b1c1921a4a216881137df4626c,2025-10-22 22:00:08,2025-04-11 22:40:22,10_2025Apr東莞
DJI_20250411223423_0289_D.MP4,a4707c15bc314cd12501ea369a5558c9,2025-10-22 22:00:08,2025-04-11 22:40:22,10_2025Apr東莞
DJI_20250411224038_0290_D.LRF,cb77ca87bc36b4be961ffe195cd04fb6,2025-10-22 22:00:10,2025-04-11 22:42:12,10_2025Apr東莞
DJI_20250411224038_0290_D.MP4,063c74b46b9ee1d385e4dad41a42212c,2025-10-22 22:00:10,2025-04-11 22:42:12,10_2025Apr東莞
DJI_20250411224221_0291_D.LRF,15cb6e0953a2ff67160e7af153365b96,2025-10-22 22:00:11,2025-04-11 22:43:52,10_2025Apr東莞
DJI_20250411224221_0291_D.MP4,24f79de09d873eef0a2a77e949fb1848,2025-10-22 22:00:11,2025-04-11 22:43:52,10_2025Apr東莞
DJI_20250411224838_0292_D.LRF,2922b27b867ed32454d96fa732eb6e6d,2025-10-22 22:00:12,2025-04-11 22:49:10,10_2025Apr東莞
DJI_20250411224838_0292_D.MP4,e6f396de2bc88358be2fc1a2174fade7,2025-10-22 22:00:12,2025-04-11 22:49:10,10_2025Apr東莞
DJI_20250411225201_0293_D.LRF,0bb5c70f72b5370103fedf86dc280dcc,2025-10-22 22:00:12,2025-04-11 22:52:38,10_2025Apr東莞
DJI_20250411225201_0293_D.MP4,b403cc2dddab2ac9b1008d76180bde29,2025-10-22 22:00:12,2025-04-11 22:52:38,10_2025Apr東莞
DJI_20250411225522_0294_D.LRF,4f78cfa257fa526623c38c15f555b902,2025-10-22 22:00:12,2025-04-11 22:58:34,10_2025Apr東莞
DJI_20250411225522_0294_D.MP4,532cfbfe84e0d1b81add1d99a0a3e56e,2025-10-22 22:00:12,2025-04-11 22:58:34,10_2025Apr東莞
DJI_20250412022724_0295_D.LRF,1ff2283b6864ee458b08ffa120503554,2025-10-22 22:00:13,2025-04-12 02:27:28,10_2025Apr東莞
DJI_20250412022724_0295_D.MP4,f0f61b3eda8bb1d784ec0e7b883a07e1,2025-10-22 22:00:13,2025-04-12 02:27:28,10_2025Apr東莞
DJI_20250412022727_0296_D.LRF,32a76fa5af92e6c4123bc751ad8af085,2025-10-22 22:00:13,2025-04-12 02:29:12,10_2025Apr東莞
DJI_20250412022727_0296_D.MP4,a882d1de20e223971cb52f0abf73ed3d,2025-10-22 22:00:14,2025-04-12 02:29:12,10_2025Apr東莞
DJI_20250412023027_0297_D.LRF,c88082eb4f0333f510bfcaf04f7527fa,2025-10-22 22:00:14,2025-04-12 02:33:14,10_2025Apr東莞
DJI_20250412023027_0297_D.MP4,026f38651d3d23cf14139d9e5192db97,2025-10-22 22:00:14,2025-04-12 02:33:14,10_2025Apr東莞
DJI_20250412024010_0298_D.LRF,7cb7a0131659ccf888dc9693412e4564,2025-10-22 22:00:15,2025-04-12 02:44:52,10_2025Apr東莞
DJI_20250412024010_0298_D.MP4,fec4817814af0f63566771c427822959,2025-10-22 22:00:15,2025-04-12 02:44:52,10_2025Apr東莞
DJI_20250412025517_0299_D.LRF,1fac8412d875fc5ac6851e1a5720ed2c,2025-10-22 22:00:17,2025-04-12 02:57:40,10_2025Apr東莞
DJI_20250412025517_0299_D.MP4,5ab41d0cd453723dcf57246747160c14,2025-10-22 22:00:17,2025-04-12 02:57:40,10_2025Apr東莞
DJI_20250412025744_0300_D.LRF,eeced6d8d6ab31495a6227110e3f199a,2025-10-22 22:00:17,2025-04-12 02:58:04,10_2025Apr東莞
DJI_20250412025744_0300_D.MP4,74e96b65fb88af066988ebed0995f4ce,2025-10-22 22:00:17,2025-04-12 02:58:04,10_2025Apr東莞
DJI_20250412044322_0301_D.LRF,876d49f11671a64ef15d063d87d9f5a1,2025-10-22 22:00:18,2025-04-12 04:43:38,10_2025Apr東莞
DJI_20250412044322_0301_D.MP4,a063ce7660a5cc5b527260e7c5afee25,2025-10-22 22:00:18,2025-04-12 04:43:38,10_2025Apr東莞
DJI_20250412044353_0302_D.LRF,13f0a526fba1cb5c51c4cca46ef1cd46,2025-10-22 22:00:18,2025-04-12 04:44:16,10_2025Apr東莞
DJI_20250412044353_0302_D.MP4,03a9d3160438af3d48ca9a8509e00e8b,2025-10-22 22:00:18,2025-04-12 04:44:16,10_2025Apr東莞
DJI_20250412044518_0303_D.LRF,527b11681e412f83632bb069dd9b1db9,2025-10-22 22:00:18,2025-04-12 04:45:34,10_2025Apr東莞
DJI_20250412044518_0303_D.MP4,f60f59de762c403ccd2fd9ddc735be0b,2025-10-22 22:00:18,2025-04-12 04:45:34,10_2025Apr東莞
DJI_20250412061901_0304_D.LRF,211bb34efff8b1c737fedd3b4fed7932,2025-10-22 22:00:18,2025-04-12 06:20:42,10_2025Apr東莞
DJI_20250412061901_0304_D.MP4,1b4f4534a6c73f8fd4d6fffb447f4472,2025-10-22 22:00:18,2025-04-12 06:20:42,10_2025Apr東莞
DJI_20250412062123_0305_D.LRF,e00786b8ca7ec7a186abc20a487f4712,2025-10-22 22:00:18,2025-04-12 06:21:46,10_2025Apr東莞
DJI_20250412062123_0305_D.MP4,72a4d76c56d9797b8d39f73131ea7bd2,2025-10-22 22:00:18,2025-04-12 06:21:44,10_2025Apr東莞
DJI_20250412062612_0306_D.LRF,87940bd5c3ef2ef822c483623c8d8610,2025-10-22 22:00:19,2025-04-12 06:27:40,10_2025Apr東莞
DJI_20250412062612_0306_D.MP4,404a7fde358d75cc4305bd0a507d6ef1,2025-10-22 22:00:19,2025-04-12 06:27:40,10_2025Apr東莞
DJI_20250412064510_0307_D.LRF,aad76f7378a03f6d5e574a63905e64b1,2025-10-22 22:00:19,2025-04-12 06:49:44,10_2025Apr東莞
DJI_20250412064510_0307_D.MP4,8b8ed0177e2b77b74e3964ada6867408,2025-10-22 22:00:19,2025-04-12 06:49:44,10_2025Apr東莞
DJI_20250412081021_0308_D.LRF,cdd5ab3efa0693978e81f34696e4b7ad,2025-10-22 22:00:20,2025-04-12 08:10:50,10_2025Apr東莞
DJI_20250412081021_0308_D.MP4,744c93376180276e46b1a231ce28e0fe,2025-10-22 22:00:20,2025-04-12 08:10:48,10_2025Apr東莞
DJI_20250412083908_0309_D.LRF,39442bbba4459d0ff301ddbbcd6084a1,2025-10-22 22:00:21,2025-04-12 08:50:52,10_2025Apr東莞
DJI_20250412083908_0309_D.MP4,7477dd23aa266d1024d4bf127f6fc450,2025-10-22 22:00:21,2025-04-12 08:50:50,10_2025Apr東莞
DJI_20250413031530_0310_D.LRF,3ed407349790014df3cad402088d7af5,2025-10-22 22:00:26,2025-04-13 03:16:00,15_2025Apr廣州
DJI_20250413031530_0310_D.MP4,d7d95baaeb4158eee8d3a015fa267ad4,2025-10-22 22:00:26,2025-04-13 03:16:00,15_2025Apr廣州
DJI_20250413034839_0311_D.LRF,3d2948ec9c0a1cc132b854a77d0179b3,2025-10-22 22:00:26,2025-04-13 03:49:04,15_2025Apr廣州
DJI_20250413034839_0311_D.MP4,97e7454493f6cca0e347b9df3002078f,2025-10-22 22:00:26,2025-04-13 03:49:04,15_2025Apr廣州
DJI_20250413035532_0312_D.LRF,4207f46854e44bbdaf2fdd03ff61c3f8,2025-10-22 22:00:26,2025-04-13 03:56:24,15_2025Apr廣州
DJI_20250413035532_0312_D.MP4,ed7608fb00254dea443266f97a6e506a,2025-10-22 22:00:26,2025-04-13 03:56:24,15_2025Apr廣州
DJI_20250413035825_0313_D.LRF,cfdca297ff736c4f33b41ecb0f6b0c6d,2025-10-22 22:00:27,2025-04-13 03:58:42,15_2025Apr廣州
DJI_20250413035825_0313_D.MP4,f56e80e12228489a991a2390b7345b18,2025-10-22 22:00:27,2025-04-13 03:58:42,15_2025Apr廣州
DJI_20250413040436_0314_D.LRF,db29e072fdd4b3e5b2662f741e9baa60,2025-10-22 22:00:27,2025-04-13 04:05:02,15_2025Apr廣州
DJI_20250413040436_0314_D.MP4,185a9016c8c91502a7f70698bfbe99e1,2025-10-22 22:00:27,2025-04-13 04:05:02,15_2025Apr廣州
DJI_20250413045450_0315_D.LRF,5ac8d8f76263e0f203a3439aea729dd8,2025-10-22 22:00:27,2025-04-13 04:55:02,15_2025Apr廣州
DJI_20250413045450_0315_D.MP4,775c73d19164a1b60ef548979dac0030,2025-10-22 22:00:27,2025-04-13 04:55:02,15_2025Apr廣州
DJI_20250413050746_0316_D.LRF,5b734b7687f37394b1cdd1c99bd25eac,2025-10-22 22:00:27,2025-04-13 05:07:58,15_2025Apr廣州
DJI_20250413050746_0316_D.MP4,a63327da1ee4e676616311c4b0c37280,2025-10-22 22:00:27,2025-04-13 05:07:58,15_2025Apr廣州
DJI_20250413062131_0317_D.LRF,1491a259da52cff1f7123bcc434e2486,2025-10-22 22:00:27,2025-04-13 06:22:42,15_2025Apr廣州
DJI_20250413062131_0317_D.MP4,6b443a29315410232996e46a51970f1e,2025-10-22 22:00:27,2025-04-13 06:22:42,15_2025Apr廣州
DJI_20250413062727_0318_D.LRF,2c75d7e145b2bbf86dc70a094747b55e,2025-10-22 22:00:27,2025-04-13 06:28:08,15_2025Apr廣州
DJI_20250413062727_0318_D.MP4,70cfde1bf393a18ef068fad18ad0a303,2025-10-22 22:00:28,2025-04-13 06:28:08,15_2025Apr廣州
DJI_20250413064553_0319_D.LRF,7ff40c5636756f05f2df12eb064b233d,2025-10-22 22:00:28,2025-04-13 06:46:34,15_2025Apr廣州
DJI_20250413064553_0319_D.MP4,903b2a76d576a16fc3c9dbcafde80c86,2025-10-22 22:00:28,2025-04-13 06:46:34,15_2025Apr廣州
DJI_20250413064756_0320_D.LRF,ee9b5b0b794ee26e344118e0c828f3ec,2025-10-22 22:00:28,2025-04-13 06:48:34,15_2025Apr廣州
DJI_20250413064756_0320_D.MP4,8429170e1a19c92878d4e19c1e369257,2025-10-22 22:00:28,2025-04-13 06:48:32,15_2025Apr廣州
DJI_20250413071556_0321_D.LRF,cbdfef9d183df7301757dc878fa09620,2025-10-22 22:00:28,2025-04-13 07:17:00,15_2025Apr廣州
DJI_20250413071556_0321_D.MP4,7dd564ea336dd334451cbc6033a160e2,2025-10-22 22:00:28,2025-04-13 07:17:00,15_2025Apr廣州
DJI_20250413072522_0322_D.LRF,17c4a9aa9837ad0974deb82186ce10b0,2025-10-22 22:00:28,2025-04-13 07:25:36,15_2025Apr廣州
DJI_20250413072522_0322_D.MP4,ee471dc6f87260f8808002bc0ded9447,2025-10-22 22:00:29,2025-04-13 07:25:36,15_2025Apr廣州
DJI_20250413073141_0323_D.LRF,7e0ea19f511e237701ef6da9adcc0340,2025-10-22 22:00:29,2025-04-13 07:33:56,15_2025Apr廣州
DJI_20250413073141_0323_D.MP4,d87aaf80022b49a799d2d54658eb905b,2025-10-22 22:00:29,2025-04-13 07:33:56,15_2025Apr廣州
DJI_20250413073659_0324_D.LRF,08d73f7c44da030a0e5962c900e7f268,2025-10-22 22:00:29,2025-04-13 07:37:22,15_2025Apr廣州
DJI_20250413073659_0324_D.MP4,4580ea54541e9727987bbc73fc37b00e,2025-10-22 22:00:29,2025-04-13 07:37:22,15_2025Apr廣州
DJI_20250413080404_0325_D.LRF,398bd3c7d2e2c5efc12b321a71cf0087,2025-10-22 22:00:30,2025-04-13 08:04:30,15_2025Apr廣州
DJI_20250413080404_0325_D.MP4,42ee49528cd2eed201dcef1bcc44176b,2025-10-22 22:00:30,2025-04-13 08:04:30,15_2025Apr廣州
DJI_20250413080439_0326_D.LRF,a205c78360461fa1f123e13109464b56,2025-10-22 22:00:30,2025-04-13 08:05:48,15_2025Apr廣州
DJI_20250413080439_0326_D.MP4,f9febd051807709747e425ae22b507bc,2025-10-22 22:00:30,2025-04-13 08:05:48,15_2025Apr廣州
DJI_20250413080727_0328_D.LRF,8bddcd4ae795872f060360db08eb8f02,2025-10-22 22:00:30,2025-04-13 08:08:04,15_2025Apr廣州
DJI_20250413080727_0328_D.MP4,b4df7e1707572cb9e09a4f28aa28778e,2025-10-22 22:00:30,2025-04-13 08:08:04,15_2025Apr廣州
DJI_20250413080820_0329_D.LRF,d6faa57cf00318bc5c6ef171533c9306,2025-10-22 22:00:30,2025-04-13 08:10:16,15_2025Apr廣州
DJI_20250413080820_0329_D.MP4,33f4992d1490954cfff4cd5733cbd5b9,2025-10-22 22:00:30,2025-04-13 08:10:16,15_2025Apr廣州
DJI_20250413081712_0330_D.LRF,0e5a1eea70d44127f13b6e5e4840075d,2025-10-22 22:00:31,2025-04-13 08:17:46,15_2025Apr廣州
DJI_20250413081712_0330_D.MP4,97b9f3e8b898e1653359e0fb9026b0a6,2025-10-22 22:00:31,2025-04-13 08:17:46,15_2025Apr廣州
DJI_20250413090338_0331_D.LRF,76c9434ceeebd3c98d9e1769a46917b9,2025-10-22 22:00:31,2025-04-13 09:04:02,15_2025Apr廣州
DJI_20250413090338_0331_D.MP4,916a142c66e2ddb882d2ef29cf908006,2025-10-22 22:00:31,2025-04-13 09:04:02,15_2025Apr廣州
DJI_20250413100732_0332_D.LRF,3634920cd1d15f1bd820bccb374e4158,2025-10-22 22:00:31,2025-04-13 10:08:06,15_2025Apr廣州
DJI_20250413100732_0332_D.MP4,f28a28b878f3349593c899c958a766aa,2025-10-22 22:00:31,2025-04-13 10:08:04,15_2025Apr廣州
DJI_20250413210948_0333_D.LRF,e312fedb5d29ce6ce8c7414c2675b3e2,2025-10-22 22:00:32,2025-04-13 21:10:46,15_2025Apr廣州
DJI_20250413210948_0333_D.MP4,8549a4c7a826460490954f304287076c,2025-10-22 22:00:32,2025-04-13 21:10:44,15_2025Apr廣州
DJI_20250413211114_0334_D.LRF,70c181842671171073cc3ada6021f1ab,2025-10-22 22:00:32,2025-04-13 21:12:08,15_2025Apr廣州
DJI_20250413211114_0334_D.MP4,d0782f262ead35ab7244d9fa2350e880,2025-10-22 22:00:32,2025-04-13 21:12:08,15_2025Apr廣州
DJI_20250414045247_0335_D.LRF,a081c94f2c89079c16ddd2745ad1ed31,2025-10-22 22:00:34,2025-04-14 04:54:34,20_2025Apr上海
DJI_20250414045247_0335_D.MP4,d9fb0b42a7fc15d7e671c6f1f54d98a3,2025-10-22 22:00:34,2025-04-14 04:54:34,20_2025Apr上海
DJI_20250414045951_0336_D.LRF,98b2bcf2ff031881b149637d48a999eb,2025-10-22 22:00:34,2025-04-14 05:00:02,20_2025Apr上海
DJI_20250414045951_0336_D.MP4,95446206d922207cfa62003156de39d9,2025-10-22 22:00:34,2025-04-14 05:00:02,20_2025Apr上海
DJI_20250414050049_0337_D.LRF,e24a0033bc907bafe135560165b2fc9b,2025-10-22 22:00:34,2025-04-14 05:03:12,20_2025Apr上海
DJI_20250414050049_0337_D.MP4,0710788b92ae16838d5ac7e88f16f675,2025-10-22 22:00:34,2025-04-14 05:03:12,20_2025Apr上海
DJI_20250414050345_0338_D.LRF,68e4cef077ca367b87cf9755f72efa80,2025-10-22 22:00:35,2025-04-14 05:06:16,20_2025Apr上海
DJI_20250414050345_0338_D.MP4,22767d52a023c54e568cd7508767b23f,2025-10-22 22:00:35,2025-04-14 05:06:16,20_2025Apr上海
DJI_20250414050718_0339_D.LRF,536a33d2f5d9c70e6bf020d964eb7012,2025-10-22 22:00:36,2025-04-14 05:07:34,20_2025Apr上海
DJI_20250414050718_0339_D.MP4,50f3af5cdd40fc1436e3b933baaf9a37,2025-10-22 22:00:36,2025-04-14 05:07:34,20_2025Apr上海
DJI_20250414050859_0340_D.LRF,dc94b0cb50cd2c6c998dd2e8c5c99dbd,2025-10-22 22:00:36,2025-04-14 05:13:36,20_2025Apr上海
DJI_20250414050859_0340_D.MP4,87757e3f9d16d4669d23be77d33d1434,2025-10-22 22:00:37,2025-04-14 05:13:36,20_2025Apr上海
DJI_20250414051437_0341_D.LRF,83908ad859c23e76232380bc32957870,2025-10-22 22:00:38,2025-04-14 05:14:58,20_2025Apr上海
DJI_20250414051437_0341_D.MP4,cc329c1ecf07f618d5197c81772b5f37,2025-10-22 22:00:38,2025-04-14 05:14:56,20_2025Apr上海
DJI_20250414051623_0342_D.LRF,c8bd1ac49c151a55602630ee49ce46be,2025-10-22 22:00:38,2025-04-14 05:17:50,20_2025Apr上海
DJI_20250414051623_0342_D.MP4,db054d8b7af5ae30a091dae0ce770d10,2025-10-22 22:00:38,2025-04-14 05:17:50,20_2025Apr上海
DJI_20250414052556_0343_D.LRF,98e2c12f63be70dc46364833585dc555,2025-10-22 22:00:39,2025-04-14 05:27:16,20_2025Apr上海
DJI_20250414052556_0343_D.MP4,c23e650e71ce2f6be615ed40260e939c,2025-10-22 22:00:39,2025-04-14 05:27:16,20_2025Apr上海
DJI_20250414052743_0344_D.LRF,0fe5dbfc824fa437b90f458f8b88585f,2025-10-22 22:00:39,2025-04-14 05:31:20,20_2025Apr上海
DJI_20250414052743_0344_D.MP4,4f38e34bc66066b0af6bbd31c113b645,2025-10-22 22:00:40,2025-04-14 05:31:20,20_2025Apr上海
DJI_20250414053144_0345_D.LRF,92c2aba286322167c733d7beda2e67a9,2025-10-22 22:00:41,2025-04-14 05:33:24,20_2025Apr上海
DJI_20250414053144_0345_D.MP4,e120eb003e506e5eb9edbe08afdadd21,2025-10-22 22:00:41,2025-04-14 05:33:24,20_2025Apr上海
DJI_20250414053332_0346_D.LRF,7c06a5f5197ccc80806204fa2567b320,2025-10-22 22:00:41,2025-04-14 05:34:02,20_2025Apr上海
DJI_20250414053332_0346_D.MP4,2d6a2d52c8fabb5c84a44165b53ccae4,2025-10-22 22:00:41,2025-04-14 05:34:02,20_2025Apr上海
DJI_20250414053424_0347_D.LRF,a1c765ac58bd1ab878008d2e7d6f5cc5,2025-10-22 22:00:42,2025-04-14 05:37:44,20_2025Apr上海
DJI_20250414053424_0347_D.MP4,2c53951c70daba5f1bd66367975bab4a,2025-10-22 22:00:42,2025-04-14 05:37:44,20_2025Apr上海
DJI_20250414053912_0348_D.LRF,e6a9c9833428767f05194932ef1d31d1,2025-10-22 22:00:43,2025-04-14 05:42:24,20_2025Apr上海
DJI_20250414053912_0348_D.MP4,cf57384c453519ef3f7c939e51332b70,2025-10-22 22:00:43,2025-04-14 05:42:24,20_2025Apr上海
DJI_20250414054304_0349_D.LRF,41e8f4fbeb2e15a2460b434628600378,2025-10-22 22:00:44,2025-04-14 05:44:02,20_2025Apr上海
DJI_20250414054304_0349_D.MP4,00429dfa7290ffc68763d7911ed5db67,2025-10-22 22:00:44,2025-04-14 05:44:02,20_2025Apr上海
DJI_20250414054439_0350_D.LRF,6be971962e64097bb65babc73297f1b5,2025-10-22 22:00:45,2025-04-14 05:50:18,20_2025Apr上海
DJI_20250414054439_0350_D.MP4,ca51724332bd723d124514c8a0305ef2,2025-10-22 22:00:45,2025-04-14 05:50:18,20_2025Apr上海
DJI_20250414060626_0351_D.LRF,49793a5a049092cd50c965d0ab837100,2025-10-22 22:00:47,2025-04-14 06:10:04,20_2025Apr上海
DJI_20250414060626_0351_D.MP4,7d33816cb53b68093e95a970bd6e1a3f,2025-10-22 22:00:47,2025-04-14 06:10:04,20_2025Apr上海
DJI_20250414062459_0352_D.LRF,b5ddf1a22656575e9fa21b12d492a47b,2025-10-22 22:00:49,2025-04-14 06:27:02,20_2025Apr上海
DJI_20250414062459_0352_D.MP4,34805aea08192b1d87a7c1b4ab0d4345,2025-10-22 22:00:49,2025-04-14 06:27:02,20_2025Apr上海
DJI_20250414062729_0353_D.LRF,e84621fc3d3ad5421e85c4c7cff35c04,2025-10-22 22:00:49,2025-04-14 06:29:36,20_2025Apr上海
DJI_20250414062729_0353_D.MP4,b0dbed7db3f454e536b6e0f2cb42d4d4,2025-10-22 22:00:49,2025-04-14 06:29:36,20_2025Apr上海
DJI_20250414062959_0354_D.LRF,e7de40f1899e700799b856cafa749e79,2025-10-22 22:00:50,2025-04-14 06:30:14,20_2025Apr上海
DJI_20250414062959_0354_D.MP4,16542f779215f3dc776377c24f66467e,2025-10-22 22:00:50,2025-04-14 06:30:14,20_2025Apr上海
DJI_20250414063241_0355_D.LRF,3ba37e8873c3d0dc4bd1229a3ca08b59,2025-10-22 22:00:50,2025-04-14 06:33:14,20_2025Apr上海
DJI_20250414063241_0355_D.MP4,293936f814356086bad8dc00d9a7163a,2025-10-22 22:00:50,2025-04-14 06:33:14,20_2025Apr上海
DJI_20250414063326_0356_D.LRF,9f9c5818957fac2ca689d03f72e7fc13,2025-10-22 22:00:50,2025-04-14 06:33:34,20_2025Apr上海
DJI_20250414063326_0356_D.MP4,55afb883efd0fa179ce4a07724541ea6,2025-10-22 22:00:50,2025-04-14 06:33:34,20_2025Apr上海
DJI_20250414063654_0357_D.LRF,af4a2f1ab60d0f0b203305fdc9e4d419,2025-10-22 22:00:50,2025-04-14 06:37:12,20_2025Apr上海
DJI_20250414063654_0357_D.MP4,c89e09e8d65a4391316c70414b4f8a08,2025-10-22 22:00:51,2025-04-14 06:37:12,20_2025Apr上海
DJI_20250414065149_0358_D.LRF,990ec3ac0b3de656ac52b8cd87a1682c,2025-10-22 22:00:51,2025-04-14 06:52:14,20_2025Apr上海
DJI_20250414065149_0358_D.MP4,0b0818ccc635ad78068b66fddaba631f,2025-10-22 22:00:51,2025-04-14 06:52:14,20_2025Apr上海
DJI_20250414072428_0359_D.LRF,2952fb5f91dd8e15ab336079d8c4f199,2025-10-22 22:00:51,2025-04-14 07:25:22,20_2025Apr上海
DJI_20250414072428_0359_D.MP4,9c58e2b5e0d875b2b4c97d1ce4681bb8,2025-10-22 22:00:51,2025-04-14 07:25:22,20_2025Apr上海
DJI_20250414073721_0360_D.LRF,55e947390321463c1e540a7a39fbaf1b,2025-10-22 22:00:51,2025-04-14 07:41:32,20_2025Apr上海
DJI_20250414073721_0360_D.MP4,f3cfec0e82f57ea4bd0b766d5b91c36e,2025-10-22 22:00:51,2025-04-14 07:41:32,20_2025Apr上海
DJI_20250414074213_0361_D.LRF,00ca8e5eb339cf023efe364aa08710af,2025-10-22 22:00:53,2025-04-14 07:43:54,20_2025Apr上海
DJI_20250414074213_0361_D.MP4,f96cd3c15c76ea9f15446bb746024824,2025-10-22 22:00:53,2025-04-14 07:43:54,20_2025Apr上海
DJI_20250414074402_0362_D.LRF,39308827ec3e3d0b929e2a462ce693e6,2025-10-22 22:00:53,2025-04-14 07:46:56,20_2025Apr上海
DJI_20250414074402_0362_D.MP4,9d9c15e696d8527a7c4187835a1ef0d4,2025-10-22 22:00:54,2025-04-14 07:46:54,20_2025Apr上海
DJI_20250414074712_0363_D.LRF,57109849cf79bf4fc3a69ed0124f4892,2025-10-22 22:00:54,2025-04-14 07:47:48,20_2025Apr上海
DJI_20250414074712_0363_D.MP4,4318b1b9442ba69fc3bc1a6309e30521,2025-10-22 22:00:54,2025-04-14 07:47:48,20_2025Apr上海
DJI_20250414074910_0364_D.LRF,8e9197a78281f141a6e0bf5e238dac85,2025-10-22 22:00:55,2025-04-14 07:54:22,20_2025Apr上海
DJI_20250414074910_0364_D.MP4,cb3e8e6bfc0e3e34d0482f0b24a9c03f,2025-10-22 22:00:55,2025-04-14 07:54:22,20_2025Apr上海
DJI_20250414080552_0365_D.LRF,139d273cf1fd3afc12cbc25f6fb425e1,2025-10-22 22:00:56,2025-04-14 08:06:10,20_2025Apr上海
DJI_20250414080552_0365_D.MP4,aea308835723bbb5df8eebc0e75185c9,2025-10-22 22:00:56,2025-04-14 08:06:10,20_2025Apr上海
DJI_20250414080816_0366_D.LRF,a8205ced5620ca6dd0ebe6b9fb4069dc,2025-10-22 22:00:56,2025-04-14 08:08:32,20_2025Apr上海
DJI_20250414080816_0366_D.MP4,ec4acad167ef54f1e5439eb3dae6eea1,2025-10-22 22:00:56,2025-04-14 08:08:32,20_2025Apr上海
DJI_20250414185913_0367_D.LRF,95d79970fbcab96ff2dee05c39c27434,2025-10-22 22:00:57,2025-04-14 19:04:10,20_2025Apr上海
DJI_20250414185913_0367_D.MP4,e8268a933780559e5510ed5e75aa436c,2025-10-22 22:00:57,2025-04-14 19:04:10,20_2025Apr上海
DJI_20250414192936_0368_D.LRF,09415ac321720b6c808270b84b00ff39,2025-10-22 22:00:58,2025-04-14 19:29:50,20_2025Apr上海
DJI_20250414192936_0368_D.MP4,737b03734f70e5fadce3f9a4427f7d7a,2025-10-22 22:00:58,2025-04-14 19:29:48,20_2025Apr上海
DJI_20250414193050_0369_D.LRF,7c809e7d95ff327a9ee7ce84d3d18932,2025-10-22 22:00:58,2025-04-14 19:32:00,20_2025Apr上海
DJI_20250414193050_0369_D.MP4,ef763b5bae39193a7ec432f65fc6e7b4,2025-10-22 22:00:59,2025-04-14 19:32:00,20_2025Apr上海
DJI_20250414193252_0370_D.LRF,9d10776f83f99d2ba56f26bc03efe6d0,2025-10-22 22:00:59,2025-04-14 19:33:26,20_2025Apr上海
DJI_20250414193252_0370_D.MP4,bdc21e1d6039ec2cf9cf20885b9d9c35,2025-10-22 22:00:59,2025-04-14 19:33:26,20_2025Apr上海
DJI_20250414193347_0371_D.LRF,d19fe16d5e0be1ddc2d66c5540a22939,2025-10-22 22:00:59,2025-04-14 19:34:22,20_2025Apr上海
DJI_20250414193347_0371_D.MP4,079297b050c87648c685ea2011e74ced,2025-10-22 22:00:59,2025-04-14 19:34:22,20_2025Apr上海
DJI_20250414194057_0372_D.LRF,cf3fb8b2e87f04f986d4e8cbce79e8e3,2025-10-22 22:00:59,2025-04-14 19:41:38,20_2025Apr上海
DJI_20250414194057_0372_D.MP4,7cde51670e1f3ea4cf035e5117b83835,2025-10-22 22:00:59,2025-04-14 19:41:38,20_2025Apr上海
DJI_20250414194148_0373_D.LRF,8e806b46026750362278a1035f902e72,2025-10-22 22:01:00,2025-04-14 19:42:12,20_2025Apr上海
DJI_20250414194148_0373_D.MP4,58a72fe8064514dee21b186d0f2bc6b0,2025-10-22 22:01:00,2025-04-14 19:42:12,20_2025Apr上海
DJI_20250414194256_0374_D.LRF,ce622d96cf6e8d5d73b208afb23fde5f,2025-10-22 22:01:00,2025-04-14 19:43:22,20_2025Apr上海
DJI_20250414194256_0374_D.MP4,cb93af9066cb4c03c3447797a58565cd,2025-10-22 22:01:00,2025-04-14 19:43:22,20_2025Apr上海
DJI_20250414195223_0375_D.LRF,b040d7821af2641c8627b9f6d85b667a,2025-10-22 22:01:00,2025-04-14 19:52:42,20_2025Apr上海
DJI_20250414195223_0375_D.MP4,6a3bc03a9d57f4d56d73529273ecbc20,2025-10-22 22:01:00,2025-04-14 19:52:42,20_2025Apr上海
DJI_20250414195309_0376_D.LRF,9393ae2e6700214e8e002189829831fd,2025-10-22 22:01:00,2025-04-14 19:53:22,20_2025Apr上海
DJI_20250414195309_0376_D.MP4,09d73338b5d500a8c70681a6fc4a6685,2025-10-22 22:01:00,2025-04-14 19:53:22,20_2025Apr上海
DJI_20250414201952_0377_D.LRF,b1ddb0e80c52fb40d1d6f37dc8cb192a,2025-10-22 22:01:00,2025-04-14 20:19:58,20_2025Apr上海
DJI_20250414201952_0377_D.MP4,a76d72d59f179f354a6906999aa2559d,2025-10-22 22:01:00,2025-04-14 20:19:58,20_2025Apr上海
DJI_20250414210248_0378_D.LRF,549385d3ff8ac654c6f6cf343044f5ca,2025-10-22 22:01:00,2025-04-14 21:03:04,20_2025Apr上海
DJI_20250414210248_0378_D.MP4,5ad3c665621858dbee593fa2c4a815ce,2025-10-22 22:01:00,2025-04-14 21:03:04,20_2025Apr上海
DJI_20250414210842_0379_D.LRF,12ae5b720f3a8af2455ad1ed3c839b29,2025-10-22 22:01:00,2025-04-14 21:09:10,20_2025Apr上海
DJI_20250414210842_0379_D.MP4,c51965652dfdcb4ad574d1d17d2a1795,2025-10-22 22:01:00,2025-04-14 21:09:10,20_2025Apr上海
DJI_20250414211233_0380_D.LRF,85c31a854f2b1d785f06a8eefe43ef02,2025-10-22 22:01:01,2025-04-14 21:13:06,20_2025Apr上海
DJI_20250414211233_0380_D.MP4,4edeecc918cac1c9319e23bdd246810d,2025-10-22 22:01:01,2025-04-14 21:13:06,20_2025Apr上海
DJI_20250414211418_0381_D.LRF,5fee5237604fce2240771c8edb731427,2025-10-22 22:01:01,2025-04-14 21:14:34,20_2025Apr上海
DJI_20250414211418_0381_D.MP4,7c77dc6aad8ab669b90951a1cc24fd5d,2025-10-22 22:01:01,2025-04-14 21:14:32,20_2025Apr上海
DJI_20250414211553_0382_D.LRF,3294f8d2dae9762d02915f9c2b0f113d,2025-10-22 22:01:01,2025-04-14 21:16:20,20_2025Apr上海
DJI_20250414211553_0382_D.MP4,7b3f3976efd4b5abfd3f96bacb27afde,2025-10-22 22:01:01,2025-04-14 21:16:18,20_2025Apr上海
DJI_20250414211652_0383_D.LRF,03dbf6048091a67632d0b928f4fbebbc,2025-10-22 22:01:01,2025-04-14 21:17:16,20_2025Apr上海
DJI_20250414211652_0383_D.MP4,1011d1867b21a78b3f26fe004a59968c,2025-10-22 22:01:01,2025-04-14 21:17:16,20_2025Apr上海
DJI_20250414211817_0384_D.LRF,bdb1dd8125c4d7ea05e2652fa4f1e9a9,2025-10-22 22:01:01,2025-04-14 21:18:42,20_2025Apr上海
DJI_20250414211817_0384_D.MP4,8957d79b723e52fa87aa273010061e9d,2025-10-22 22:01:01,2025-04-14 21:18:42,20_2025Apr上海
DJI_20250414211929_0385_D.LRF,7d8ea2d68e962ae27bfca5eb6a1e8ce0,2025-10-22 22:01:01,2025-04-14 21:22:30,20_2025Apr上海
DJI_20250414211929_0385_D.MP4,3677e9495bcb372e53be5968d01bb33c,2025-10-22 22:01:02,2025-04-14 21:22:30,20_2025Apr上海
DJI_20250414213359_0386_D.LRF,2d08dc5ea45b95fa8eb92bbbf777ff94,2025-10-22 22:01:03,2025-04-14 21:34:12,20_2025Apr上海
DJI_20250414213359_0386_D.MP4,f96c347319b76c0748faf62cd4045345,2025-10-22 22:01:03,2025-04-14 21:34:12,20_2025Apr上海
DJI_20250414215010_0387_D.LRF,f6dd87072b4acab024f0afbb4920c6b4,2025-10-22 22:01:03,2025-04-14 21:50:32,20_2025Apr上海
DJI_20250414215010_0387_D.MP4,2b0a4b42815f4a16c215256e577bf85d,2025-10-22 22:01:03,2025-04-14 21:50:32,20_2025Apr上海
DJI_20250414215919_0388_D.LRF,4cbd868ec884c2b589a642563f4ba48e,2025-10-22 22:01:03,2025-04-14 21:59:44,20_2025Apr上海
DJI_20250414215919_0388_D.MP4,65a8041bbbca75c8a9574d53867a584d,2025-10-22 22:01:03,2025-04-14 21:59:44,20_2025Apr上海
DJI_20250414220120_0389_D.LRF,a8cdfe8eb0f0c1a490cf78860e7bb107,2025-10-22 22:01:03,2025-04-14 22:01:52,20_2025Apr上海
DJI_20250414220120_0389_D.MP4,4ab19a70e6dad9f22b5f7b29aeda0e7b,2025-10-22 22:01:03,2025-04-14 22:01:52,20_2025Apr上海
DJI_20250414221336_0390_D.LRF,12d4ee57ccf42e9f6808a993239348e2,2025-10-22 22:01:03,2025-04-14 22:16:14,20_2025Apr上海
DJI_20250414221336_0390_D.MP4,129c4e72214b629710440d5bc0c1fc17,2025-10-22 22:01:04,2025-04-14 22:16:14,20_2025Apr上海
DJI_20250414221651_0391_D.LRF,dcddc51c1cb1062600bec45ae6aca673,2025-10-22 22:01:04,2025-04-14 22:17:20,20_2025Apr上海
DJI_20250414221651_0391_D.MP4,b1e91fc0e502bb366180cd63784a66ba,2025-10-22 22:01:04,2025-04-14 22:17:20,20_2025Apr上海
DJI_20250414221802_0392_D.LRF,af65fa51bc01c76e620729faf6c00ca9,2025-10-22 22:01:05,2025-04-14 22:21:42,20_2025Apr上海
DJI_20250414221802_0392_D.MP4,a3d87881d6d6a711aa588525098c5798,2025-10-22 22:01:05,2025-04-14 22:21:42,20_2025Apr上海
DJI_20250414223324_0393_D.LRF,a132b94ee31698158b233198f8e90e34,2025-10-22 22:01:06,2025-04-14 22:33:44,20_2025Apr上海
DJI_20250414223324_0393_D.MP4,51541fba1bebd4b8b5e994768e6bd935,2025-10-22 22:01:06,2025-04-14 22:33:44,20_2025Apr上海
DJI_20250414225526_0394_D.LRF,ad86bb5db2f574fc3883a89a84aa7277,2025-10-22 22:01:06,2025-04-14 22:56:10,20_2025Apr上海
DJI_20250414225526_0394_D.MP4,0a3ad217fe28182f8d036836e18d98ae,2025-10-22 22:01:06,2025-04-14 22:56:08,20_2025Apr上海
DJI_20250414225617_0395_D.LRF,12079e23777e761954013e1410e7e29d,2025-10-22 22:01:07,2025-04-14 22:56:42,20_2025Apr上海
DJI_20250414225617_0395_D.MP4,7e2c788e7052dc46a07e1a33a4978d63,2025-10-22 22:01:07,2025-04-14 22:56:42,20_2025Apr上海
DJI_20250414225652_0396_D.LRF,639c0ec70c19651f8bed7c46d628a10c,2025-10-22 22:01:07,2025-04-14 22:57:10,20_2025Apr上海
DJI_20250414225652_0396_D.MP4,24a754d65b24a1da39b4e79ea4e42482,2025-10-22 22:01:07,2025-04-14 22:57:10,20_2025Apr上海
DJI_20250414231819_0397_D.LRF,02f532564a09b4115a5dcf99f415c706,2025-10-22 22:01:07,2025-04-14 23:18:40,20_2025Apr上海
DJI_20250414231819_0397_D.MP4,e6ddd5bd52aaeb21bfd5f4e5c28fe98b,2025-10-22 22:01:07,2025-04-14 23:18:40,20_2025Apr上海
DJI_20250415024543_0398_D.LRF,95cee2cebf2c8fa8f2736c9d7db72bd1,2025-10-22 22:01:08,2025-04-15 02:46:06,25_2025Apr上海
DJI_20250415024543_0398_D.MP4,cd625f888b994c4cc6425ef86220c085,2025-10-22 22:01:08,2025-04-15 02:46:04,25_2025Apr上海
DJI_20250415024717_0399_D.LRF,5e94d8df2e561c6d503e24a464977641,2025-10-22 22:01:08,2025-04-15 02:47:44,25_2025Apr上海
DJI_20250415024717_0399_D.MP4,fc4dfe6398dbaeaad2b78661cd991085,2025-10-22 22:01:08,2025-04-15 02:47:42,25_2025Apr上海
DJI_20250415025312_0400_D.LRF,603bfa82768211cd4f06813cff11f64f,2025-10-22 22:01:08,2025-04-15 02:54:26,25_2025Apr上海
DJI_20250415025312_0400_D.MP4,a2111c08a4b48df38f9325ed9b871d00,2025-10-22 22:01:09,2025-04-15 02:54:26,25_2025Apr上海
DJI_20250415031227_0401_D.LRF,993c31d181811d10fda945a046c9f165,2025-10-22 22:01:09,2025-04-15 03:15:04,25_2025Apr上海
DJI_20250415031227_0401_D.MP4,843b012f4a29a2a719f6c203e64b7ff9,2025-10-22 22:01:09,2025-04-15 03:15:04,25_2025Apr上海
DJI_20250415032036_0402_D.LRF,673dcf67685b2b127888f5adb56421a6,2025-10-22 22:01:10,2025-04-15 03:20:52,25_2025Apr上海
DJI_20250415032036_0402_D.MP4,36fae357b541f1ea69fefc38721ca3df,2025-10-22 22:01:10,2025-04-15 03:20:52,25_2025Apr上海
DJI_20250415033314_0403_D.LRF,1f33b12bd7543f086bb2ea43bbd96388,2025-10-22 22:01:10,2025-04-15 03:33:34,25_2025Apr上海
DJI_20250415033314_0403_D.MP4,bdba16cd6c4dc154905f9f6972a8b30f,2025-10-22 22:01:10,2025-04-15 03:33:34,25_2025Apr上海
DJI_20250415033611_0404_D.LRF,6382335f6f14fe3a6b4fefffe9acf7c3,2025-10-22 22:01:10,2025-04-15 03:36:24,25_2025Apr上海
DJI_20250415033611_0404_D.MP4,b9cd200e4533a951d82663e4c7d94c01,2025-10-22 22:01:10,2025-04-15 03:36:24,25_2025Apr上海
DJI_20250415033824_0405_D.LRF,ac84c844ef3da57da1ba768e3620aeb3,2025-10-22 22:01:10,2025-04-15 03:45:50,25_2025Apr上海
DJI_20250415033824_0405_D.MP4,c45cc4898e0cac5f873499f6e7254d3f,2025-10-22 22:01:11,2025-04-15 03:45:50,25_2025Apr上海
DJI_20250415034737_0406_D.LRF,761234d0143e50e9bebbce276b6f9c36,2025-10-22 22:01:13,2025-04-15 03:58:10,25_2025Apr上海
DJI_20250415034737_0406_D.MP4,23549944853987e3b01d27bf85721747,2025-10-22 22:01:14,2025-04-15 03:58:08,25_2025Apr上海
DJI_20250415040140_0407_D.LRF,8a98a4f94e3c31d135bc16d2d05cd9c9,2025-10-22 22:01:18,2025-04-15 04:01:58,25_2025Apr上海
DJI_20250415040140_0407_D.MP4,f7d4247844f746413a493ac263e4326f,2025-10-22 22:01:18,2025-04-15 04:01:58,25_2025Apr上海
DJI_20250415071502_0408_D.LRF,d61a0a95ef02ff34f08c3397471b4d31,2025-10-22 22:01:18,2025-04-15 07:15:38,25_2025Apr上海
DJI_20250415071502_0408_D.MP4,e13266bcd36a77f07287494f075157c4,2025-10-22 22:01:18,2025-04-15 07:15:38,25_2025Apr上海
DJI_20250415071547_0409_D.LRF,d0de154c4c83d78040e2752d840497e5,2025-10-22 22:01:18,2025-04-15 07:15:56,25_2025Apr上海
DJI_20250415071547_0409_D.MP4,0894c2e174b77a2f4384186c9eee665c,2025-10-22 22:01:18,2025-04-15 07:15:54,25_2025Apr上海
DJI_20250415071820_0410_D.LRF,32aacbefa7ac43b71cf7d4b2482af90b,2025-10-22 22:01:18,2025-04-15 07:18:50,25_2025Apr上海
DJI_20250415071820_0410_D.MP4,ccf147f97393ed9cd02531eb693b9343,2025-10-22 22:01:18,2025-04-15 07:18:50,25_2025Apr上海
DJI_20250415082053_0411_D.LRF,25a925ac3daa7ce89ab212eef8388b18,2025-10-22 22:01:18,2025-04-15 08:21:44,25_2025Apr上海
DJI_20250415082053_0411_D.MP4,eff201073f82b42e3ab65143414b809a,2025-10-22 22:01:18,2025-04-15 08:21:42,25_2025Apr上海
DJI_20250415082205_0412_D.LRF,d3f3e626e247bae82c2f1b92c6ff8f6e,2025-10-22 22:01:19,2025-04-15 08:22:34,25_2025Apr上海
DJI_20250415082205_0412_D.MP4,7868ed7bf2b40fa772345ebeb81f4c95,2025-10-22 22:01:19,2025-04-15 08:22:34,25_2025Apr上海
DJI_20250415082411_0413_D.LRF,29047e5f73ad681067bd03ffdee07556,2025-10-22 22:01:19,2025-04-15 08:24:48,25_2025Apr上海
DJI_20250415082411_0413_D.MP4,61c99e52c26f5b68d17ef1c6966d205c,2025-10-22 22:01:19,2025-04-15 08:24:48,25_2025Apr上海
DJI_20250415221208_0414_D.LRF,674d43beaa08e6000ea52c82355ba76b,2025-10-22 22:01:19,2025-04-15 22:12:18,25_2025Apr上海
DJI_20250415221208_0414_D.MP4,c68e0297cc186cef1eef418b16487f54,2025-10-22 22:01:19,2025-04-15 22:12:16,25_2025Apr上海
DJI_20250415222409_0415_D.LRF,4b0ad501fc7d5717b2d986ec04f94b0d,2025-10-22 22:01:19,2025-04-15 22:24:44,25_2025Apr上海
DJI_20250415222409_0415_D.MP4,84ac861c2cb0b14f35bb1236d5fa7152,2025-10-22 22:01:19,2025-04-15 22:24:44,25_2025Apr上海
DJI_20250415222638_0416_D.LRF,b09eb92ae49420f93d21b328557cb590,2025-10-22 22:01:19,2025-04-15 22:26:50,25_2025Apr上海
DJI_20250415222638_0416_D.MP4,12b5ff855cdb3af9190fca98ec4ab8f4,2025-10-22 22:01:19,2025-04-15 22:26:50,25_2025Apr上海
DJI_20250415222703_0417_D.LRF,21a7f68c0a444ca61787017bc2f5f0be,2025-10-22 22:01:19,2025-04-15 22:27:34,25_2025Apr上海
DJI_20250415222703_0417_D.MP4,6e4159866524582280b2d462d98b77e3,2025-10-22 22:01:19,2025-04-15 22:27:34,25_2025Apr上海
DJI_20250415222751_0418_D.LRF,4d85408727abc8bea09904833c1ab439,2025-10-22 22:01:20,2025-04-15 22:28:10,25_2025Apr上海
DJI_20250415222751_0418_D.MP4,07336d74faf740a70d7167ebfef47040,2025-10-22 22:01:20,2025-04-15 22:28:10,25_2025Apr上海
DJI_20250415223652_0419_D.LRF,7bd1f8f0c859626dc2806005cad93e53,2025-10-22 22:01:20,2025-04-15 22:37:38,25_2025Apr上海
DJI_20250415223652_0419_D.MP4,6169a5f73a9184da7116387870fa36ca,2025-10-22 22:01:20,2025-04-15 22:37:36,25_2025Apr上海
DJI_20250415225106_0420_D.LRF,746471306d433b6c2f560085761ff252,2025-10-22 22:01:20,2025-04-15 22:51:42,25_2025Apr上海
DJI_20250415225106_0420_D.MP4,d4a92140df1a8e2c34b6ee7504abee6c,2025-10-22 22:01:20,2025-04-15 22:51:42,25_2025Apr上海
DJI_20250415230005_0421_D.LRF,3358f2d58c0bfb06b523aeca668c7d92,2025-10-22 22:01:20,2025-04-15 23:00:46,25_2025Apr上海
DJI_20250415230005_0421_D.MP4,2d0fe082c63f3fe5d1a98b30cdedd67b,2025-10-22 22:01:20,2025-04-15 23:00:46,25_2025Apr上海
DJI_20250415232033_0422_D.LRF,80bb93e2184803b15cbc83b22dbc2983,2025-10-22 22:01:21,2025-04-15 23:20:48,25_2025Apr上海
DJI_20250415232033_0422_D.MP4,65d30cde0c72a4849668ffd28a0dc422,2025-10-22 22:01:21,2025-04-15 23:20:46,25_2025Apr上海
DJI_20250415232127_0423_D.LRF,a87a279396ef0a4dfb86a41a4e15c855,2025-10-22 22:01:21,2025-04-15 23:22:10,25_2025Apr上海
DJI_20250415232127_0423_D.MP4,6f7eaff1a69367bade62f96f379130aa,2025-10-22 22:01:21,2025-04-15 23:22:10,25_2025Apr上海
DJI_20250415232231_0424_D.LRF,502480ce847b77ca89c246074719de2c,2025-10-22 22:01:21,2025-04-15 23:23:52,25_2025Apr上海
DJI_20250415232231_0424_D.MP4,52c5be743ac08cc85b3b47aafc54326b,2025-10-22 22:01:21,2025-04-15 23:23:52,25_2025Apr上海
DJI_20250415232408_0425_D.LRF,4c41ee2fc60cc2d604d47decad759424,2025-10-22 22:01:22,2025-04-15 23:25:00,25_2025Apr上海
DJI_20250415232408_0425_D.MP4,96eefd539ba2905d2bcc9dcfc1d694f4,2025-10-22 22:01:22,2025-04-15 23:25:00,25_2025Apr上海
DJI_20250415233512_0426_D.LRF,7fa78994af56b2fbe2bfe3dd522be08d,2025-10-22 22:01:22,2025-04-15 23:36:16,25_2025Apr上海
DJI_20250415233512_0426_D.MP4,0941bff1be08c5c4273375acff6ab5ae,2025-10-22 22:01:22,2025-04-15 23:36:16,25_2025Apr上海
DJI_20250415234913_0427_D.LRF,a5581b84ad6d1b13dcbd7d7d3b295678,2025-10-22 22:01:22,2025-04-15 23:49:40,25_2025Apr上海
DJI_20250415234913_0427_D.MP4,1e3ef72a05dc7170804a16409e106b8e,2025-10-22 22:01:22,2025-04-15 23:49:40,25_2025Apr上海
DJI_20250415235015_0428_D.LRF,c56e533bfc3172541a99f5594affcaae,2025-10-22 22:01:23,2025-04-15 23:50:22,25_2025Apr上海
DJI_20250415235015_0428_D.MP4,ee45530191374d885aa87218f42812ce,2025-10-22 22:01:23,2025-04-15 23:50:22,25_2025Apr上海
DJI_20250415235117_0429_D.LRF,8e122675483f6a790b470f434f531b16,2025-10-22 22:01:23,2025-04-15 23:52:38,25_2025Apr上海
DJI_20250415235117_0429_D.MP4,9bb97ad3c887164dd10a4db0e00ba1f3,2025-10-22 22:01:23,2025-04-15 23:52:38,25_2025Apr上海
DJI_20250416001540_0430_D.LRF,a88c202d85f6e9d150ffd557806a78f1,2025-10-22 22:01:23,2025-04-16 00:16:00,25_2025Apr上海
DJI_20250416001540_0430_D.MP4,07f571b88f04ffd5d33adb4dd9d32a74,2025-10-22 22:01:23,2025-04-16 00:16:00,25_2025Apr上海
DJI_20250416001742_0431_D.LRF,33d49b8a8d54d7f131dd67c654891020,2025-10-22 22:01:23,2025-04-16 00:21:18,25_2025Apr上海
DJI_20250416001742_0431_D.MP4,c86771f6a989da1afaa2e6d7bf387105,2025-10-22 22:01:24,2025-04-16 00:21:18,25_2025Apr上海
DJI_20250416002647_0432_D.LRF,71d4396e1b17482b8210eb1496fe3adb,2025-10-22 22:01:25,2025-04-16 00:27:44,25_2025Apr上海
DJI_20250416002647_0432_D.MP4,50b77306383babb59a7684932455b0c8,2025-10-22 22:01:25,2025-04-16 00:27:42,25_2025Apr上海
DJI_20250416025221_0433_D.LRF,410b6c2750cad235f071f7b8217b57b5,2025-10-22 22:01:25,2025-04-16 02:57:54,25_2025Apr上海
DJI_20250416025221_0433_D.MP4,e37d01c53b0c07d636d557494f794bfa,2025-10-22 22:01:26,2025-04-16 02:57:52,25_2025Apr上海
DJI_20250416044057_0434_D.LRF,2b9dd2e157faabaa7d5e221e8ff34202,2025-10-22 22:01:28,2025-04-16 04:41:22,25_2025Apr上海
DJI_20250416044057_0434_D.MP4,d05f67e32fd547c9d4b1dc1d47be4072,2025-10-22 22:01:28,2025-04-16 04:41:22,25_2025Apr上海
DJI_20250416044138_0435_D.LRF,d35b977261f0e5ec1b7c7c3dfc7b139c,2025-10-22 22:01:28,2025-04-16 04:42:20,25_2025Apr上海
DJI_20250416044138_0435_D.MP4,d86b15daae071c62cb0279a14672aff5,2025-10-22 22:01:28,2025-04-16 04:42:20,25_2025Apr上海
DJI_20250416044252_0436_D.LRF,c845fb7d26831c47903b65a2a885b25f,2025-10-22 22:01:28,2025-04-16 04:43:04,25_2025Apr上海
DJI_20250416044252_0436_D.MP4,d97e2c4d841a7d88d802cdb5a8f01ee8,2025-10-22 22:01:28,2025-04-16 04:43:04,25_2025Apr上海
DJI_20250416044335_0437_D.LRF,48cadbe406291fcfa8ae9efae8d72e7f,2025-10-22 22:01:28,2025-04-16 04:43:48,25_2025Apr上海
DJI_20250416044335_0437_D.MP4,a86961a078f3e05a8c5c11a8de4beca6,2025-10-22 22:01:28,2025-04-16 04:43:48,25_2025Apr上海
DJI_20250416044442_0438_D.LRF,51917b32ae10dc620b8e88ad49772449,2025-10-22 22:01:28,2025-04-16 04:45:30,25_2025Apr上海
DJI_20250416044442_0438_D.MP4,d1ca55d90ee1bebd1d853414e364110f,2025-10-22 22:01:28,2025-04-16 04:45:30,25_2025Apr上海
DJI_20250416044603_0439_D.LRF,c2afc76f06ccce3a252cc9c349b17fc0,2025-10-22 22:01:29,2025-04-16 04:46:44,25_2025Apr上海
DJI_20250416044603_0439_D.MP4,58331c39cd393dec1143eb8a11842d33,2025-10-22 22:01:29,2025-04-16 04:46:44,25_2025Apr上海
DJI_20250416073108_0440_D.LRF,7ca3bf1bd4c79dfdc2bdc7dfc6f3800a,2025-10-22 22:01:29,2025-04-16 07:31:20,25_2025Apr上海
DJI_20250416073108_0440_D.MP4,c651792181a0479a946d44a794517c95,2025-10-22 22:01:29,2025-04-16 07:31:20,25_2025Apr上海
DJI_20250416073209_0441_D.LRF,6cd3a90706f58fef0f2937181cc28d87,2025-10-22 22:01:29,2025-04-16 07:32:38,25_2025Apr上海
DJI_20250416073209_0441_D.MP4,0ef7a11c68b13105fb5a40b2d98a6dc4,2025-10-22 22:01:29,2025-04-16 07:32:38,25_2025Apr上海
DJI_20250416073331_0442_D.LRF,59f4a58a86d5ccc08f85f000459a8446,2025-10-22 22:01:29,2025-04-16 07:33:52,25_2025Apr上海
DJI_20250416073331_0442_D.MP4,c48e0c29393708e3e9c5be9fb0485b25,2025-10-22 22:01:29,2025-04-16 07:33:52,25_2025Apr上海
DJI_20250416073358_0443_D.LRF,501498790b60ee302c8a44072bd65b75,2025-10-22 22:01:29,2025-04-16 07:35:18,25_2025Apr上海
DJI_20250416073358_0443_D.MP4,d04c206971fabd1700ec11218d4cded9,2025-10-22 22:01:29,2025-04-16 07:35:18,25_2025Apr上海
DJI_20250416073554_0444_D.LRF,3a2abcaad9fae517e8350f6278c66630,2025-10-22 22:01:30,2025-04-16 07:37:00,25_2025Apr上海
DJI_20250416073554_0444_D.MP4,d9ed8706f39c944897081d4725cc058f,2025-10-22 22:01:30,2025-04-16 07:37:00,25_2025Apr上海
DJI_20250416073749_0445_D.LRF,3b60b6ca52ecdb91253b6b1a72c1fa73,2025-10-22 22:01:30,2025-04-16 07:38:06,25_2025Apr上海
DJI_20250416073749_0445_D.MP4,f6d1562ada9b3502bc817247a1043940,2025-10-22 22:01:30,2025-04-16 07:38:06,25_2025Apr上海
DJI_20250416073822_0446_D.LRF,d1e4468412608f4019df7389b7aaceb5,2025-10-22 22:01:30,2025-04-16 07:38:52,25_2025Apr上海
DJI_20250416073822_0446_D.MP4,1dee99ce39da08b02339c250fa7d7c0f,2025-10-22 22:01:30,2025-04-16 07:38:52,25_2025Apr上海
DJI_20250416073905_0447_D.LRF,c1f1c3912789874a5378b6c4bb4e046d,2025-10-22 22:01:30,2025-04-16 07:39:20,25_2025Apr上海
DJI_20250416073905_0447_D.MP4,2c9974b3b8d15b9ddf202cba151455bc,2025-10-22 22:01:30,2025-04-16 07:39:20,25_2025Apr上海
DJI_20250416073932_0448_D.LRF,d1df0dabeeb9aa95c80be20f3063442e,2025-10-22 22:01:31,2025-04-16 07:39:52,25_2025Apr上海
DJI_20250416073932_0448_D.MP4,f9dcfecc168b6a7c57053faaefc17aae,2025-10-22 22:01:31,2025-04-16 07:39:52,25_2025Apr上海
DJI_20250416074000_0449_D.LRF,6b155b62aa24968f43878fe7ccbeabd5,2025-10-22 22:01:31,2025-04-16 07:40:22,25_2025Apr上海
DJI_20250416074000_0449_D.MP4,1f96c43742881b3c2ec2a217b88bca93,2025-10-22 22:01:31,2025-04-16 07:40:20,25_2025Apr上海
DJI_20250416075035_0450_D.LRF,aec245738873d0dc7e9b27940c5d760b,2025-10-22 22:01:31,2025-04-16 07:52:04,25_2025Apr上海
DJI_20250416075035_0450_D.MP4,83c5590fcd45296595576625ec0b93e0,2025-10-22 22:01:31,2025-04-16 07:52:04,25_2025Apr上海
DJI_20250416075938_0451_D.LRF,b62861bb1210a26acfcbf08e421b15fa,2025-10-22 22:01:31,2025-04-16 08:00:04,25_2025Apr上海
DJI_20250416075938_0451_D.MP4,61afce001d941daf00983fc773b17110,2025-10-22 22:01:31,2025-04-16 08:00:04,25_2025Apr上海
DJI_20250416080946_0452_D.LRF,5f0d28cbb60357b44c1ceaa6268ab55f,2025-10-22 22:01:31,2025-04-16 08:10:42,25_2025Apr上海
DJI_20250416080946_0452_D.MP4,566ffbdd3939abb3e2aa0dc64d981e5b,2025-10-22 22:01:32,2025-04-16 08:10:42,25_2025Apr上海
DJI_20250416082205_0453_D.LRF,79016930d8996dd8b78a058daee3da50,2025-10-22 22:01:32,2025-04-16 08:22:18,25_2025Apr上海
DJI_20250416082205_0453_D.MP4,1d1016219957b0a977cb2ec2dc4b9aa5,2025-10-22 22:01:32,2025-04-16 08:22:18,25_2025Apr上海
DJI_20250416082317_0454_D.LRF,cd75f4c16ac8c7c9f27e65f7031982d7,2025-10-22 22:01:32,2025-04-16 08:23:32,25_2025Apr上海
DJI_20250416082317_0454_D.MP4,5a9edc2e11d9fd93b316f18652191e5a,2025-10-22 22:01:32,2025-04-16 08:23:32,25_2025Apr上海
DJI_20250416082736_0455_D.LRF,bc9c4bc9c528619f91d1c2eb0e7db7cc,2025-10-22 22:01:32,2025-04-16 08:29:18,25_2025Apr上海
DJI_20250416082736_0455_D.MP4,e20cf8ff0a728c6f47da3e4749f36b78,2025-10-22 22:01:32,2025-04-16 08:29:18,25_2025Apr上海
DJI_20250416083020_0456_D.LRF,c3337045ab54096ba52dd0ca6c8c2b46,2025-10-22 22:01:33,2025-04-16 08:30:48,25_2025Apr上海
DJI_20250416083020_0456_D.MP4,a54130e8e7c21a71483a9503372a3138,2025-10-22 22:01:33,2025-04-16 08:30:48,25_2025Apr上海
DJI_20250416083226_0457_D.LRF,60ab1c3a9b8e6f550a688e3fa9ce3d44,2025-10-22 22:01:33,2025-04-16 08:34:56,25_2025Apr上海
DJI_20250416083226_0457_D.MP4,cb21651e776b3e9d8dace026b0e6e6f6,2025-10-22 22:01:33,2025-04-16 08:34:54,25_2025Apr上海
DJI_20250416083614_0458_D.LRF,0ecd02395d91aaa327c1a2bdb4128fea,2025-10-22 22:01:34,2025-04-16 08:36:30,25_2025Apr上海
DJI_20250416083614_0458_D.MP4,840e62fc3fd8c7eba8701ef4b0230744,2025-10-22 22:01:34,2025-04-16 08:36:30,25_2025Apr上海
DJI_20250416084241_0459_D.LRF,472b260d87607c1e1953623799eef717,2025-10-22 22:01:34,2025-04-16 08:43:24,25_2025Apr上海
DJI_20250416084241_0459_D.MP4,0a5a38566d07cf90679d468ce56329b0,2025-10-22 22:01:34,2025-04-16 08:43:24,25_2025Apr上海
DJI_20250416215251_0460_D.LRF,00d7e81469f28026fef3b75bdf1fdcdd,2025-10-22 22:01:34,2025-04-16 21:54:50,25_2025Apr上海
DJI_20250416215251_0460_D.MP4,4cc361a4ea7bc927722f1db28ff011c4,2025-10-22 22:01:34,2025-04-16 21:54:48,25_2025Apr上海
DJI_20250416221836_0462_D.LRF,88dd7c9c23be7c8bb27c3da7f99464bb,2025-10-22 22:01:35,2025-04-16 22:26:18,25_2025Apr上海
DJI_20250416221836_0462_D.MP4,486f4c94cf7a15985e5ae2fc53daf918,2025-10-22 22:01:36,2025-04-16 22:26:18,25_2025Apr上海
DJI_20250416222823_0463_D.LRF,390f1ad81cdcdcda5105d1b170cfb90c,2025-10-22 22:01:38,2025-04-16 22:33:36,25_2025Apr上海
DJI_20250416222823_0463_D.MP4,4f2f733c02cd3bbe1f341346fbf49f5d,2025-10-22 22:01:39,2025-04-16 22:33:36,25_2025Apr上海
DJI_20250416223658_0464_D.LRF,771077cbee47025c51324825457d3d07,2025-10-22 22:01:41,2025-04-16 22:41:32,25_2025Apr上海
DJI_20250416223658_0464_D.MP4,4ae74bc0a773583571473a38bf3e6650,2025-10-22 22:01:41,2025-04-16 22:41:32,25_2025Apr上海
DJI_20250417004308_0465_D.LRF,61fcb338313645f24e235ca244ab94b3,2025-10-22 22:01:43,2025-04-17 00:43:32,25_2025Apr上海
DJI_20250417004308_0465_D.MP4,c023f098fc5349393784b9c75b626774,2025-10-22 22:01:43,2025-04-17 00:43:32,25_2025Apr上海
DJI_20250417004340_0466_D.LRF,32d1a6ea9d2f84f412da88f991edb9ce,2025-10-22 22:01:43,2025-04-17 00:45:04,25_2025Apr上海
DJI_20250417004340_0466_D.MP4,de12bf0ed567eadbd4ccc4d1e0d3f7cb,2025-10-22 22:01:43,2025-04-17 00:45:04,25_2025Apr上海
DJI_20250417011724_0467_D.LRF,341f986ab95b3a206818ab14f50a896a,2025-10-22 22:01:43,2025-04-17 01:18:40,25_2025Apr上海
DJI_20250417011724_0467_D.MP4,c1a54cdcf781bb63fefa150cf8d9a7b2,2025-10-22 22:01:43,2025-04-17 01:18:40,25_2025Apr上海
DJI_20250417032857_0468_D.LRF,082faf2b156dd6d66e454472f338c47a,2025-10-22 22:01:44,2025-04-17 03:35:08,25_2025Apr上海
DJI_20250417032857_0468_D.MP4,39fab6c6088f39c400b7160276487b6c,2025-10-22 22:01:44,2025-04-17 03:35:08,25_2025Apr上海
DJI_20250417033809_0469_D.LRF,069f362d8c6fac5bdc545c1e9580e5a9,2025-10-22 22:01:46,2025-04-17 03:38:16,25_2025Apr上海
DJI_20250417033809_0469_D.MP4,88c1c8f76e5b396533261c3795f197f4,2025-10-22 22:01:46,2025-04-17 03:38:16,25_2025Apr上海
DJI_20250417064204_0470_D.LRF,94b583dc397892ad4dd70d0910357749,2025-10-22 22:01:46,2025-04-17 06:42:16,25_2025Apr上海
DJI_20250417064204_0470_D.MP4,7e1983f059724c1d8e4519f82805f70c,2025-10-22 22:01:46,2025-04-17 06:42:14,25_2025Apr上海
DJI_20250417064817_0471_D.LRF,3b7453a0b64f636dfc3ca6ed6bfb7191,2025-10-22 22:01:46,2025-04-17 06:48:42,25_2025Apr上海
DJI_20250417064817_0471_D.MP4,d2926204e924d4386550ce681ad9642c,2025-10-22 22:01:46,2025-04-17 06:48:40,25_2025Apr上海
DJI_20250417073247_0472_D.LRF,af5f694fb9429ce0278ed7afa5436036,2025-10-22 22:01:46,2025-04-17 07:33:24,25_2025Apr上海
DJI_20250417073247_0472_D.MP4,f354679e4d8dda29b7020a753678f2cf,2025-10-22 22:01:46,2025-04-17 07:33:24,25_2025Apr上海
DJI_20250417073357_0473_D.LRF,07dbd7ca2dedb57b6d58920d032a6f4b,2025-10-22 22:01:46,2025-04-17 07:35:34,25_2025Apr上海
DJI_20250417073357_0473_D.MP4,a2ced229ff4fc399d8e464717b82e9dd,2025-10-22 22:01:46,2025-04-17 07:35:34,25_2025Apr上海
DJI_20250417073807_0474_D.LRF,4f5030e1b15451553ade991dcafe5148,2025-10-22 22:01:47,2025-04-17 07:38:46,25_2025Apr上海
DJI_20250417073807_0474_D.MP4,27e5d399fd4977529d0444a85bb7c7ce,2025-10-22 22:01:47,2025-04-17 07:38:46,25_2025Apr上海
DJI_20250417074745_0475_D.LRF,fdeb41d3967650807263133f11ec7144,2025-10-22 22:01:47,2025-04-17 07:48:52,25_2025Apr上海
DJI_20250417074745_0475_D.MP4,c44bf84f78b69c219ae62315f553a4f5,2025-10-22 22:01:47,2025-04-17 07:48:52,25_2025Apr上海
DJI_20250417074919_0476_D.LRF,bcb20dc0239f00d9b09a416483bbf2c4,2025-10-22 22:01:47,2025-04-17 07:52:18,25_2025Apr上海
DJI_20250417074919_0476_D.MP4,5b1d2167d5b52135cb19a44c30986b58,2025-10-22 22:01:48,2025-04-17 07:52:18,25_2025Apr上海
DJI_20250417075510_0477_D.LRF,d312bb1df9e5818b58c5358d4f8fc0a1,2025-10-22 22:01:49,2025-04-17 07:55:30,25_2025Apr上海
DJI_20250417075510_0477_D.MP4,dc1aa2985b3161fac98c9a5460757a34,2025-10-22 22:01:49,2025-04-17 07:55:30,25_2025Apr上海
DJI_20250417075741_0478_D.LRF,c5b7e38f1ccf5aea76cc1842b0c6fcdd,2025-10-22 22:01:49,2025-04-17 07:58:00,25_2025Apr上海
DJI_20250417075741_0478_D.MP4,15c946117b4ddb3d3535bee9684d1fe9,2025-10-22 22:01:49,2025-04-17 07:58:00,25_2025Apr上海
DJI_20250417080026_0479_D.LRF,21f3caedae496b32a24c4920ff4ffbea,2025-10-22 22:01:49,2025-04-17 08:02:48,25_2025Apr上海
DJI_20250417080026_0479_D.MP4,4d19217ae5f4727206fcf25d2f8a677d,2025-10-22 22:01:49,2025-04-17 08:02:48,25_2025Apr上海
DJI_20250417080311_0480_D.LRF,46e970e60ccf7147b4ee3a642046d2ab,2025-10-22 22:01:50,2025-04-17 08:05:00,25_2025Apr上海
DJI_20250417080311_0480_D.MP4,b12a294d0794234d59f5e9ceb6d48c6e,2025-10-22 22:01:50,2025-04-17 08:05:00,25_2025Apr上海
DJI_20250418020708_0481_D.LRF,bfc7f5c0292186964b63bafdc95cafb4,2025-10-22 22:01:53,2025-04-18 02:13:34,30_2025Apr杭州
DJI_20250418020708_0481_D.MP4,780212cbe6a0dba31d534282102a08ad,2025-10-22 22:01:53,2025-04-18 02:13:34,30_2025Apr杭州
DJI_20250418021404_0482_D.LRF,ce7c17fd68f9e8c1b8928fd335c05c33,2025-10-22 22:01:55,2025-04-18 02:15:10,30_2025Apr杭州
DJI_20250418021404_0482_D.MP4,a918a9821b0603310c9e61ee23f7554b,2025-10-22 22:01:55,2025-04-18 02:15:10,30_2025Apr杭州
DJI_20250418021626_0483_D.LRF,3ef064d137b490c8b8b94482e6cad9b2,2025-10-22 22:01:55,2025-04-18 02:16:36,30_2025Apr杭州
DJI_20250418021626_0483_D.MP4,34d1b4d1c9b5b04708da76c72618edc9,2025-10-22 22:01:55,2025-04-18 02:16:34,30_2025Apr杭州
DJI_20250418022344_0484_D.LRF,dc654b6fe779df60606b32e36e053f0f,2025-10-22 22:01:55,2025-04-18 02:24:08,30_2025Apr杭州
DJI_20250418022344_0484_D.MP4,019e631f695b968f66394bb9e90a938e,2025-10-22 22:01:55,2025-04-18 02:24:08,30_2025Apr杭州
DJI_20250418022419_0485_D.LRF,a95952c975062929f42843e60087c89d,2025-10-22 22:01:55,2025-04-18 02:24:26,30_2025Apr杭州
DJI_20250418022419_0485_D.MP4,c54e300dabd663eb063917ec78befea6,2025-10-22 22:01:55,2025-04-18 02:24:26,30_2025Apr杭州
DJI_20250418022720_0486_D.LRF,2166f2278bf359c16cd6f067315690b1,2025-10-22 22:01:55,2025-04-18 02:27:42,30_2025Apr杭州
DJI_20250418022720_0486_D.MP4,b19ab2da979b5a87c45750b95e249609,2025-10-22 22:01:55,2025-04-18 02:27:40,30_2025Apr杭州
DJI_20250418022925_0487_D.LRF,00c7240a89e30fb7aa378f0550cb88a0,2025-10-22 22:01:56,2025-04-18 02:30:10,30_2025Apr杭州
DJI_20250418022925_0487_D.MP4,c23e3cf4d17a8e163fe681841b25a6de,2025-10-22 22:01:56,2025-04-18 02:30:10,30_2025Apr杭州
DJI_20250418023028_0488_D.LRF,b446034325eebe0164e62dc670a91c0c,2025-10-22 22:01:56,2025-04-18 02:31:08,30_2025Apr杭州
DJI_20250418023028_0488_D.MP4,92889deb9d98210e0700f8a8c880033f,2025-10-22 22:01:56,2025-04-18 02:31:08,30_2025Apr杭州
DJI_20250418023146_0489_D.LRF,06bf02afaf17ea641aed5e2dd2012063,2025-10-22 22:01:56,2025-04-18 02:32:06,30_2025Apr杭州
DJI_20250418023146_0489_D.MP4,f2023b4f62583bd5e665ac2dc6d077f1,2025-10-22 22:01:56,2025-04-18 02:32:04,30_2025Apr杭州
DJI_20250418024612_0490_D.LRF,82b6541b87c253e8131a2aab37eee20b,2025-10-22 22:01:56,2025-04-18 02:48:12,30_2025Apr杭州
DJI_20250418024612_0490_D.MP4,3401532ad0118f32be6e2840dd35172f,2025-10-22 22:01:56,2025-04-18 02:48:12,30_2025Apr杭州
DJI_20250418034958_0491_D.LRF,88704ba3e5994ae992380efc9882825a,2025-10-22 22:01:57,2025-04-18 03:50:40,30_2025Apr杭州
DJI_20250418034958_0491_D.MP4,36e8c8ffb45c1234cab4dde9af2840f0,2025-10-22 22:01:57,2025-04-18 03:50:40,30_2025Apr杭州
DJI_20250418043123_0492_D.LRF,7d9c12925f3da59431d1868b94ea2b1f,2025-10-22 22:01:57,2025-04-18 04:33:02,30_2025Apr杭州
DJI_20250418043123_0492_D.MP4,d620a50177cdbf305206878a9921d411,2025-10-22 22:01:57,2025-04-18 04:33:00,30_2025Apr杭州
DJI_20250418043344_0493_D.LRF,8efd8e24546866a4170c2dfc75a1aca5,2025-10-22 22:01:58,2025-04-18 04:34:24,30_2025Apr杭州
DJI_20250418043344_0493_D.MP4,c0164f3114ea722b7bb704335adb201d,2025-10-22 22:01:58,2025-04-18 04:34:24,30_2025Apr杭州
DJI_20250418044035_0494_D.LRF,8409a0d575dc29d85bf9a21a8efc2a04,2025-10-22 22:01:58,2025-04-18 04:42:24,30_2025Apr杭州
DJI_20250418044035_0494_D.MP4,12e38ca2564ca4f94de803a70996d16f,2025-10-22 22:01:58,2025-04-18 04:42:22,30_2025Apr杭州
DJI_20250418044402_0495_D.LRF,498866d9d2ddc6c8088ee589183f34df,2025-10-22 22:01:59,2025-04-18 04:44:18,30_2025Apr杭州
DJI_20250418044402_0495_D.MP4,f4fbf6cfdd57134feada3321a2667d8b,2025-10-22 22:01:59,2025-04-18 04:44:18,30_2025Apr杭州
DJI_20250418202541_0496_D.LRF,f682a0f7f821cb53a90ee04436cb3eb5,2025-10-22 22:01:59,2025-04-18 20:27:56,30_2025Apr杭州
DJI_20250418202541_0496_D.MP4,a79c296e986a92d48c0c139473d4552d,2025-10-22 22:01:59,2025-04-18 20:27:56,30_2025Apr杭州
DJI_20250418203242_0497_D.LRF,366d9372bc05a65de0ec0b517cc9a6d8,2025-10-22 22:02:00,2025-04-18 20:32:52,30_2025Apr杭州
DJI_20250418203242_0497_D.MP4,581b0c5a1ef499496f2931701aa5666c,2025-10-22 22:02:00,2025-04-18 20:32:50,30_2025Apr杭州
DJI_20250418203414_0498_D.LRF,736be54c28791b9e6e05fbfb249ac0c2,2025-10-22 22:02:00,2025-04-18 20:35:58,30_2025Apr杭州
DJI_20250418203414_0498_D.MP4,a5a68b6e39b308e1aaf44616d8353cd2,2025-10-22 22:02:00,2025-04-18 20:35:58,30_2025Apr杭州
DJI_20250419024814_0499_D.LRF,c089a658deff76a415c2e3a26d37177a,2025-10-22 22:02:53,2025-04-19 02:49:04,60_2025Apr烏鎮
DJI_20250419024814_0499_D.MP4,d6b00935f8673c4da9766da301c204c1,2025-10-22 22:02:53,2025-04-19 02:49:04,60_2025Apr烏鎮
DJI_20250419025349_0500_D.LRF,36dd96ba38bd1ffb727818f05602cdf5,2025-10-22 22:02:00,2025-04-19 02:54:02,40_2025Apr_
DJI_20250419025349_0500_D.MP4,58d9b4dc0973a597fd7969d8902fc2a2,2025-10-22 22:02:53,2025-04-19 02:54:02,60_2025Apr烏鎮
DJI_20250419025515_0501_D.LRF,a47004d53f1da740882d047607529709,2025-10-22 22:02:00,2025-04-19 02:55:42,40_2025Apr_
DJI_20250419025515_0501_D.MP4,cd86327ac9eecf3ac520fcd08eeb6a2d,2025-10-22 22:02:00,2025-04-19 02:55:42,40_2025Apr_
DJI_20250419030420_0502_D.LRF,916959457377b65eec0084e7eb65358c,2025-10-22 22:02:00,2025-04-19 03:05:16,40_2025Apr_
DJI_20250419030420_0502_D.MP4,1d8f743a7f4c47c0c64aaaf71ac45ced,2025-10-22 22:02:01,2025-04-19 03:05:16,40_2025Apr_
DJI_20250419033936_0503_D.LRF,305d39a54481cdb5b4b8649fa40aca9c,2025-10-22 22:02:01,2025-04-19 03:40:04,40_2025Apr_
DJI_20250419033936_0503_D.MP4,970fd0f7aa281279db60e184dfefc47c,2025-10-22 22:02:01,2025-04-19 03:40:04,40_2025Apr_
DJI_20250419034044_0504_D.LRF,340c5f6ad89cb08a3d9fa4935c6e1fae,2025-10-22 22:02:01,2025-04-19 03:41:08,40_2025Apr_
DJI_20250419034044_0504_D.MP4,7cc6f1627752ff7a3856f25ccbf8771f,2025-10-22 22:02:01,2025-04-19 03:41:06,40_2025Apr_
DJI_20250419034235_0505_D.LRF,1dd1c38d9cf77768e776b3124c9d5679,2025-10-22 22:02:01,2025-04-19 03:43:00,40_2025Apr_
DJI_20250419034235_0505_D.MP4,ac5ba341a97498231b8462994356b265,2025-10-22 22:02:01,2025-04-19 03:43:00,40_2025Apr_
DJI_20250419034428_0506_D.LRF,c841b761ab02b71e6b149324384bbd10,2025-10-22 22:02:01,2025-04-19 03:44:38,40_2025Apr_
DJI_20250419034428_0506_D.MP4,7293bab9c1283c9cf0d204a8877217f9,2025-10-22 22:02:01,2025-04-19 03:44:38,40_2025Apr_
DJI_20250419035010_0507_D.LRF,e808678edb4931615f284be5da75aab8,2025-10-22 22:02:01,2025-04-19 03:51:06,40_2025Apr_
DJI_20250419035010_0507_D.MP4,773b3904df9818c1f4729f3853d2c56f,2025-10-22 22:02:01,2025-04-19 03:51:06,40_2025Apr_
DJI_20250419040106_0508_D.LRF,3d6bbbebe49b0b40ed565c03160ad84b,2025-10-22 22:02:02,2025-04-19 04:02:16,40_2025Apr_
DJI_20250419040106_0508_D.MP4,3eca8b79fd27afb327f598828ff970e8,2025-10-22 22:02:02,2025-04-19 04:02:16,40_2025Apr_
DJI_20250419040539_0509_D.LRF,39010b70de77319a47e4122899b018a0,2025-10-22 22:02:02,2025-04-19 04:06:04,40_2025Apr_
DJI_20250419040539_0509_D.MP4,2ddf241f72724643c3db4e0104c83cdc,2025-10-22 22:02:02,2025-04-19 04:06:04,40_2025Apr_
DJI_20250419041051_0510_D.LRF,a3c284d363f58954bd45cd04c297b89f,2025-10-22 22:02:02,2025-04-19 04:12:08,40_2025Apr_
DJI_20250419041051_0510_D.MP4,48caf7cb7126380f31c2ab0a8639976a,2025-10-22 22:02:02,2025-04-19 04:12:08,40_2025Apr_
DJI_20250419041712_0511_D.LRF,2823a3610fe115f8d5955764372e9326,2025-10-22 22:02:03,2025-04-19 04:17:26,40_2025Apr_
DJI_20250419041712_0511_D.MP4,942c6e286b8a21d752b7501d3722fd58,2025-10-22 22:02:03,2025-04-19 04:17:26,40_2025Apr_
DJI_20250419041843_0512_D.LRF,631ebcb561ff0f1ae710a12f0b932f76,2025-10-22 22:02:03,2025-04-19 04:20:00,40_2025Apr_
DJI_20250419041843_0512_D.MP4,a2a60bd2b9d8414d3943c9ad4b62c340,2025-10-22 22:02:03,2025-04-19 04:20:00,40_2025Apr_
DJI_20250419042133_0513_D.LRF,393d8afe5647269224005249a8afd5db,2025-10-22 22:02:03,2025-04-19 04:22:22,40_2025Apr_
DJI_20250419042133_0513_D.MP4,8a133904bb90bc625e99b21addb727bd,2025-10-22 22:02:03,2025-04-19 04:22:22,40_2025Apr_
DJI_20250419042511_0514_D.LRF,aa747350cad912688ce965a5fe3c12d6,2025-10-22 22:02:04,2025-04-19 04:26:02,40_2025Apr_
DJI_20250419042511_0514_D.MP4,0979bba31fdc62ace8d91bdf0182a80b,2025-10-22 22:02:04,2025-04-19 04:26:02,40_2025Apr_
DJI_20250419043005_0515_D.LRF,1939e25653c6a6f6d65697d9ef21bf00,2025-10-22 22:02:04,2025-04-19 04:35:54,40_2025Apr_
DJI_20250419043005_0515_D.MP4,892473cc85be65a8f78d9a48b125b15a,2025-10-22 22:02:05,2025-04-19 04:35:54,40_2025Apr_
DJI_20250419043624_0516_D.LRF,eac642460c098e64b2f507dd07535a17,2025-10-22 22:02:06,2025-04-19 04:39:00,40_2025Apr_
DJI_20250419043624_0516_D.MP4,4ca6385b41935df827e4512e5b18de55,2025-10-22 22:02:06,2025-04-19 04:39:00,40_2025Apr_
DJI_20250419043911_0517_D.LRF,82cc3f7f2037b80bf038a1d31f295ee9,2025-10-22 22:02:07,2025-04-19 04:40:26,40_2025Apr_
DJI_20250419043911_0517_D.MP4,2265fe9cc461ac8bf7b95df6bcab832b,2025-10-22 22:02:07,2025-04-19 04:40:24,40_2025Apr_
DJI_20250419044344_0518_D.LRF,ec6678c5dd95597c9b158cad1d2465b8,2025-10-22 22:02:07,2025-04-19 04:44:52,40_2025Apr_
DJI_20250419044344_0518_D.MP4,08ed51a85268b2f05c14672004575a8c,2025-10-22 22:02:08,2025-04-19 04:44:52,40_2025Apr_
DJI_20250419045422_0519_D.LRF,64c1f736a89386af70e34821b2b290a1,2025-10-22 22:02:08,2025-04-19 04:56:44,40_2025Apr_
DJI_20250419045422_0519_D.MP4,59cc0a5290abe9ab3131c90f4ae1e8fe,2025-10-22 22:02:08,2025-04-19 04:56:44,40_2025Apr_
DJI_20250419045855_0520_D.LRF,2d2e593d0d318998258e21695c2ba57d,2025-10-22 22:02:09,2025-04-19 05:00:26,40_2025Apr_
DJI_20250419045855_0520_D.MP4,a03c9d0471c59b82fface2e028c73035,2025-10-22 22:02:09,2025-04-19 05:00:26,40_2025Apr_
DJI_20250419050112_0521_D.LRF,98f66d6347a7e6240d9d5def33286527,2025-10-22 22:02:09,2025-04-19 05:01:52,40_2025Apr_
DJI_20250419050112_0521_D.MP4,e89e9a4a55ad6f1a0f195a384c452354,2025-10-22 22:02:09,2025-04-19 05:01:50,40_2025Apr_
DJI_20250419050611_0522_D.LRF,3a84cf3ee9bb226d05f0f0c37856055a,2025-10-22 22:02:09,2025-04-19 05:08:12,40_2025Apr_
DJI_20250419050611_0522_D.MP4,28555cf1548fad35f17742d07f71f696,2025-10-22 22:02:10,2025-04-19 05:08:12,40_2025Apr_
DJI_20250419051017_0523_D.LRF,db5bf4f2109af7d2ddcf66a64d21cae2,2025-10-22 22:02:10,2025-04-19 05:16:26,40_2025Apr_
DJI_20250419051017_0523_D.MP4,287a51e1454ef54675a2b88b24dc23b9,2025-10-22 22:02:11,2025-04-19 05:16:26,40_2025Apr_
DJI_20250419051708_0524_D.LRF,108395422034c634fd17bcac8e5c1424,2025-10-22 22:02:12,2025-04-19 05:18:12,40_2025Apr_
DJI_20250419051708_0524_D.MP4,1e3f1c13dd8330fa85c6aa20eae67b6f,2025-10-22 22:02:13,2025-04-19 05:18:12,40_2025Apr_
DJI_20250419052519_0525_D.LRF,2fdb1c0b14629ca885909de2a555769f,2025-10-22 22:02:13,2025-04-19 05:25:36,40_2025Apr_
DJI_20250419052519_0525_D.MP4,187573d83d89b2e99690f6239829ac91,2025-10-22 22:02:13,2025-04-19 05:25:36,40_2025Apr_
DJI_20250419054104_0526_D.LRF,87d089de66f5a9a89efee8ce21fa4ea9,2025-10-22 22:02:13,2025-04-19 05:41:40,40_2025Apr_
DJI_20250419054104_0526_D.MP4,5660e78b0fe3901e0dbcce7cca9d3b1e,2025-10-22 22:02:13,2025-04-19 05:41:40,40_2025Apr_
DJI_20250419054347_0527_D.LRF,154c9605e0f06667e574922d0c5cf6d1,2025-10-22 22:02:13,2025-04-19 05:44:12,40_2025Apr_
DJI_20250419054347_0527_D.MP4,e49d987ba8f3276dd3c5f1d53d2b7319,2025-10-22 22:02:13,2025-04-19 05:44:12,40_2025Apr_
DJI_20250419055814_0528_D.LRF,e9f0e02898964485bd73747a70e83e4a,2025-10-22 22:02:13,2025-04-19 05:59:10,40_2025Apr_
DJI_20250419055814_0528_D.MP4,efd4d92211b9abc54bceaf9a7b75530d,2025-10-22 22:02:14,2025-04-19 05:59:10,40_2025Apr_
DJI_20250419070455_0529_D.LRF,863a01bdd4178f2fe5818707bd928717,2025-10-22 22:02:14,2025-04-19 07:05:24,40_2025Apr_
DJI_20250419070455_0529_D.MP4,8d68a462ed4e1e86cd6c1c808f21357d,2025-10-22 22:02:14,2025-04-19 07:05:24,40_2025Apr_
DJI_20250419071021_0530_D.LRF,ac9190c22abcd37ddccfdc13e1c2f6eb,2025-10-22 22:02:14,2025-04-19 07:11:14,40_2025Apr_
DJI_20250419071021_0530_D.MP4,8156e937a2d756bfe9247077b28f73c2,2025-10-22 22:02:14,2025-04-19 07:11:14,40_2025Apr_
DJI_20250419071343_0531_D.LRF,a84c63bbc667bed539e006ec443a0983,2025-10-22 22:02:14,2025-04-19 07:13:58,40_2025Apr_
DJI_20250419071343_0531_D.MP4,6ac2c8ccf12d789b915d1f55409b27ed,2025-10-22 22:02:14,2025-04-19 07:13:58,40_2025Apr_
DJI_20250419231457_0532_D.LRF,b2bdf45cc79048ac07ce1451dd6d8c0e,2025-10-22 22:02:14,2025-04-19 23:15:56,40_2025Apr_
DJI_20250419231457_0532_D.MP4,537e49735c912305d68cb65445076852,2025-10-22 22:02:15,2025-04-19 23:15:56,40_2025Apr_
DJI_20250419231641_0533_D.LRF,e5d09d122beea4cf06ffae1b7741b5ea,2025-10-22 22:02:15,2025-04-19 23:17:24,40_2025Apr_
DJI_20250419231641_0533_D.MP4,74387f34d0c06a94582079cc85507dc6,2025-10-22 22:02:15,2025-04-19 23:17:24,40_2025Apr_
DJI_20250419235211_0534_D.LRF,26bfeb0d9cbe50524888605b5f5e1169,2025-10-22 22:02:15,2025-04-19 23:52:42,40_2025Apr_
DJI_20250419235211_0534_D.MP4,afdb2e3e0dc6095697c7eb3fed0bd39d,2025-10-22 22:02:15,2025-04-19 23:52:42,40_2025Apr_
DJI_20250419235530_0535_D.LRF,c3beff67b6ba6416756f21d36803cbd1,2025-10-22 22:02:15,2025-04-19 23:56:10,40_2025Apr_
DJI_20250419235530_0535_D.MP4,8babaf91f7c1905ef4855a823a5a73be,2025-10-22 22:02:15,2025-04-19 23:56:10,40_2025Apr_
DJI_20250419235654_0536_D.LRF,46a5a1ea9eadaabb85078b54fd18b1b0,2025-10-22 22:02:15,2025-04-19 23:57:26,40_2025Apr_
DJI_20250419235654_0536_D.MP4,a216a0b90d2306d14a5bdc14d5389c47,2025-10-22 22:02:15,2025-04-19 23:57:26,40_2025Apr_
DJI_20250419235812_0537_D.LRF,b7018e5c4d2afe412d2b81f82127e388,2025-10-22 22:02:16,2025-04-19 23:59:42,40_2025Apr_
DJI_20250419235812_0537_D.MP4,0224ff4b7ee26c2463da5225fa16cfa4,2025-10-22 22:02:16,2025-04-19 23:59:42,40_2025Apr_
DJI_20250420000321_0538_D.LRF,d9de383a6ad3061687cd36d0f44a2e72,2025-10-22 22:02:16,2025-04-20 00:04:28,40_2025Apr_
DJI_20250420000321_0538_D.MP4,77fc3dbd8d46d17a640d22bad822ae55,2025-10-22 22:02:16,2025-04-20 00:04:28,40_2025Apr_
DJI_20250420000651_0539_D.LRF,8a602fe968ae21309d6bde4363aeef4f,2025-10-22 22:02:17,2025-04-20 00:07:54,40_2025Apr_
DJI_20250420000651_0539_D.MP4,2bfbb1f08c1c51ed1a690fa2675d76f2,2025-10-22 22:02:17,2025-04-20 00:07:52,40_2025Apr_
DJI_20250420000810_0540_D.LRF,a847faeb362ef90c88f6ed4134a0ca7e,2025-10-22 22:02:17,2025-04-20 00:15:10,40_2025Apr_
DJI_20250420000810_0540_D.MP4,bf4ce6ae8d46a786b2b39afc7735ec9e,2025-10-22 22:02:18,2025-04-20 00:15:10,40_2025Apr_
DJI_20250420001633_0541_D.LRF,e12f3177d72365b3b4059312d41581c1,2025-10-22 22:02:19,2025-04-20 00:20:42,40_2025Apr_
DJI_20250420001633_0541_D.MP4,321eed8a798e060277a5724fd8890c9a,2025-10-22 22:02:20,2025-04-20 00:20:42,40_2025Apr_
DJI_20250420002308_0542_D.LRF,6db40b68f0309383c2b3d51e6df23fee,2025-10-22 22:02:20,2025-04-20 00:23:28,40_2025Apr_
DJI_20250420002308_0542_D.MP4,19e045f3112f645c784a7495b56a5e03,2025-10-22 22:02:21,2025-04-20 00:23:28,40_2025Apr_
DJI_20250420044049_0543_D.LRF,f04c9f7064e2f8a8fec4a1858cc62942,2025-10-22 22:02:21,2025-04-20 04:42:02,40_2025Apr_
DJI_20250420044049_0543_D.MP4,55a97322e9bb4aa0b074862a02297525,2025-10-22 22:02:21,2025-04-20 04:42:00,40_2025Apr_
DJI_20250420044259_0544_D.LRF,92c7a1079e245cdc0b4856204ac6a941,2025-10-22 22:02:21,2025-04-20 04:44:46,40_2025Apr_
DJI_20250420044259_0544_D.MP4,8c0a2958e758162db47204b5103b1bd8,2025-10-22 22:02:21,2025-04-20 04:44:44,40_2025Apr_
DJI_20250420044605_0545_D.LRF,33ecf98446a6a59e1fac2c3a655051ad,2025-10-22 22:02:22,2025-04-20 04:49:40,40_2025Apr_
DJI_20250420044605_0545_D.MP4,55447c629880ed7f62693cbaf7b0d154,2025-10-22 22:02:22,2025-04-20 04:49:38,40_2025Apr_
DJI_20250420045439_0546_D.LRF,02d85388953def8d01487e01e0788862,2025-10-22 22:02:23,2025-04-20 04:58:38,40_2025Apr_
DJI_20250420045439_0546_D.MP4,350a967d13de8304371d92e72ba160c4,2025-10-22 22:02:24,2025-04-20 04:58:36,40_2025Apr_
DJI_20250420045932_0547_D.LRF,974e33533a72466e79f69df6d1e2e7d8,2025-10-22 22:02:25,2025-04-20 05:01:20,40_2025Apr_
DJI_20250420045932_0547_D.MP4,4c0c1df03b3157d9e71c6358a8b366c2,2025-10-22 22:02:25,2025-04-20 05:01:18,40_2025Apr_
DJI_20250420050225_0548_D.LRF,e44c915efc4af10ee9ef2ec2bae0d71e,2025-10-22 22:02:26,2025-04-20 05:03:08,40_2025Apr_
DJI_20250420050225_0548_D.MP4,b2c5e8cef4449a7d4b824403e98d06ad,2025-10-22 22:02:26,2025-04-20 05:03:08,40_2025Apr_
DJI_20250420050355_0549_D.LRF,4491b2fd8ce331a2ab0fdeda79e9492f,2025-10-22 22:02:26,2025-04-20 05:06:28,40_2025Apr_
DJI_20250420050355_0549_D.MP4,9a31f9ba265c596f95e0fffcb95b8b1a,2025-10-22 22:02:26,2025-04-20 05:06:28,40_2025Apr_
DJI_20250420050742_0550_D.LRF,ce2e5ef3f062a0547c0517dd56fb997d,2025-10-22 22:02:27,2025-04-20 05:12:50,40_2025Apr_
DJI_20250420050742_0550_D.MP4,0382c4b7751b1f36fc3b23e05359fd52,2025-10-22 22:02:28,2025-04-20 05:12:50,40_2025Apr_
DJI_20250420051759_0551_D.LRF,8b44668d48c440682e9701d2639acf63,2025-10-22 22:02:29,2025-04-20 05:22:22,40_2025Apr_
DJI_20250420051759_0551_D.MP4,1cafbfe8471fa37e0d913b6634f2bcee,2025-10-22 22:02:30,2025-04-20 05:22:22,40_2025Apr_
DJI_20250420052912_0552_D.LRF,b2404c3b58a257f309ee7b0c81914bf0,2025-10-22 22:02:31,2025-04-20 05:29:50,40_2025Apr_
DJI_20250420052912_0552_D.MP4,c406521a4143b2b73726d2d6a323ecb2,2025-10-22 22:02:31,2025-04-20 05:29:50,40_2025Apr_
DJI_20250420054323_0553_D.LRF,cff8920674a7249b8b1ffe93291ce3e9,2025-10-22 22:02:31,2025-04-20 05:47:34,40_2025Apr_
DJI_20250420054323_0553_D.MP4,653b91093b3854c1ea276ca19c64fe24,2025-10-22 22:02:32,2025-04-20 05:47:34,40_2025Apr_
DJI_20250420054811_0554_D.LRF,df27ae0740cf006a00f64fd05cf0a8fa,2025-10-22 22:02:33,2025-04-20 05:48:38,40_2025Apr_
DJI_20250420054811_0554_D.MP4,cf5f82bfcd1dcbb728bdab39c88fb4f0,2025-10-22 22:02:33,2025-04-20 05:48:38,40_2025Apr_
DJI_20250421032241_0555_D.LRF,6238ae7a81879216b1fb35c756b47f91,2025-10-22 22:02:33,2025-04-21 03:23:48,40_2025Apr_
DJI_20250421032241_0555_D.MP4,409c564c2be3d328c44e646a4aa67999,2025-10-22 22:02:34,2025-04-21 03:23:48,40_2025Apr_
DJI_20250421032620_0556_D.LRF,de27a3974b67c0085b650551dcf4be20,2025-10-22 22:02:34,2025-04-21 03:27:24,40_2025Apr_
DJI_20250421032620_0556_D.MP4,bcc47a66e5aafdb13fd3139c059c9549,2025-10-22 22:02:34,2025-04-21 03:27:24,40_2025Apr_
DJI_20250421032749_0557_D.LRF,1e71fe32dc195af6156cd623eec618a7,2025-10-22 22:02:34,2025-04-21 03:30:08,40_2025Apr_
DJI_20250421032749_0557_D.MP4,d2d46c6e5751cb8c3d5ceec533ae9dc7,2025-10-22 22:02:35,2025-04-21 03:30:08,40_2025Apr_
DJI_20250421033142_0558_D.LRF,cbc6d7d7c90b532fea7f17a494f476a8,2025-10-22 22:02:35,2025-04-21 03:33:20,40_2025Apr_
DJI_20250421033142_0558_D.MP4,6ad54fb5b11b91f68a2b81807257012c,2025-10-22 22:02:36,2025-04-21 03:33:20,40_2025Apr_
DJI_20250421033428_0559_D.LRF,170bb25914499558f9a57878d874ad8a,2025-10-22 22:02:36,2025-04-21 03:39:26,40_2025Apr_
DJI_20250421033428_0559_D.MP4,774216637232a2010fbe4e606e3f60b2,2025-10-22 22:02:36,2025-04-21 03:39:24,40_2025Apr_
DJI_20250421034015_0560_D.LRF,3cab2a7174b84fe64d72fd69f229b92f,2025-10-22 22:02:38,2025-04-21 03:40:42,40_2025Apr_
DJI_20250421034015_0560_D.MP4,1874f8680fbc8b5e5594dcb189861064,2025-10-22 22:02:38,2025-04-21 03:40:42,40_2025Apr_
DJI_20250421034106_0561_D.LRF,c72c24e2ea4b3306dc49446aa047686c,2025-10-22 22:02:38,2025-04-21 03:42:28,40_2025Apr_
DJI_20250421034106_0561_D.MP4,e72ae90db55c56817dc8d463944dfa92,2025-10-22 22:02:38,2025-04-21 03:42:28,40_2025Apr_
DJI_20250421034331_0562_D.LRF,fcaf267de90a75ee874dc78820192ad1,2025-10-22 22:02:38,2025-04-21 03:46:02,40_2025Apr_
DJI_20250421034331_0562_D.MP4,96a472a8b6dc93eed1702b85d7aa4112,2025-10-22 22:02:39,2025-04-21 03:46:02,40_2025Apr_
DJI_20250421034621_0563_D.LRF,1a51a7d007043ad7fbf47f7811900678,2025-10-22 22:02:39,2025-04-21 03:48:32,40_2025Apr_
DJI_20250421034621_0563_D.MP4,74a3ba3568dad115ec11954b2cb3d994,2025-10-22 22:02:40,2025-04-21 03:48:32,40_2025Apr_
DJI_20250421034857_0564_D.LRF,84c51b17e73270397b92b1681cb2eda2,2025-10-22 22:02:40,2025-04-21 03:49:10,40_2025Apr_
DJI_20250421034857_0564_D.MP4,34b53fba7b327d9d3f91e131906bd1de,2025-10-22 22:02:40,2025-04-21 03:49:10,40_2025Apr_
DJI_20250421034930_0565_D.LRF,06cb69639837b2fc596e9bb0861d6edc,2025-10-22 22:02:40,2025-04-21 03:49:40,40_2025Apr_
DJI_20250421034930_0565_D.MP4,abf99b91b7de3b0fad45fa442be28690,2025-10-22 22:02:40,2025-04-21 03:49:40,40_2025Apr_
DJI_20250421035031_0566_D.LRF,32f2bd238f5cdd01e0b774343246129e,2025-10-22 22:02:40,2025-04-21 03:51:16,40_2025Apr_
DJI_20250421035031_0566_D.MP4,9c98b8824f631333c9c053b26169f15e,2025-10-22 22:02:40,2025-04-21 03:51:14,40_2025Apr_
DJI_20250421035245_0567_D.JPG,1644bc6861c70b5905380ab2b0f11fc5,2025-10-22 22:02:41,2025-04-21 03:52:46,40_2025Apr_
DJI_20250421035249_0568_D.JPG,3f3c867704d22173dee452505a490c4a,2025-10-22 22:02:41,2025-04-21 03:52:50,40_2025Apr_
DJI_20250421035303_0569_D.JPG,8674ea1a58b2afc48590de190df54388,2025-10-22 22:02:41,2025-04-21 03:53:06,40_2025Apr_
DJI_20250421035309_0570_D.JPG,a8235f6fbd72b01df08518803092d569,2025-10-22 22:02:41,2025-04-21 03:53:10,40_2025Apr_
DJI_20250421035325_0571_D.LRF,4b3f03d1c77aaab05170d29fe2510e7b,2025-10-22 22:02:41,2025-04-21 03:53:42,40_2025Apr_
DJI_20250421035325_0571_D.MP4,f0c047f78495cd50f6b7aff270cb20bb,2025-10-22 22:02:41,2025-04-21 03:53:42,40_2025Apr_
DJI_20250421035544_0572_D.LRF,2cd89fd1973a7dd7793b3ed3e29e0c14,2025-10-22 22:02:41,2025-04-21 03:56:52,40_2025Apr_
DJI_20250421035544_0572_D.MP4,481522fd5744c86992c23a991f96afee,2025-10-22 22:02:41,2025-04-21 03:56:50,40_2025Apr_
DJI_20250421035806_0573_D.LRF,49716dfaca9ec763b56a5600e7917c19,2025-10-22 22:02:41,2025-04-21 03:58:32,40_2025Apr_
DJI_20250421035806_0573_D.MP4,0dda68a8470f0996b3f0a315dd504fe9,2025-10-22 22:02:41,2025-04-21 03:58:32,40_2025Apr_
DJI_20250421040334_0574_D.LRF,969fd4f865e52e4a61f5270363ec3448,2025-10-22 22:02:42,2025-04-21 04:04:06,40_2025Apr_
DJI_20250421040334_0574_D.MP4,0f8b6fcfc489db6dbd1dab7fd2a8fb3d,2025-10-22 22:02:42,2025-04-21 04:04:06,40_2025Apr_
DJI_20250421042020_0575_D.LRF,794dd318531c260b31f16c5a0f06f08f,2025-10-22 22:02:42,2025-04-21 04:27:42,40_2025Apr_
DJI_20250421042020_0575_D.MP4,60c85aa39a172678b8f103bbbf57fbb1,2025-10-22 22:02:42,2025-04-21 04:27:42,40_2025Apr_
DJI_20250421044959_0576_D.LRF,17369fda0aefe83d7ae37f72e7e7f78d,2025-10-22 22:02:44,2025-04-21 04:50:04,40_2025Apr_
DJI_20250421044959_0576_D.MP4,7c165b2be0bdfeda0189ede1c310025f,2025-10-22 22:02:44,2025-04-21 04:50:04,40_2025Apr_
DJI_20250421045005_0577_D.LRF,5268de406e956935d1e8c8f6236827e7,2025-10-22 22:02:44,2025-04-21 04:50:48,40_2025Apr_
DJI_20250421045005_0577_D.MP4,b2051b0a492d0557a09e764e1f0ffafd,2025-10-22 22:02:44,2025-04-21 04:50:48,40_2025Apr_
DJI_20250421045207_0578_D.LRF,64a0d914fb22207723ab7d5fe9961af7,2025-10-22 22:02:45,2025-04-21 04:55:04,40_2025Apr_
DJI_20250421045207_0578_D.MP4,52e14cfad303687219bec01162515299,2025-10-22 22:02:45,2025-04-21 04:55:04,40_2025Apr_
DJI_20250421045727_0579_D.LRF,0f0c5b83990a28e2d1c2f9f4952f951a,2025-10-22 22:02:46,2025-04-21 05:02:54,40_2025Apr_
DJI_20250421045727_0579_D.MP4,111474efedd2ff904bda41b51b9f9382,2025-10-22 22:02:46,2025-04-21 05:02:54,40_2025Apr_
DJI_20250421050407_0580_D.LRF,2133310132ba40517f8d2138088565f4,2025-10-22 22:02:48,2025-04-21 05:05:12,40_2025Apr_
DJI_20250421050407_0580_D.MP4,b4b844bc2bf8b0c17e36096a874519e8,2025-10-22 22:02:48,2025-04-21 05:05:10,40_2025Apr_
DJI_20250421051522_0581_D.LRF,9201e57423ee4009226473b382687180,2025-10-22 22:02:49,2025-04-21 05:15:46,40_2025Apr_
DJI_20250421051522_0581_D.MP4,6569a669ce3b156f71219887fec8465a,2025-10-22 22:02:49,2025-04-21 05:15:46,40_2025Apr_
DJI_20250421053020_0582_D.LRF,4632570d82d8f3dda0ce4a1f487aa446,2025-10-22 22:02:49,2025-04-21 05:31:08,40_2025Apr_
DJI_20250421053020_0582_D.MP4,3d5af0e638b0c7a8f04e17a280855cce,2025-10-22 22:02:49,2025-04-21 05:31:06,40_2025Apr_
DJI_20250421053126_0583_D.LRF,746a75558bb00c5427ee9ad2fcc5ff95,2025-10-22 22:02:49,2025-04-21 05:31:42,40_2025Apr_
DJI_20250421053126_0583_D.MP4,f35ec277286eea044f32e8e9d4dc6a6d,2025-10-22 22:02:49,2025-04-21 05:31:42,40_2025Apr_
DJI_20250421053201_0584_D.LRF,a69f47232c70fc1e9195d9b89263d698,2025-10-22 22:02:49,2025-04-21 05:32:54,40_2025Apr_
DJI_20250421053201_0584_D.MP4,0d5c7bc9aaa6799d61727a3a1db4e0cc,2025-10-22 22:02:49,2025-04-21 05:32:54,40_2025Apr_
DJI_20250421061345_0585_D.LRF,ff9158647dd1ffb9768267b01f0de5a3,2025-10-22 22:02:49,2025-04-21 06:15:22,40_2025Apr_
DJI_20250421061345_0585_D.MP4,abbe1bcdc778b36e67389bbf883aebbb,2025-10-22 22:02:50,2025-04-21 06:15:22,40_2025Apr_
DJI_20250422015722_0586_D.LRF,8ebd4d266e74e6eb75c51e70e0d8fcf6,2025-10-22 22:02:53,2025-04-22 01:57:50,60_2025Apr烏鎮
DJI_20250422015722_0586_D.MP4,7e92be67c128adeb3687da4a6c6167ee,2025-10-22 22:02:53,2025-04-22 01:57:50,60_2025Apr烏鎮
DJI_20250422015758_0587_D.LRF,d0837ef834e01a0f8ce73ddefa21b976,2025-10-22 22:02:53,2025-04-22 01:58:42,60_2025Apr烏鎮
DJI_20250422015758_0587_D.MP4,37e673a7e90dbdd7e833ee4638eefc4b,2025-10-22 22:02:54,2025-04-22 01:58:42,60_2025Apr烏鎮
DJI_20250422020005_0588_D.LRF,f7e6b6db0f0eabf7c04bbad6728fb89d,2025-10-22 22:02:54,2025-04-22 02:01:14,60_2025Apr烏鎮
DJI_20250422020005_0588_D.MP4,28a5b07ad024933cbf61996bc42bc295,2025-10-22 22:02:54,2025-04-22 02:01:14,60_2025Apr烏鎮
DJI_20250422020247_0589_D.LRF,2c42eba5eba28e56edf5ddbf17f39093,2025-10-22 22:02:54,2025-04-22 02:04:00,60_2025Apr烏鎮
DJI_20250422020247_0589_D.MP4,365c2b705ad3c9f24205b077170ad88b,2025-10-22 22:02:54,2025-04-22 02:03:58,60_2025Apr烏鎮
DJI_20250422020500_0590_D.LRF,1d9d8f90f6ca9febf1986977a157537f,2025-10-22 22:02:55,2025-04-22 02:06:00,60_2025Apr烏鎮
DJI_20250422020500_0590_D.MP4,ab40d0464b50850c6cff0c3ba5428c29,2025-10-22 22:02:55,2025-04-22 02:06:00,60_2025Apr烏鎮
DJI_20250422020717_0591_D.LRF,14d9890f0f0fa1d5cabef932aec43981,2025-10-22 22:02:55,2025-04-22 02:08:12,60_2025Apr烏鎮
DJI_20250422020717_0591_D.MP4,8e3cc9f69943682b0aa4f23426e0de58,2025-10-22 22:02:55,2025-04-22 02:08:12,60_2025Apr烏鎮
DJI_20250422020838_0592_D.LRF,fd51784537160d08e0890277819ad5c7,2025-10-22 22:02:55,2025-04-22 02:09:12,60_2025Apr烏鎮
DJI_20250422020838_0592_D.MP4,246b6d2930b4a34bc9022790f9957dc5,2025-10-22 22:02:56,2025-04-22 02:09:12,60_2025Apr烏鎮
DJI_20250422020919_0593_D.LRF,10591d6a5ddd18aca5f0ebf744035a52,2025-10-22 22:02:56,2025-04-22 02:12:52,60_2025Apr烏鎮
DJI_20250422020919_0593_D.MP4,e634e43dc4b54be6dd001e9d44ca497c,2025-10-22 22:02:56,2025-04-22 02:12:52,60_2025Apr烏鎮
DJI_20250422021255_0594_D.LRF,e9ba8f8f9528a5dadef09aeebe1cfa4f,2025-10-22 22:02:57,2025-04-22 02:17:28,60_2025Apr烏鎮
DJI_20250422021255_0594_D.MP4,1337b312017d4de9759096812545c04a,2025-10-22 22:02:57,2025-04-22 02:17:28,60_2025Apr烏鎮
DJI_20250422021909_0595_D.LRF,3cb9ca4d5a88d4084d3fe5001e2cc16e,2025-10-22 22:02:59,2025-04-22 02:20:04,60_2025Apr烏鎮
DJI_20250422021909_0595_D.MP4,bf1d76ad2cc90cfddf7f5a3dbc1a1a5f,2025-10-22 22:02:59,2025-04-22 02:20:02,60_2025Apr烏鎮
DJI_20250422022021_0596_D.LRF,d68f59c4eb05f922e1ac93a6f95aebd1,2025-10-22 22:02:59,2025-04-22 02:22:48,60_2025Apr烏鎮
DJI_20250422022021_0596_D.MP4,917ab2e19cbe62561088aa4c27a679e3,2025-10-22 22:02:59,2025-04-22 02:22:48,60_2025Apr烏鎮
DJI_20250422022324_0597_D.LRF,bf33b996aaf07eda6923b02c710edd84,2025-10-22 22:03:00,2025-04-22 02:24:36,60_2025Apr烏鎮
DJI_20250422022324_0597_D.MP4,aaf5c2dd442453eabaac442d4b9125bc,2025-10-22 22:03:00,2025-04-22 02:24:36,60_2025Apr烏鎮
DJI_20250422022529_0598_D.LRF,84506b1a6914822ebb2b1253d6535e75,2025-10-22 22:03:00,2025-04-22 02:28:34,60_2025Apr烏鎮
DJI_20250422022529_0598_D.MP4,32b59fc1729523afba6e7bdcda3371f2,2025-10-22 22:03:00,2025-04-22 02:28:34,60_2025Apr烏鎮
DJI_20250422023102_0599_D.LRF,3c56ed5e6bd409955d23a655cee6c726,2025-10-22 22:03:01,2025-04-22 02:36:00,60_2025Apr烏鎮
DJI_20250422023102_0599_D.MP4,5182344cedee2fd0a2ac4eda3341d125,2025-10-22 22:03:02,2025-04-22 02:36:00,60_2025Apr烏鎮
DJI_20250422023746_0600_D.LRF,0fac227eaf9ba36609b6668524497f46,2025-10-22 22:03:03,2025-04-22 02:41:52,60_2025Apr烏鎮
DJI_20250422023746_0600_D.MP4,9007714b56814a34d7fda4fefe798cb5,2025-10-22 22:03:03,2025-04-22 02:41:52,60_2025Apr烏鎮
DJI_20250422024435_0601_D.LRF,b08e4b2fc3ea4db10ae93ce0d9907b3b,2025-10-22 22:03:04,2025-04-22 02:46:28,60_2025Apr烏鎮
DJI_20250422024435_0601_D.MP4,934abe5600ab08654c928f577f6dd7af,2025-10-22 22:03:05,2025-04-22 02:46:28,60_2025Apr烏鎮
DJI_20250422024723_0602_D.LRF,9f2d1c8fbc679a0eac4a9cfd6a45fd2b,2025-10-22 22:03:05,2025-04-22 02:47:44,60_2025Apr烏鎮
DJI_20250422024723_0602_D.MP4,4c6550d14be7c875be383313fedb2879,2025-10-22 22:03:05,2025-04-22 02:47:44,60_2025Apr烏鎮
DJI_20250422024924_0603_D.LRF,238ba70de63e8c5d1d04dd556cdb097a,2025-10-22 22:03:05,2025-04-22 02:49:56,60_2025Apr烏鎮
DJI_20250422024924_0603_D.MP4,843ff5dd357546377616e8d57895ada3,2025-10-22 22:03:05,2025-04-22 02:49:56,60_2025Apr烏鎮
DJI_20250422025105_0604_D.LRF,c7be5f56780d8b67e4d8951dd6b5135d,2025-10-22 22:03:06,2025-04-22 02:53:34,60_2025Apr烏鎮
DJI_20250422025105_0604_D.MP4,ff72f06c5f07679357261afc0fd079ef,2025-10-22 22:03:06,2025-04-22 02:53:32,60_2025Apr烏鎮
DJI_20250422045448_0605_D.LRF,1fec8a02ce26905226d51d48fc220b0a,2025-10-22 22:03:07,2025-04-22 04:59:26,60_2025Apr烏鎮
DJI_20250422045448_0605_D.MP4,98fdad2927fd600dc5f04996ad947674,2025-10-22 22:03:07,2025-04-22 04:59:24,60_2025Apr烏鎮
DJI_20250422050509_0606_D.LRF,c59b64fbca10ff455e225407044946e7,2025-10-22 22:03:09,2025-04-22 05:11:52,60_2025Apr烏鎮
DJI_20250422050509_0606_D.MP4,988c7a5d3936ecdc28776da33b8e847e,2025-10-22 22:03:09,2025-04-22 05:11:52,60_2025Apr烏鎮
DJI_20250422051222_0607_D.LRF,16593d0a3f9dcd1d23e93ac2a3c0553e,2025-10-22 22:03:11,2025-04-22 05:12:46,60_2025Apr烏鎮
DJI_20250422051222_0607_D.MP4,7b8282db0f2d4c1d43a3a3cb99adda62,2025-10-22 22:03:11,2025-04-22 05:12:46,60_2025Apr烏鎮
DJI_20250422051348_0608_D.LRF,c29f0117381519d52298b2edca61cf30,2025-10-22 22:03:11,2025-04-22 05:14:14,60_2025Apr烏鎮
DJI_20250422051348_0608_D.MP4,6dff04141393609a6ec42abe368e8f8c,2025-10-22 22:03:11,2025-04-22 05:14:14,60_2025Apr烏鎮
DJI_20250422051433_0609_D.LRF,cb51ae2d555c6515d2da146778b74776,2025-10-22 22:03:11,2025-04-22 05:15:36,60_2025Apr烏鎮
DJI_20250422051433_0609_D.MP4,2c8c9419d632b1ebac3e45857b11f3d6,2025-10-22 22:03:11,2025-04-22 05:15:36,60_2025Apr烏鎮
DJI_20250422051543_0610_D.LRF,0e124e4dfb64eedee1a46431d54e77dd,2025-10-22 22:03:11,2025-04-22 05:20:32,60_2025Apr烏鎮
DJI_20250422051543_0610_D.MP4,7cbce9794fadf328b707854d1c3d0cf9,2025-10-22 22:03:12,2025-04-22 05:20:30,60_2025Apr烏鎮
DJI_20250422052053_0611_D.LRF,c298d4561d5f2466975810576511ff8a,2025-10-22 22:03:13,2025-04-22 05:25:18,60_2025Apr烏鎮
DJI_20250422052053_0611_D.MP4,e1a972cadc347b1077aefb5c65c16cac,2025-10-22 22:03:13,2025-04-22 05:25:16,60_2025Apr烏鎮
DJI_20250422052540_0612_D.LRF,a278e94889b94eef601ed9ada2372f53,2025-10-22 22:03:14,2025-04-22 05:26:14,60_2025Apr烏鎮
DJI_20250422052540_0612_D.MP4,f9884bae2fe79ff8d907fd12fc8a4e4a,2025-10-22 22:03:14,2025-04-22 05:26:14,60_2025Apr烏鎮
DJI_20250422052634_0613_D.LRF,1498e7d77eafb547df14b2420bcbbe15,2025-10-22 22:03:14,2025-04-22 05:28:26,60_2025Apr烏鎮
DJI_20250422052634_0613_D.MP4,8e0f313650673a652263463413053091,2025-10-22 22:03:15,2025-04-22 05:28:26,60_2025Apr烏鎮
DJI_20250422052944_0614_D.LRF,2e4995c0189d2df141dfe0e839cb2665,2025-10-22 22:03:15,2025-04-22 05:30:34,60_2025Apr烏鎮
DJI_20250422052944_0614_D.MP4,54523ebf4d4e6c64c4ea05169fec2e36,2025-10-22 22:03:15,2025-04-22 05:30:32,60_2025Apr烏鎮
DJI_20250422053101_0615_D.LRF,a183e1ab383df23715846ece19aa328c,2025-10-22 22:03:15,2025-04-22 05:31:08,60_2025Apr烏鎮
DJI_20250422053101_0615_D.MP4,abeb1b123af5929124e20d21dcc865c0,2025-10-22 22:03:15,2025-04-22 05:31:08,60_2025Apr烏鎮
DJI_20250422053111_0616_D.LRF,5ce3a1a03fb19be58295bf7395dc51bb,2025-10-22 22:03:15,2025-04-22 05:34:40,60_2025Apr烏鎮
DJI_20250422053111_0616_D.MP4,5d5a34f8fc2eb82aae3752a0af36735d,2025-10-22 22:03:16,2025-04-22 05:34:40,60_2025Apr烏鎮
DJI_20250422053450_0617_D.LRF,259eb65a13e4d3e0fd6c9d5dc6e3c5e6,2025-10-22 22:03:16,2025-04-22 05:38:00,60_2025Apr烏鎮
DJI_20250422053450_0617_D.MP4,f8ec6546e94952310818c79ad04d4f4e,2025-10-22 22:03:17,2025-04-22 05:38:00,60_2025Apr烏鎮
DJI_20250422053907_0618_D.LRF,a877cb1c3ea1d516852e84be2c8a9bff,2025-10-22 22:03:17,2025-04-22 05:43:42,60_2025Apr烏鎮
DJI_20250422053907_0618_D.MP4,3b685f3c281d169a3e76b03bf56bbb2b,2025-10-22 22:03:18,2025-04-22 05:43:42,60_2025Apr烏鎮
DJI_20250422054429_0619_D.LRF,73bea055bb9588b3bdc5af7ddd17d2b4,2025-10-22 22:03:19,2025-04-22 05:45:56,60_2025Apr烏鎮
DJI_20250422054429_0619_D.MP4,0a580d9d591556f4a5579257cc2a6160,2025-10-22 22:03:19,2025-04-22 05:45:56,60_2025Apr烏鎮
DJI_20250422054620_0620_D.LRF,ddb7963dd3edb456765384a2c56a6804,2025-10-22 22:03:20,2025-04-22 05:46:44,60_2025Apr烏鎮
DJI_20250422054620_0620_D.MP4,4286c624afc432fb802b7f63d472c98a,2025-10-22 22:03:20,2025-04-22 05:46:44,60_2025Apr烏鎮
DJI_20250422055459_0621_D.LRF,84104165e95ecc3d95a31e417747ae46,2025-10-22 22:03:20,2025-04-22 06:02:48,60_2025Apr烏鎮
DJI_20250422055459_0621_D.MP4,4c90008769d45cb3890cea150d1a2748,2025-10-22 22:03:20,2025-04-22 06:02:48,60_2025Apr烏鎮
DJI_20250422060336_0622_D.LRF,6846630303f8a9886b8c5ba240e111d5,2025-10-22 22:03:23,2025-04-22 06:04:42,60_2025Apr烏鎮
DJI_20250422060336_0622_D.MP4,80eb422db6c3cbd1a9de70d4acafd7ce,2025-10-22 22:03:23,2025-04-22 06:04:40,60_2025Apr烏鎮
DJI_20250422060454_0623_D.LRF,df7be6a84354a7862f4657a9e88cc88f,2025-10-22 22:03:23,2025-04-22 06:07:08,60_2025Apr烏鎮
DJI_20250422060454_0623_D.MP4,fe7278868502ef329d42062d20b651d9,2025-10-22 22:03:23,2025-04-22 06:07:08,60_2025Apr烏鎮
DJI_20250422060722_0624_D.LRF,1e4d9f1b0fd0382b746584bff81e1326,2025-10-22 22:03:24,2025-04-22 06:07:34,60_2025Apr烏鎮
DJI_20250422060722_0624_D.MP4,0515529c47106e49b983cb27dca15cd2,2025-10-22 22:03:24,2025-04-22 06:07:34,60_2025Apr烏鎮
DJI_20250422060937_0625_D.LRF,3b30e7eb754d3fd0abb1db7ef10cc3c4,2025-10-22 22:03:24,2025-04-22 06:09:42,60_2025Apr烏鎮
DJI_20250422060937_0625_D.MP4,60607e99eaa21d787eee80458295efe2,2025-10-22 22:03:24,2025-04-22 06:09:42,60_2025Apr烏鎮
DJI_20250422061303_0626_D.LRF,b179667f9b6e3ef87f1b604054448513,2025-10-22 22:03:24,2025-04-22 06:13:40,60_2025Apr烏鎮
DJI_20250422061303_0626_D.MP4,12e44121f725332b2dee3aa1a3847430,2025-10-22 22:03:24,2025-04-22 06:13:40,60_2025Apr烏鎮
DJI_20250422075422_0627_D.LRF,a59e4e457ac0ceddf9926bc8cd092571,2025-10-22 22:03:24,2025-04-22 07:55:54,60_2025Apr烏鎮
DJI_20250422075422_0627_D.MP4,387d1d23b36d0c396f047f2acaefb721,2025-10-22 22:03:25,2025-04-22 07:55:54,60_2025Apr烏鎮
DJI_20250422081019_0628_D.LRF,60d25f8b63c3d41f23df62a93bd2de9f,2025-10-22 22:03:25,2025-04-22 08:11:54,60_2025Apr烏鎮
DJI_20250422081019_0628_D.MP4,72ffdf44182aefd5e9dd28f02c416e1f,2025-10-22 22:03:25,2025-04-22 08:11:54,60_2025Apr烏鎮
DJI_20250422081237_0629_D.LRF,f9272e83b909b9fb4c759c8ce6afa0b1,2025-10-22 22:03:26,2025-04-22 08:13:02,60_2025Apr烏鎮
DJI_20250422081237_0629_D.MP4,849a0ce8abab0e5af9c3e1abc03b007c,2025-10-22 22:03:26,2025-04-22 08:13:02,60_2025Apr烏鎮
DJI_20250422081330_0630_D.LRF,3c25a4b759a3ca564b626cc6767e8b0a,2025-10-22 22:03:26,2025-04-22 08:14:58,60_2025Apr烏鎮
DJI_20250422081330_0630_D.MP4,c2f9733fae29305c86dc1fdec40b8f76,2025-10-22 22:03:26,2025-04-22 08:14:58,60_2025Apr烏鎮
DJI_20250422081718_0631_D.LRF,26f59d598903b0282c994023999813d9,2025-10-22 22:03:26,2025-04-22 08:17:52,60_2025Apr烏鎮
DJI_20250422081718_0631_D.MP4,a69dbe0e852f37d7f0e9509eecc83d8e,2025-10-22 22:03:26,2025-04-22 08:17:50,60_2025Apr烏鎮
DJI_20250422081834_0632_D.LRF,7b6e9bcd84e910ef588fe25b9035fa4e,2025-10-22 22:03:26,2025-04-22 08:20:04,60_2025Apr烏鎮
DJI_20250422081834_0632_D.MP4,c38d0090a330f16684cb9af2915294f2,2025-10-22 22:03:26,2025-04-22 08:20:02,60_2025Apr烏鎮
DJI_20250422082125_0633_D.LRF,61d19127fd42b4224e0840475e4516eb,2025-10-22 22:03:27,2025-04-22 08:27:04,60_2025Apr烏鎮
DJI_20250422082125_0633_D.MP4,60404c63921ed8128572c596ae4a85e6,2025-10-22 22:03:27,2025-04-22 08:27:04,60_2025Apr烏鎮
DJI_20250422082845_0634_D.LRF,4d826fee8012fa580ad5d4aabd75c1ce,2025-10-22 22:03:29,2025-04-22 08:45:12,60_2025Apr烏鎮
DJI_20250422082845_0634_D.MP4,4a1ff93aa7beb1a94be3880e965aff9c,2025-10-22 22:03:30,2025-04-22 08:45:12,60_2025Apr烏鎮
DJI_20250423033800_0001_D.LRF,6862b8546fec7f2fe0856b7f78842beb,2025-10-22 22:03:35,2025-04-23 03:38:52,70_2025Apr上海
DJI_20250423033800_0001_D.MP4,4438416abf21d97fc3d6e3f576955822,2025-10-22 22:03:36,2025-04-23 03:38:52,70_2025Apr上海
DJI_20250423034417_0002_D.LRF,9292ba8da74ed6d4dd9c4ad1540bf471,2025-10-22 22:03:36,2025-04-23 03:45:16,70_2025Apr上海
DJI_20250423034417_0002_D.MP4,031e9fb53e64d2666f7f7144856812a5,2025-10-22 22:03:36,2025-04-23 03:45:16,70_2025Apr上海
DJI_20250423034537_0003_D.LRF,544a9cfd2c7c2545e99f31f750f97298,2025-10-22 22:03:36,2025-04-23 03:48:52,70_2025Apr上海
DJI_20250423034537_0003_D.MP4,c5d7670ba237fa4537d5d129d8ee78ff,2025-10-22 22:03:36,2025-04-23 03:48:50,70_2025Apr上海
DJI_20250423040758_0004_D.LRF,8f17439752b32b22387d3894e5ec9181,2025-10-22 22:03:37,2025-04-23 04:08:40,70_2025Apr上海
DJI_20250423040758_0004_D.MP4,23dda3db54950ec45487ef2cc0ac0666,2025-10-22 22:03:38,2025-04-23 04:08:40,70_2025Apr上海
DJI_20250423040916_0005_D.LRF,4bb1ce950d2b2b7484107356d4637fe8,2025-10-22 22:03:38,2025-04-23 04:13:28,70_2025Apr上海
DJI_20250423040916_0005_D.MP4,e503ddb7811a09f36367fba514976fa8,2025-10-22 22:03:38,2025-04-23 04:13:26,70_2025Apr上海
DJI_20250423041350_0006_D.LRF,2c18eee25190e18518cd95bd1a272672,2025-10-22 22:03:39,2025-04-23 04:14:18,70_2025Apr上海
DJI_20250423041350_0006_D.MP4,b86c4431a066f466f31cf29273912651,2025-10-22 22:03:40,2025-04-23 04:14:18,70_2025Apr上海
DJI_20250423042715_0007_D.LRF,5ea1b77480a618047c7aa413d8afd1d0,2025-10-22 22:03:40,2025-04-23 04:29:30,70_2025Apr上海
DJI_20250423042715_0007_D.MP4,06315c82007b625197c792bb1662c7f8,2025-10-22 22:03:40,2025-04-23 04:29:30,70_2025Apr上海
DJI_20250423043031_0008_D.LRF,83d76b9a2539c72cf6bb264be6ba827f,2025-10-22 22:03:40,2025-04-23 04:31:06,70_2025Apr上海
DJI_20250423043031_0008_D.MP4,5fc20a36f252aba32f9b249412fa281f,2025-10-22 22:03:40,2025-04-23 04:31:04,70_2025Apr上海
DJI_20250423050348_0009_D.LRF,aa2afc392a7a7509db27336ceabbf591,2025-10-22 22:03:41,2025-04-23 05:07:30,70_2025Apr上海
DJI_20250423050348_0009_D.MP4,873878414aaa284a98c0fa1f78727a7b,2025-10-22 22:03:41,2025-04-23 05:07:30,70_2025Apr上海
DJI_20250423050756_0010_D.LRF,2b0308be67ae68ac24777c8496e3a295,2025-10-22 22:03:42,2025-04-23 05:08:34,70_2025Apr上海
DJI_20250423050756_0010_D.MP4,dea8d422af42db68e80745fc9142e2b1,2025-10-22 22:03:42,2025-04-23 05:08:34,70_2025Apr上海
DJI_20250423052158_0011_D.LRF,7c44f872a86ece39e6b5d14b42ec8da3,2025-10-22 22:03:42,2025-04-23 05:22:24,70_2025Apr上海
DJI_20250423052158_0011_D.MP4,8bda49c071ee86a4022d3b3b464d629f,2025-10-22 22:03:42,2025-04-23 05:22:24,70_2025Apr上海
DJI_20250423060431_0012_D.LRF,404ad2d8bd1407843dba21f2eb15d656,2025-10-22 22:03:42,2025-04-23 06:07:30,70_2025Apr上海
DJI_20250423060431_0012_D.MP4,175b5aba3a86e486003625bc7625100f,2025-10-22 22:03:42,2025-04-23 06:07:30,70_2025Apr上海
DJI_20250423062927_0013_D.LRF,9c74077f687f30590cf2621c6ef820d0,2025-10-22 22:03:43,2025-04-23 06:29:34,70_2025Apr上海
DJI_20250423062927_0013_D.MP4,e838d6342b962c351bf982d3bf6944c8,2025-10-22 22:03:43,2025-04-23 06:29:34,70_2025Apr上海
DJI_20250423063826_0014_D.LRF,e5473158386d44e73e5c2df9d8c1f7aa,2025-10-22 22:03:43,2025-04-23 06:40:24,70_2025Apr上海
DJI_20250423063826_0014_D.MP4,20709df1d3b27b5108c2aa8181dc7999,2025-10-22 22:03:43,2025-04-23 06:40:24,70_2025Apr上海
DJI_20250423071837_0015_D.LRF,cb62ee903db32987ef2aa08dd6645772,2025-10-22 22:03:44,2025-04-23 07:19:36,70_2025Apr上海
DJI_20250423071837_0015_D.MP4,5ffde987632ea656fb15f4271291d8aa,2025-10-22 22:03:44,2025-04-23 07:19:36,70_2025Apr上海
DJI_20250423071946_0016_D.LRF,fa6668aee2626f53bd078ec48ffaa08c,2025-10-22 22:03:44,2025-04-23 07:20:22,70_2025Apr上海
DJI_20250423071946_0016_D.MP4,b77920c6817f2a386fae0102702a5511,2025-10-22 22:03:44,2025-04-23 07:20:22,70_2025Apr上海
DJI_20250423072400_0017_D.LRF,565a825294e48556646953d7d737ad0d,2025-10-22 22:03:44,2025-04-23 07:24:48,70_2025Apr上海
DJI_20250423072400_0017_D.MP4,ee579d9dce95dc144e2135bb9914310e,2025-10-22 22:03:44,2025-04-23 07:24:48,70_2025Apr上海
DJI_20250423082510_0018_D.LRF,1c07dc34fc4ce2c2525b6c3d08fc5e1d,2025-10-22 22:03:45,2025-04-23 08:26:50,70_2025Apr上海
DJI_20250423082510_0018_D.MP4,d222ac81250f37aabfc5785957690ed5,2025-10-22 22:03:45,2025-04-23 08:26:50,70_2025Apr上海
DJI_20250423083057_0019_D.LRF,577f35ec251867ec99e1c16e0b868938,2025-10-22 22:03:45,2025-04-23 08:54:20,70_2025Apr上海
DJI_20250423083057_0019_D.MP4,e3f125ab21d13ad28f6508519e70503e,2025-10-22 22:03:47,2025-04-23 08:54:20,70_2025Apr上海
DJI_20250423205122_0020_D.LRF,fbfd3faa8defa03890fe654cbc46f9dd,2025-10-22 22:03:52,2025-04-23 20:51:42,70_2025Apr上海
DJI_20250423205122_0020_D.MP4,20c2841c6ed7cd151f08f497a29533c5,2025-10-22 22:03:52,2025-04-23 20:51:42,70_2025Apr上海
DJI_20250423211251_0021_D.LRF,febbaf7adf391ccab94004e3d0689197,2025-10-22 22:03:52,2025-04-23 21:14:22,70_2025Apr上海
DJI_20250423211251_0021_D.MP4,8fea101deacfeb3d5fbd137d12073203,2025-10-22 22:03:52,2025-04-23 21:14:22,70_2025Apr上海
DJI_20250423211427_0022_D.LRF,a6739e52d738f7092ca1d93249649743,2025-10-22 22:03:53,2025-04-23 21:16:52,70_2025Apr上海
DJI_20250423211427_0022_D.MP4,598c20153be7885f8477c7bc8a28bb8c,2025-10-22 22:03:53,2025-04-23 21:16:50,70_2025Apr上海
DJI_20250423215521_0023_D.LRF,43fba2155c1790763d795eccf1f9e652,2025-10-22 22:03:54,2025-04-23 22:01:28,70_2025Apr上海
DJI_20250423215521_0023_D.MP4,003f706d454575e0835540621e066c32,2025-10-22 22:03:54,2025-04-23 22:01:28,70_2025Apr上海
DJI_20250423230659_0024_D.LRF,573a81b06155031e946fa4d59ed594d4,2025-10-22 22:03:55,2025-04-23 23:07:26,70_2025Apr上海
DJI_20250423230659_0024_D.MP4,acf9eefbe1408b4ea8ca88e9153466de,2025-10-22 22:03:55,2025-04-23 23:07:26,70_2025Apr上海
DJI_20250424015212_0025_D.LRF,fc5780f7d07615602c35ba59bcdf9002,2025-10-22 22:03:56,2025-04-24 01:54:50,80_2025Apr上海
DJI_20250424015212_0025_D.MP4,6dc41c1349b9fddd1f9552e50b00815f,2025-10-22 22:03:56,2025-04-24 01:54:50,80_2025Apr上海
DJI_20250424015540_0026_D.LRF,639974d5209c6c306edb8f27b0775425,2025-10-22 22:03:57,2025-04-24 01:56:10,80_2025Apr上海
DJI_20250424015540_0026_D.MP4,7f6a3d1f76606ada84d8acc8615acb56,2025-10-22 22:03:57,2025-04-24 01:56:10,80_2025Apr上海
DJI_20250424015852_0027_D.LRF,565263164e3df1aaf9811f95a5b175e2,2025-10-22 22:03:57,2025-04-24 01:59:32,80_2025Apr上海
DJI_20250424015852_0027_D.MP4,d10fce42cb44de9c02a5cf0fd381b1b0,2025-10-22 22:03:57,2025-04-24 01:59:32,80_2025Apr上海
DJI_20250424022830_0028_D.LRF,d9695012432b2ca54b2fd411113bab98,2025-10-22 22:03:57,2025-04-24 02:28:56,80_2025Apr上海
DJI_20250424022830_0028_D.MP4,3571eaea4b6b83b6ba02afb29ed25d83,2025-10-22 22:03:57,2025-04-24 02:28:56,80_2025Apr上海
DJI_20250424025626_0029_D.LRF,5dc414d71bcd717d596f4326e35c7738,2025-10-22 22:03:57,2025-04-24 02:58:36,80_2025Apr上海
DJI_20250424025626_0029_D.MP4,84086ba04628c1803846a98f3de51532,2025-10-22 22:03:58,2025-04-24 02:58:34,80_2025Apr上海
DJI_20250424025838_0030_D.LRF,382e19775e0a7ea4b52ee81c81cdf92c,2025-10-22 22:03:58,2025-04-24 02:58:46,80_2025Apr上海
DJI_20250424025838_0030_D.MP4,0c706964ff6e174cd55c70b5efdd2f43,2025-10-22 22:03:58,2025-04-24 02:58:46,80_2025Apr上海
DJI_20250424025946_0031_D.LRF,6d0c44e4422a5bc50c6c9ebe9d8fafb5,2025-10-22 22:03:58,2025-04-24 03:00:58,80_2025Apr上海
DJI_20250424025946_0031_D.MP4,c5e0b689a1a87529b9c75881cb7057a5,2025-10-22 22:03:58,2025-04-24 03:00:56,80_2025Apr上海
DJI_20250424030155_0032_D.LRF,0232238345878a7538d1f52d6ec7e83b,2025-10-22 22:03:59,2025-04-24 03:15:46,80_2025Apr上海
DJI_20250424030155_0032_D.MP4,18f25e936711b2987526c11a324efcbf,2025-10-22 22:04:00,2025-04-24 03:15:44,80_2025Apr上海
DJI_20250424031931_0033_D.LRF,3f8cb46b62764ca17ad8a9f21ac85e66,2025-10-22 22:04:05,2025-04-24 03:27:54,80_2025Apr上海
DJI_20250424031931_0033_D.MP4,d03810640119d39f40a3ffc6dd2ed26f,2025-10-22 22:04:05,2025-04-24 03:27:54,80_2025Apr上海
DJI_20250424033505_0034_D.LRF,7a2f2aefda08583bf626c5cb46129376,2025-10-22 22:04:08,2025-04-24 03:35:18,80_2025Apr上海
DJI_20250424033505_0034_D.MP4,969473dd556c713a06c1f730ddec7f4d,2025-10-22 22:04:08,2025-04-24 03:35:18,80_2025Apr上海
DJI_20250424033616_0035_D.LRF,2360aa54c8a957b83af1c68ce2dc631a,2025-10-22 22:04:08,2025-04-24 03:37:26,80_2025Apr上海
DJI_20250424033616_0035_D.MP4,759085eb0643f066af36f41d2bc56a16,2025-10-22 22:04:08,2025-04-24 03:37:26,80_2025Apr上海
DJI_20250424033759_0036_D.LRF,8c6bf261f12161f777cd1d305c4e1fe3,2025-10-22 22:04:09,2025-04-24 03:42:04,80_2025Apr上海
DJI_20250424033759_0036_D.MP4,6aef5d64db8752f31e902700c535b6e7,2025-10-22 22:04:09,2025-04-24 03:42:04,80_2025Apr上海
DJI_20250424034429_0037_D.LRF,56aaa9c813c5d59e8ad691eb2fd74fc5,2025-10-22 22:04:10,2025-04-24 03:49:24,80_2025Apr上海
DJI_20250424034429_0037_D.MP4,fd9bb753e2de8829123097e8de475d12,2025-10-22 22:04:11,2025-04-24 03:49:24,80_2025Apr上海
DJI_20250424034935_0038_D.LRF,9b16f101bf09dd5034752148b0b43191,2025-10-22 22:04:12,2025-04-24 03:49:40,80_2025Apr上海
DJI_20250424034935_0038_D.MP4,53b625101d5f27da7acf96ac67664fd5,2025-10-22 22:04:12,2025-04-24 03:49:40,80_2025Apr上海
DJI_20250424035248_0039_D.LRF,595066d74e3dbed867708ead83cdd725,2025-10-22 22:04:12,2025-04-24 03:53:10,80_2025Apr上海
DJI_20250424035248_0039_D.MP4,5b5340f5a444621420ca87f94eefbf64,2025-10-22 22:04:13,2025-04-24 03:53:10,80_2025Apr上海
DJI_20250424035418_0040_D.LRF,3053491d041eed3f2a45ea874a914aa0,2025-10-22 22:04:13,2025-04-24 03:54:42,80_2025Apr上海
DJI_20250424035418_0040_D.MP4,cf15f3b947e257d7d0e53c8bae3c375e,2025-10-22 22:04:13,2025-04-24 03:54:42,80_2025Apr上海
DJI_20250424035704_0041_D.LRF,7a6ee2081d5095f93642c8a0d1f48d96,2025-10-22 22:04:13,2025-04-24 03:57:28,80_2025Apr上海
DJI_20250424035704_0041_D.MP4,328810e5308e3f29e64f5782188fc301,2025-10-22 22:04:13,2025-04-24 03:57:28,80_2025Apr上海
DJI_20250424041912_0042_D.LRF,3ddc539e56e838972d98c33858fe051f,2025-10-22 22:04:13,2025-04-24 04:19:34,80_2025Apr上海
DJI_20250424041912_0042_D.MP4,dcf7f042809fa30bce4b0e200ce783cb,2025-10-22 22:04:13,2025-04-24 04:19:32,80_2025Apr上海
DJI_20250424044908_0043_D.LRF,702b450be2d73814f41ab9f006016a19,2025-10-22 22:04:13,2025-04-24 04:49:30,80_2025Apr上海
DJI_20250424044908_0043_D.MP4,8dceb40e21b69b041b58379ff1e0529b,2025-10-22 22:04:13,2025-04-24 04:49:30,80_2025Apr上海
DJI_20250504001051_0001_D.LRF,0d633a220ff7bd5678cff3ae2b6a7521,2025-10-22 22:04:17,2025-05-04 00:11:12,82_2025May香港長州
DJI_20250504001051_0001_D.MP4,a56dfb9a5576c931c29621894c207c07,2025-10-22 22:04:17,2025-05-04 00:11:12,82_2025May香港長州
DJI_20250504001144_0002_D.LRF,525357a129bf5f199adfda30002db698,2025-10-22 22:04:17,2025-05-04 00:12:26,82_2025May香港長州
DJI_20250504001144_0002_D.MP4,7c95e69a9382de86c883ad1d76d25948,2025-10-22 22:04:17,2025-05-04 00:12:26,82_2025May香港長州
DJI_20250504004251_0003_D.LRF,bebb309a6194066f9315ee14218368cf,2025-10-22 22:04:17,2025-05-04 00:43:34,82_2025May香港長州
DJI_20250504004251_0003_D.MP4,2064355b93f37fb120edd06b075cbe82,2025-10-22 22:04:17,2025-05-04 00:43:34,82_2025May香港長州
DJI_20250504004414_0004_D.LRF,b12ee78f2303e8a5b6652fe698173c5d,2025-10-22 22:04:18,2025-05-04 00:45:34,82_2025May香港長州
DJI_20250504004414_0004_D.MP4,5cdd7a536a37d0b0dbaf7acd042e6690,2025-10-22 22:04:18,2025-05-04 00:45:32,82_2025May香港長州
DJI_20250504004537_0005_D.LRF,25fdffb5d260b8e6690f568cd1bb4347,2025-10-22 22:04:18,2025-05-04 00:45:58,82_2025May香港長州
DJI_20250504004537_0005_D.MP4,e8b8855ead3e48df113f0eca53bd6d20,2025-10-22 22:04:18,2025-05-04 00:45:58,82_2025May香港長州
DJI_20250504004654_0006_D.LRF,4b5373b3851800ad8b096c110b419834,2025-10-22 22:04:18,2025-05-04 00:47:04,82_2025May香港長州
DJI_20250504004654_0006_D.MP4,150d3fa6bb97591ba998c4b6278ac149,2025-10-22 22:04:18,2025-05-04 00:47:04,82_2025May香港長州
DJI_20250505014920_0007_D.LRF,831b1d2ae6065a5ed05e21a40dfbd9a0,2025-10-22 22:04:18,2025-05-05 01:49:50,82_2025May香港長州
DJI_20250505014920_0007_D.MP4,4b6e28d6ef085936b4a70b50a9ad7f0e,2025-10-22 22:04:18,2025-05-05 01:49:50,82_2025May香港長州
DJI_20250505024747_0008_D.LRF,153e6011af54cd3870c49dbc3f1d1d6e,2025-10-22 22:04:18,2025-05-05 02:48:04,82_2025May香港長州
DJI_20250505024747_0008_D.MP4,88ea3d0e40f8a9514e19898dc44761e1,2025-10-22 22:04:18,2025-05-05 02:48:04,82_2025May香港長州
DJI_20250505025120_0009_D.LRF,b9e08ede82bab7fe5918c0aeeab00619,2025-10-22 22:04:19,2025-05-05 02:51:42,82_2025May香港長州
DJI_20250505025120_0009_D.MP4,cde6d1b3676684efc114be199def4aaa,2025-10-22 22:04:19,2025-05-05 02:51:42,82_2025May香港長州
DJI_20250505025232_0010_D.LRF,27a625f26d41c1e501debb6f5019831e,2025-10-22 22:04:19,2025-05-05 02:56:02,82_2025May香港長州
DJI_20250505025232_0010_D.MP4,96936c937304331015cdb71ff00e9c19,2025-10-22 22:04:19,2025-05-05 02:56:00,82_2025May香港長州
DJI_20250505030053_0011_D.LRF,490a0ad1c1ade46eb88d828b97f6e64b,2025-10-22 22:04:20,2025-05-05 03:03:48,82_2025May香港長州
DJI_20250505030053_0011_D.MP4,4fed81976a2858571a5708ac914eddfe,2025-10-22 22:04:20,2025-05-05 03:03:46,82_2025May香港長州
DJI_20250505030705_0012_D.LRF,d8afee9f40f74f9d24e9a4958b22ca8b,2025-10-22 22:04:21,2025-05-05 03:07:18,82_2025May香港長州
DJI_20250505030705_0012_D.MP4,ecb1194ed8899f2cdba01d5b0a46067f,2025-10-22 22:04:21,2025-05-05 03:07:16,82_2025May香港長州
DJI_20250505030815_0013_D.LRF,21d1ef960d279ed43a2dd47eb8fb2155,2025-10-22 22:04:21,2025-05-05 03:09:02,82_2025May香港長州
DJI_20250505030815_0013_D.MP4,47931182bafc2c74d6f4950b1de72b2d,2025-10-22 22:04:21,2025-05-05 03:09:02,82_2025May香港長州
DJI_20250505031046_0014_D.LRF,cf1001b0800758b412f05002921eb142,2025-10-22 22:04:21,2025-05-05 03:13:16,82_2025May香港長州
DJI_20250505031046_0014_D.MP4,2341a258b74a602dc842bec1f60af66f,2025-10-22 22:04:22,2025-05-05 03:13:16,82_2025May香港長州
DJI_20250505031411_0015_D.LRF,130116ab815162d08e369f00074b3286,2025-10-22 22:04:22,2025-05-05 03:17:22,82_2025May香港長州
DJI_20250505031411_0015_D.MP4,c17a6ff15d99a6d02f267dd1db3a4b1e,2025-10-22 22:04:22,2025-05-05 03:17:22,82_2025May香港長州
DJI_20250505031820_0016_D.LRF,562c732ac328bfb478cd2b28f35bc48c,2025-10-22 22:04:23,2025-05-05 03:19:10,82_2025May香港長州
DJI_20250505031820_0016_D.MP4,9eba45a3c4f77f3913ce994de05f29e8,2025-10-22 22:04:23,2025-05-05 03:19:10,82_2025May香港長州
DJI_20250505032001_0017_D.LRF,0d16f2179e5b5bdb5e5eb15f947b52bc,2025-10-22 22:04:24,2025-05-05 03:20:24,82_2025May香港長州
DJI_20250505032001_0017_D.MP4,e4f6af7c5f3fbad7d133d980383b7eed,2025-10-22 22:04:24,2025-05-05 03:20:24,82_2025May香港長州
DJI_20250505032115_0018_D.LRF,a79c5e7ae2c20c2e0e5dd741751df2bc,2025-10-22 22:04:24,2025-05-05 03:21:46,82_2025May香港長州
DJI_20250505032115_0018_D.MP4,1fccdec17bb277907ad27dd5475fd8a1,2025-10-22 22:04:24,2025-05-05 03:21:46,82_2025May香港長州
DJI_20250505032418_0019_D.LRF,6b233658b245e5f00e911e1eb63f02fa,2025-10-22 22:04:24,2025-05-05 03:24:42,82_2025May香港長州
DJI_20250505032418_0019_D.MP4,f524e6a29309379c9cc232984b2b2974,2025-10-22 22:04:24,2025-05-05 03:24:42,82_2025May香港長州
DJI_20250505032506_0020_D.LRF,59a585f4709e94128937cb5e18c83956,2025-10-22 22:04:24,2025-05-05 03:25:26,82_2025May香港長州
DJI_20250505032506_0020_D.MP4,79b4d54b1b5693c3bed0b3675ee4b7cc,2025-10-22 22:04:24,2025-05-05 03:25:26,82_2025May香港長州
DJI_20250505032620_0021_D.LRF,85aafc0534249141462496c30ce24e31,2025-10-22 22:04:24,2025-05-05 03:26:58,82_2025May香港長州
DJI_20250505032620_0021_D.MP4,d12c4a548210df8a87b7527de0709091,2025-10-22 22:04:24,2025-05-05 03:26:58,82_2025May香港長州
DJI_20250505032829_0022_D.LRF,130786e16c02a9a4c387cfcc574baca7,2025-10-22 22:04:24,2025-05-05 03:29:38,82_2025May香港長州
DJI_20250505032829_0022_D.MP4,e7f3c844b5f84bf170e1c973e2cd19ed,2025-10-22 22:04:25,2025-05-05 03:29:38,82_2025May香港長州
DJI_20250505032950_0023_D.LRF,7502062fb3909ab4dd1cdb1a8e1da40a,2025-10-22 22:04:25,2025-05-05 03:30:14,82_2025May香港長州
DJI_20250505032950_0023_D.MP4,086bcd95e3007e56bcc299e006c859d3,2025-10-22 22:04:25,2025-05-05 03:30:14,82_2025May香港長州
DJI_20250505033235_0024_D.LRF,b1be53788c832c998cc1cde31f7ed64b,2025-10-22 22:04:25,2025-05-05 03:35:22,82_2025May香港長州
DJI_20250505033235_0024_D.MP4,68715d9b9211168b84fd0827a34cd15b,2025-10-22 22:04:25,2025-05-05 03:35:22,82_2025May香港長州
DJI_20250505033626_0025_D.LRF,8f7ecd37fdf7e13118433c82e529f4a8,2025-10-22 22:04:26,2025-05-05 03:36:42,82_2025May香港長州
DJI_20250505033626_0025_D.MP4,6fdd9e3c95fc82e856daaeefda373433,2025-10-22 22:04:26,2025-05-05 03:36:40,82_2025May香港長州
DJI_20250505033732_0026_D.LRF,45feec7328ad2b77f0ee8f8d68bd7b58,2025-10-22 22:04:26,2025-05-05 03:37:58,82_2025May香港長州
DJI_20250505033732_0026_D.MP4,16b9ff1960032affc10bb6d22c5aa6ea,2025-10-22 22:04:26,2025-05-05 03:37:58,82_2025May香港長州
DJI_20250505034002_0027_D.LRF,8c66044f7f2b18c348c6c9dc8d4ade07,2025-10-22 22:04:26,2025-05-05 03:40:40,82_2025May香港長州
DJI_20250505034002_0027_D.MP4,6e88b8a0cfbaa5cbd23ffed0ea375698,2025-10-22 22:04:26,2025-05-05 03:40:40,82_2025May香港長州
DJI_20250505034105_0028_D.LRF,d4866856fcd2bde94fde94f02834e5ed,2025-10-22 22:04:27,2025-05-05 03:41:28,82_2025May香港長州
DJI_20250505034105_0028_D.MP4,94f1069e2a14d6c0930f566bea4025a3,2025-10-22 22:04:27,2025-05-05 03:41:28,82_2025May香港長州
DJI_20250505034146_0029_D.LRF,f7d7315c9e11a1b368c7bf711e0813ef,2025-10-22 22:04:27,2025-05-05 03:42:50,82_2025May香港長州
DJI_20250505034146_0029_D.MP4,cee43cea74afc14acefc5863776f92c8,2025-10-22 22:04:27,2025-05-05 03:42:50,82_2025May香港長州
DJI_20250505034253_0030_D.LRF,74de08237beeaa3d6f1f5ba5ab172a24,2025-10-22 22:04:27,2025-05-05 03:45:52,82_2025May香港長州
DJI_20250505034253_0030_D.MP4,f2b34f92344f9ff5e5d4728d9eccca9b,2025-10-22 22:04:27,2025-05-05 03:45:50,82_2025May香港長州
DJI_20250505034917_0031_D.LRF,f0cc1eb7dab11a2ee54303234a0593bf,2025-10-22 22:04:28,2025-05-05 03:50:28,82_2025May香港長州
DJI_20250505034917_0031_D.MP4,29ad928ed0dc833a1d6314dab7ef9392,2025-10-22 22:04:28,2025-05-05 03:50:28,82_2025May香港長州
DJI_20250505035145_0032_D.LRF,2f6457a2f77da9be4a3b3349d6bd3178,2025-10-22 22:04:29,2025-05-05 03:52:54,82_2025May香港長州
DJI_20250505035145_0032_D.MP4,2baad4525c32687a351fd24851028d2d,2025-10-22 22:04:29,2025-05-05 03:52:54,82_2025May香港長州
DJI_20250505035405_0033_D.LRF,7b27369fc21d83be0e6f4c46e7dc64bf,2025-10-22 22:04:29,2025-05-05 03:55:30,82_2025May香港長州
DJI_20250505035405_0033_D.MP4,5e62c2d60a3399ac037d61a24b601359,2025-10-22 22:04:29,2025-05-05 03:55:30,82_2025May香港長州
DJI_20250505040046_0034_D.LRF,c97be704abac8cefdf54785f97bcb89f,2025-10-22 22:04:30,2025-05-05 04:03:34,82_2025May香港長州
DJI_20250505040046_0034_D.MP4,04deba2f14dcb6b2ba3c180e1ce89231,2025-10-22 22:04:30,2025-05-05 04:03:34,82_2025May香港長州
DJI_20250505040356_0035_D.LRF,bd203f9268779956c04d010322a1ac2e,2025-10-22 22:04:31,2025-05-05 04:04:38,82_2025May香港長州
DJI_20250505040356_0035_D.MP4,739ffa6bab770877f72230074b721b51,2025-10-22 22:04:31,2025-05-05 04:04:38,82_2025May香港長州
DJI_20250505040440_0036_D.LRF,7f5424aae17fe430d42c6140944d0ac4,2025-10-22 22:04:31,2025-05-05 04:04:56,82_2025May香港長州
DJI_20250505040440_0036_D.MP4,1182bb8655b0f5733e317009b45583a1,2025-10-22 22:04:31,2025-05-05 04:04:56,82_2025May香港長州
DJI_20250505040534_0037_D.LRF,302c7e7aaabbb02002edb2230f4447ee,2025-10-22 22:04:31,2025-05-05 04:06:04,82_2025May香港長州
DJI_20250505040534_0037_D.MP4,2ff4e5d0359188525a8d70071bd607ac,2025-10-22 22:04:31,2025-05-05 04:06:04,82_2025May香港長州
DJI_20250505040637_0038_D.LRF,a227ac15ea994651181e88bc27b09dc4,2025-10-22 22:04:32,2025-05-05 04:09:24,82_2025May香港長州
DJI_20250505040637_0038_D.MP4,df9dfdb7f620e3de59c68fae5505dff1,2025-10-22 22:04:32,2025-05-05 04:09:24,82_2025May香港長州
DJI_20250505041052_0039_D.LRF,edf80e684625252bc8ad320530a6b12d,2025-10-22 22:04:32,2025-05-05 04:11:40,82_2025May香港長州
DJI_20250505041052_0039_D.MP4,eb4c58ef0daedf4c844d519395b59e4a,2025-10-22 22:04:33,2025-05-05 04:11:40,82_2025May香港長州
DJI_20250505041210_0040_D.LRF,ed58c75e91f4c15a50711660582bf7ba,2025-10-22 22:04:33,2025-05-05 04:14:20,82_2025May香港長州
DJI_20250505041210_0040_D.MP4,00bb86591d356496e1cd8ca18292e4e7,2025-10-22 22:04:33,2025-05-05 04:14:20,82_2025May香港長州
DJI_20250505043603_0041_D.LRF,06baa6acf5038832c295c2ff77daf626,2025-10-22 22:04:33,2025-05-05 04:39:58,82_2025May香港長州
DJI_20250505043603_0041_D.MP4,4d5afee27b8b60193f9c8f09433a17cd,2025-10-22 22:04:34,2025-05-05 04:39:58,82_2025May香港長州
DJI_20250505044944_0042_D.LRF,e98013cfb9c4703d73b05b576dad7019,2025-10-22 22:04:35,2025-05-05 04:50:00,82_2025May香港長州
DJI_20250505044944_0042_D.MP4,dd281e17e0dd455ac5210fd8ba614f87,2025-10-22 22:04:35,2025-05-05 04:50:00,82_2025May香港長州
DJI_20250505045020_0043_D.LRF,1afd4cd61de151bf18920041ace13a7b,2025-10-22 22:04:35,2025-05-05 04:50:52,82_2025May香港長州
DJI_20250505045020_0043_D.MP4,325155c7af90929206f6c41dfbeae2dc,2025-10-22 22:04:35,2025-05-05 04:50:52,82_2025May香港長州
DJI_20250505045142_0044_D.LRF,12c01e3ceb462b7093e8396f36893d9c,2025-10-22 22:04:35,2025-05-05 04:52:46,82_2025May香港長州
DJI_20250505045142_0044_D.MP4,f783610a0c16d4e4ad6048bf3d509d25,2025-10-22 22:04:35,2025-05-05 04:52:44,82_2025May香港長州
DJI_20250505045303_0045_D.LRF,b5ce7e81abeca0195e8a9d976d56f1e8,2025-10-22 22:04:36,2025-05-05 04:53:20,82_2025May香港長州
DJI_20250505045303_0045_D.MP4,57a9523d9a6d8a55478a49ec0160d889,2025-10-22 22:04:36,2025-05-05 04:53:20,82_2025May香港長州
DJI_20250505045353_0046_D.LRF,a51fbda597c0380ca95c2ef051a1e351,2025-10-22 22:04:36,2025-05-05 04:55:14,82_2025May香港長州
DJI_20250505045353_0046_D.MP4,8af29cc717da7e5d386a87f05e8663a2,2025-10-22 22:04:36,2025-05-05 04:55:14,82_2025May香港長州
DJI_20250505045759_0047_D.LRF,5b0370229b9a9f045113dab72d27de08,2025-10-22 22:04:36,2025-05-05 04:58:22,82_2025May香港長州
DJI_20250505045759_0047_D.MP4,78626b01c3c3fd1293d1ebee02411236,2025-10-22 22:04:36,2025-05-05 04:58:22,82_2025May香港長州
DJI_20250505045848_0048_D.LRF,062e74b10f8889e25b860ed4d9a89a26,2025-10-22 22:04:37,2025-05-05 04:59:00,82_2025May香港長州
DJI_20250505045848_0048_D.MP4,fb73d5564b3ded107541c92aed5acbd2,2025-10-22 22:04:37,2025-05-05 04:59:00,82_2025May香港長州
DJI_20250505050544_0049_D.LRF,541d24e58cb0cad20f9d0c4c1a9d8189,2025-10-22 22:04:37,2025-05-05 05:06:40,82_2025May香港長州
DJI_20250505050544_0049_D.MP4,35b32eb10e6f97fbc73b711a5021bc68,2025-10-22 22:04:37,2025-05-05 05:06:40,82_2025May香港長州
DJI_20250505062809_0050_D.LRF,dbc1a3a7e5f02ca5933f035291e0a3e0,2025-10-22 22:04:37,2025-05-05 06:28:36,82_2025May香港長州
DJI_20250505062809_0050_D.MP4,bf1e0e8ee0cd0f99e82f8e4c4f0d124d,2025-10-22 22:04:37,2025-05-05 06:28:36,82_2025May香港長州
DJI_20250505062843_0051_D.LRF,bf57148bd5f828929e3059a372ee517a,2025-10-22 22:04:37,2025-05-05 06:29:08,82_2025May香港長州
DJI_20250505062843_0051_D.MP4,4092d74aabcaec78f81565d50789e758,2025-10-22 22:04:37,2025-05-05 06:29:08,82_2025May香港長州
DJI_20250506061110_0052_D.LRF,4c7d2f4c5b741e233c538122e27e2b21,2025-10-22 22:04:37,2025-05-06 06:12:14,82_2025May香港長州
DJI_20250506061110_0052_D.MP4,25d8fab1c428187a3117dd1c21aee24e,2025-10-22 22:04:37,2025-05-06 06:12:14,82_2025May香港長州
DJI_20250506061609_0053_D.LRF,238f487c8453d13ef9d9ead0f2d6554b,2025-10-22 22:04:38,2025-05-06 06:16:34,82_2025May香港長州
DJI_20250506061609_0053_D.MP4,d48f6661cb54feb7e475ccc7913d692f,2025-10-22 22:04:38,2025-05-06 06:16:34,82_2025May香港長州
DJI_20250506061809_0054_D.LRF,b71c3220d037dd5a8587eb94489f838c,2025-10-22 22:04:38,2025-05-06 06:18:50,82_2025May香港長州
DJI_20250506061809_0054_D.MP4,efad65133ed6bcee3e5a43858aaf619f,2025-10-22 22:04:38,2025-05-06 06:18:50,82_2025May香港長州
DJI_20250506062035_0055_D.LRF,cf6f0c530681969f7580caa79bac6a7e,2025-10-22 22:04:38,2025-05-06 06:20:48,82_2025May香港長州
DJI_20250506062035_0055_D.MP4,aaed1bbe292db0d2f70a54f4849f4f34,2025-10-22 22:04:38,2025-05-06 06:20:46,82_2025May香港長州
DJI_20250506062430_0056_D.LRF,9aa1da66be19cf08dc50dcbb399bb14e,2025-10-22 22:04:38,2025-05-06 06:25:22,82_2025May香港長州
DJI_20250506062430_0056_D.MP4,592740a33273a484190c752bca6a58c8,2025-10-22 22:04:38,2025-05-06 06:25:22,82_2025May香港長州
DJI_20250506062907_0057_D.LRF,ff3cef0586b9c2eaaf7dc6bf8d765773,2025-10-22 22:04:38,2025-05-06 06:29:26,82_2025May香港長州
DJI_20250506062907_0057_D.MP4,79fad129d01503fe37dfaeea38528a8d,2025-10-22 22:04:38,2025-05-06 06:29:26,82_2025May香港長州
DJI_20250506063356_0058_D.LRF,e0612db7797b49360e35238f646766ae,2025-10-22 22:04:39,2025-05-06 06:35:04,82_2025May香港長州
DJI_20250506063356_0058_D.MP4,0929b8ada91c806afa3b6985285399f1,2025-10-22 22:04:39,2025-05-06 06:35:04,82_2025May香港長州
DJI_20250508014047_0059_D.LRF,6685490128252b6a108e4184a719cc1c,2025-10-22 22:04:39,2025-05-08 01:41:12,82_2025May香港長州
DJI_20250508014047_0059_D.MP4,a6675cf87d09e97ddb1550a83cd9af71,2025-10-22 22:04:39,2025-05-08 01:41:12,82_2025May香港長州
DJI_20250508225950_0060_D.LRF,522346e55bf74440598c21f85e4eea56,2025-10-22 22:04:39,2025-05-08 23:00:44,82_2025May香港長州
DJI_20250508225950_0060_D.MP4,fe7415b0d46b4d5a4558e93f7fd5a322,2025-10-22 22:04:39,2025-05-08 23:00:44,82_2025May香港長州
DJI_20250511203824_0061_D.LRF,6ec57e49fafd3a72f5bcb4d205c9b5b6,2025-10-22 22:04:40,2025-05-11 20:38:40,85_2025May深圳
DJI_20250511203824_0061_D.MP4,55f5346f29d2a44739f359b83cd9dfbe,2025-10-22 22:04:40,2025-05-11 20:38:40,85_2025May深圳
DJI_20250511204121_0062_D.LRF,df83f6185d4f1c2418c3cd54ee3a6ff8,2025-10-22 22:04:40,2025-05-11 20:41:34,85_2025May深圳
DJI_20250511204121_0062_D.MP4,42ecadbef9d82885f43fe6125bbd54ba,2025-10-22 22:04:40,2025-05-11 20:41:34,85_2025May深圳
DJI_20250511204937_0063_D.LRF,afd45f555bb389a8bd87b28e15946d6a,2025-10-22 22:04:40,2025-05-11 20:51:46,85_2025May深圳
DJI_20250511204937_0063_D.MP4,f0ace8e963eec7d31fd5937f3714e0ef,2025-10-22 22:04:40,2025-05-11 20:51:44,85_2025May深圳
DJI_20250511205217_0064_D.LRF,01ff2b0f44b6bf72e2d6dedca5167e03,2025-10-22 22:04:41,2025-05-11 20:52:48,85_2025May深圳
DJI_20250511205217_0064_D.MP4,547d1b6bf73f1ede0eba4d79af717602,2025-10-22 22:04:41,2025-05-11 20:52:48,85_2025May深圳
DJI_20250511205448_0065_D.LRF,15cdc9cf66435db76c3eced991163e9a,2025-10-22 22:04:41,2025-05-11 20:58:24,85_2025May深圳
DJI_20250511205448_0065_D.MP4,f82c3e664d5c6af16f51e7f23f48886b,2025-10-22 22:04:41,2025-05-11 20:58:22,85_2025May深圳
DJI_20250511205919_0066_D.LRF,853b5f78dfc3247750e49fe71b39213f,2025-10-22 22:04:42,2025-05-11 20:59:48,85_2025May深圳
DJI_20250511205919_0066_D.MP4,fa23e77ce2fbcf58197f37fe5687e2be,2025-10-22 22:04:42,2025-05-11 20:59:48,85_2025May深圳
DJI_20250511210115_0067_D.LRF,aa85077fc98612669702e14dc162a87c,2025-10-22 22:04:42,2025-05-11 21:02:38,85_2025May深圳
DJI_20250511210115_0067_D.MP4,a6e59bc4e03863c0832466f9f675400f,2025-10-22 22:04:42,2025-05-11 21:02:38,85_2025May深圳
DJI_20250511210411_0068_D.LRF,140cd668433adebb59a98af9382405d2,2025-10-22 22:04:43,2025-05-11 21:05:58,85_2025May深圳
DJI_20250511210411_0068_D.MP4,bb780be89f009112cd38d1903efc93a4,2025-10-22 22:04:43,2025-05-11 21:05:58,85_2025May深圳
DJI_20250511211025_0069_D.LRF,b7042768ffbdd6879792abf7bd6a6f49,2025-10-22 22:04:43,2025-05-11 21:11:10,85_2025May深圳
DJI_20250511211025_0069_D.MP4,416f3f3a3ff70282f63e5b7acfbb2c4e,2025-10-22 22:04:43,2025-05-11 21:11:10,85_2025May深圳
DJI_20250511211648_0070_D.LRF,0025b19464df9ec30dd71fc5c0ced8c0,2025-10-22 22:04:43,2025-05-11 21:17:30,85_2025May深圳
DJI_20250511211648_0070_D.MP4,8f6891bb8ef4970ec8736d4f3850c1e7,2025-10-22 22:04:43,2025-05-11 21:17:30,85_2025May深圳
DJI_20250511211940_0071_D.LRF,685375b56139aa8312d99b65d3853de0,2025-10-22 22:04:44,2025-05-11 21:20:50,85_2025May深圳
DJI_20250511211940_0071_D.MP4,ac6ed1101026911e9889894cfdf869a7,2025-10-22 22:04:44,2025-05-11 21:20:50,85_2025May深圳
DJI_20250511212339_0072_D.LRF,33708f8594e2e658e52841aa8bbb4620,2025-10-22 22:04:44,2025-05-11 21:24:50,85_2025May深圳
DJI_20250511212339_0072_D.MP4,50707fb38837c73e10a50d96e29e0c26,2025-10-22 22:04:44,2025-05-11 21:24:50,85_2025May深圳
DJI_20250511212730_0073_D.LRF,7eb9d46fde68fbbf32757ed60ede57ae,2025-10-22 22:04:44,2025-05-11 21:27:42,85_2025May深圳
DJI_20250511212730_0073_D.MP4,cb5eea49ed84a708b0309d5a29ef6687,2025-10-22 22:04:44,2025-05-11 21:27:42,85_2025May深圳
DJI_20250511212845_0074_D.LRF,d80da328361259b275a3e19da0b30d98,2025-10-22 22:04:44,2025-05-11 21:29:08,85_2025May深圳
DJI_20250511212845_0074_D.MP4,3a7f604886bb1b778a22d2bb4079ea42,2025-10-22 22:04:44,2025-05-11 21:29:08,85_2025May深圳
DJI_20250511215208_0075_D.LRF,dac137c06088e59b77da26acb01b9da9,2025-10-22 22:04:45,2025-05-11 21:53:02,85_2025May深圳
DJI_20250511215208_0075_D.MP4,4fa93a63bb5591eca43c263825aaac5d,2025-10-22 22:04:45,2025-05-11 21:53:02,85_2025May深圳
DJI_20250511215319_0076_D.LRF,f6462c8ce5afbf26868bdb0c7d98d61f,2025-10-22 22:04:45,2025-05-11 21:54:58,85_2025May深圳
DJI_20250511215319_0076_D.MP4,710941e89808b3c8282d2b21fa33002c,2025-10-22 22:04:45,2025-05-11 21:54:56,85_2025May深圳
DJI_20250511215526_0077_D.LRF,58e36e5f8bce1c0ded9a3e28a895f6df,2025-10-22 22:04:45,2025-05-11 21:55:52,85_2025May深圳
DJI_20250511215526_0077_D.MP4,7992ba3f6e13a50560d8b62e6e4c0cb2,2025-10-22 22:04:45,2025-05-11 21:55:52,85_2025May深圳
DJI_20250511215607_0078_D.LRF,9f6e668d19fe870254f88eb2129158d8,2025-10-22 22:04:45,2025-05-11 21:58:04,85_2025May深圳
DJI_20250511215607_0078_D.MP4,92d5a343586d46659daf8951ffce3e17,2025-10-22 22:04:46,2025-05-11 21:58:04,85_2025May深圳
DJI_20250511220242_0079_D.LRF,ea8bcebd51360b95893c6a3921930042,2025-10-22 22:04:46,2025-05-11 22:04:46,85_2025May深圳
DJI_20250511220242_0079_D.MP4,0083f0a76c48dc219aa4bbe2926155d2,2025-10-22 22:04:46,2025-05-11 22:04:46,85_2025May深圳
DJI_20250511220709_0080_D.LRF,fd95174eeadc87e86569f389e031824a,2025-10-22 22:04:47,2025-05-11 22:08:12,85_2025May深圳
DJI_20250511220709_0080_D.MP4,fe293ed76ab856c24e5ad20845b31839,2025-10-22 22:04:47,2025-05-11 22:08:12,85_2025May深圳
DJI_20250511220816_0081_D.LRF,b04ee7e13790be06fe65cf7b8b9d8eaf,2025-10-22 22:04:48,2025-05-11 22:10:56,85_2025May深圳
DJI_20250511220816_0081_D.MP4,d9605ba84e816722b88f60d0251de9bb,2025-10-22 22:04:48,2025-05-11 22:10:56,85_2025May深圳
DJI_20250511221301_0082_D.LRF,a90274711d532c44f5e0f2959c544767,2025-10-22 22:04:49,2025-05-11 22:13:32,85_2025May深圳
DJI_20250511221301_0082_D.MP4,b37e685693dd2280386f23bdb952a3e3,2025-10-22 22:04:49,2025-05-11 22:13:32,85_2025May深圳
DJI_20250511222525_0083_D.LRF,216e0281af7e31294faffe0e83c10aa9,2025-10-22 22:04:49,2025-05-11 22:26:12,85_2025May深圳
DJI_20250511222525_0083_D.MP4,433b2ac708bf71ef103bd1d4bff9937c,2025-10-22 22:04:49,2025-05-11 22:26:10,85_2025May深圳
DJI_20250511223019_0084_D.LRF,da0de1d96d2f60470c1fa57b421e782b,2025-10-22 22:04:49,2025-05-11 22:31:46,85_2025May深圳
DJI_20250511223019_0084_D.MP4,538f74502edeeaf03818e385328ec95f,2025-10-22 22:04:49,2025-05-11 22:31:46,85_2025May深圳
DJI_20250511224211_0085_D.LRF,a00c6c4a5e2433688d37de5ac4161b36,2025-10-22 22:04:50,2025-05-11 22:42:24,85_2025May深圳
DJI_20250511224211_0085_D.MP4,ca0f4abaf151dec9ed097f4a9b5b37a0,2025-10-22 22:04:50,2025-05-11 22:42:24,85_2025May深圳
DJI_20250511224949_0086_D.LRF,493ad944b901c627c29420570e8cdfce,2025-10-22 22:04:50,2025-05-11 22:50:26,85_2025May深圳
DJI_20250511224949_0086_D.MP4,5d66b80eb028e601884aced037c19df1,2025-10-22 22:04:50,2025-05-11 22:50:26,85_2025May深圳
DJI_20250511225510_0087_D.LRF,76573af4bb88c1214e0b63965a16b21f,2025-10-22 22:04:50,2025-05-11 22:55:32,85_2025May深圳
DJI_20250511225510_0087_D.MP4,3b46297cebe52dc8b5fdc95b89c7991b,2025-10-22 22:04:50,2025-05-11 22:55:32,85_2025May深圳
DJI_20250511225618_0088_D.LRF,baa4876be3f827ec2fbdd48c83c39bae,2025-10-22 22:04:50,2025-05-11 22:58:22,85_2025May深圳
DJI_20250511225618_0088_D.MP4,a85b64e32f80ab85d2f19682c25ca86f,2025-10-22 22:04:50,2025-05-11 22:58:22,85_2025May深圳
DJI_20250511225958_0089_D.LRF,d87bd39fb70f76d1c12c51731ada2844,2025-10-22 22:04:51,2025-05-11 23:00:34,85_2025May深圳
DJI_20250511225958_0089_D.MP4,18dc884885a362828b9b3662a6f5cb94,2025-10-22 22:04:51,2025-05-11 23:00:34,85_2025May深圳
DJI_20250512004451_0090_D.LRF,52050d3d8d8f357572b1c4591309e8f9,2025-10-22 22:04:51,2025-05-12 00:46:44,85_2025May深圳
DJI_20250512004451_0090_D.MP4,f71c0fcaddc30a6a3c014010b6605d84,2025-10-22 22:04:51,2025-05-12 00:46:44,85_2025May深圳
DJI_20250512005655_0091_D.LRF,25c2b4eb08ee2e98de77909902804041,2025-10-22 22:04:52,2025-05-12 00:58:04,85_2025May深圳
DJI_20250512005655_0091_D.MP4,68c7a6638b7ded1ae2d1fd32cc2c589e,2025-10-22 22:04:52,2025-05-12 00:58:02,85_2025May深圳
DJI_20250512010104_0092_D.LRF,9f348750c13205a2d2a265ffdc2a2375,2025-10-22 22:04:52,2025-05-12 01:02:20,85_2025May深圳
DJI_20250512010104_0092_D.MP4,15381598281e82aa15b30c324f9378d7,2025-10-22 22:04:53,2025-05-12 01:02:20,85_2025May深圳
DJI_20250512010933_0093_D.LRF,b104b9a1c9c53e3175bcfff4bf1a1cf0,2025-10-22 22:04:53,2025-05-12 01:11:36,85_2025May深圳
DJI_20250512010933_0093_D.MP4,fac0ecf5c77809274173bc075a5961e2,2025-10-22 22:04:53,2025-05-12 01:11:36,85_2025May深圳
DJI_20250512011221_0094_D.LRF,c6a1477ba69df71d18a784c68283504a,2025-10-22 22:04:54,2025-05-12 01:14:30,85_2025May深圳
DJI_20250512011221_0094_D.MP4,c8412f1cba77835b3108fe6a2f0bc4f7,2025-10-22 22:04:54,2025-05-12 01:14:30,85_2025May深圳
DJI_20250512012208_0095_D.LRF,4de92cfefabd94fc4523ac9018f33ea2,2025-10-22 22:04:54,2025-05-12 01:22:32,85_2025May深圳
DJI_20250512012208_0095_D.MP4,ac07a4a286432795345099c808e5d55b,2025-10-22 22:04:55,2025-05-12 01:22:32,85_2025May深圳
DJI_20250512012257_0096_D.LRF,a7452a517747108f3d4407ce05e1b11d,2025-10-22 22:04:55,2025-05-12 01:23:38,85_2025May深圳
DJI_20250512012257_0096_D.MP4,85a51767e0f41c60906df083a6ead4dd,2025-10-22 22:04:55,2025-05-12 01:23:38,85_2025May深圳
DJI_20250512012717_0097_D.LRF,cea72c21c6c8a062a29764c55a3f9538,2025-10-22 22:04:55,2025-05-12 01:29:52,85_2025May深圳
DJI_20250512012717_0097_D.MP4,3104fb255476db75b2cd44eeba05e072,2025-10-22 22:04:55,2025-05-12 01:29:52,85_2025May深圳
DJI_20250512013547_0098_D.LRF,0db193df03d344d2743481d9ce1f0c9b,2025-10-22 22:04:56,2025-05-12 01:36:08,85_2025May深圳
DJI_20250512013547_0098_D.MP4,ca4a2b765ccec9a38431c3525aa981db,2025-10-22 22:04:56,2025-05-12 01:36:08,85_2025May深圳
DJI_20250512013630_0099_D.LRF,10c5e75937a0df8270ae394bb991aad0,2025-10-22 22:04:56,2025-05-12 01:36:54,85_2025May深圳
DJI_20250512013630_0099_D.MP4,c91d6f04bf9c37e11c845a7eb0c5ac82,2025-10-22 22:04:56,2025-05-12 01:36:54,85_2025May深圳
DJI_20250512013721_0100_D.LRF,7393e213185cea10c4f537edb3c86516,2025-10-22 22:04:56,2025-05-12 01:38:14,85_2025May深圳
DJI_20250512013721_0100_D.MP4,65087511516506eb1016482f2bf0832a,2025-10-22 22:04:56,2025-05-12 01:38:14,85_2025May深圳
DJI_20250512013918_0101_D.LRF,4b58c0f65a7df95fe690e549fcaf3eb0,2025-10-22 22:04:56,2025-05-12 01:39:58,85_2025May深圳
DJI_20250512013918_0101_D.MP4,9e05f1aea48beb94a89ccac93a5c0b6f,2025-10-22 22:04:56,2025-05-12 01:39:58,85_2025May深圳
DJI_20250512014709_0102_D.LRF,108d75554f33ef0c603615e8c39f6c2d,2025-10-22 22:04:57,2025-05-12 01:47:28,85_2025May深圳
DJI_20250512014709_0102_D.MP4,2fd6b1dcecf28e21f95119efe5179324,2025-10-22 22:04:57,2025-05-12 01:47:28,85_2025May深圳
DJI_20250512015104_0103_D.LRF,00bc9fd4ed950f9b744443ea9d3d1226,2025-10-22 22:04:57,2025-05-12 01:52:08,85_2025May深圳
DJI_20250512015104_0103_D.MP4,c900e744959148ca529b75c8d7d69083,2025-10-22 22:04:57,2025-05-12 01:52:08,85_2025May深圳
DJI_20250512021556_0104_D.LRF,f6c6d7c011980401fd1bc330ffe15ceb,2025-10-22 22:04:57,2025-05-12 02:16:12,85_2025May深圳
DJI_20250512021556_0104_D.MP4,9640d06d83965a2c196f5029ca1e7516,2025-10-22 22:04:57,2025-05-12 02:16:12,85_2025May深圳
DJI_20250512024655_0105_D.LRF,2f89a9761f61541b00a65057f4d5e68a,2025-10-22 22:04:57,2025-05-12 02:49:22,85_2025May深圳
DJI_20250512024655_0105_D.MP4,01810782affb8d4724980fcde82b6a58,2025-10-22 22:04:57,2025-05-12 02:49:22,85_2025May深圳
DJI_20250512025012_0106_D.LRF,5c347ffceb7ca759976d9e11647985f2,2025-10-22 22:04:58,2025-05-12 02:51:04,85_2025May深圳
DJI_20250512025012_0106_D.MP4,35d9e7cfc002e84b63b24bd38b0f094d,2025-10-22 22:04:58,2025-05-12 02:51:04,85_2025May深圳
DJI_20250512025114_0107_D.LRF,7f057c8d5e64a976ad126bca1fbc425f,2025-10-22 22:04:58,2025-05-12 02:52:52,85_2025May深圳
DJI_20250512025114_0107_D.MP4,4a3153a11e4b1d275e28a82dd7c2a16b,2025-10-22 22:04:59,2025-05-12 02:52:52,85_2025May深圳
DJI_20250512025315_0108_D.LRF,4b9cd8afd26975a9d3492f774cb77eee,2025-10-22 22:04:59,2025-05-12 02:54:12,85_2025May深圳
DJI_20250512025315_0108_D.MP4,341044cd8120a8dd771e2f4f279ebc5d,2025-10-22 22:04:59,2025-05-12 02:54:12,85_2025May深圳
DJI_20250512025544_0109_D.LRF,8248f01c3fa4075a9a42f1d1e582b9d7,2025-10-22 22:04:59,2025-05-12 02:58:08,85_2025May深圳
DJI_20250512025544_0109_D.MP4,fb96009b6e211b4a34653c3f955549f0,2025-10-22 22:04:59,2025-05-12 02:58:08,85_2025May深圳
DJI_20250512030112_0110_D.LRF,1a88eb6c50daa032f2b83affdf002b02,2025-10-22 22:05:00,2025-05-12 03:01:30,85_2025May深圳
DJI_20250512030112_0110_D.MP4,efbe15804336bf93b94092441e02228f,2025-10-22 22:05:00,2025-05-12 03:01:30,85_2025May深圳
DJI_20250512030220_0111_D.LRF,a319da07853e8aa051eda00af2c26ba8,2025-10-22 22:05:00,2025-05-12 03:02:30,85_2025May深圳
DJI_20250512030220_0111_D.MP4,af7bdca9ace8c8e16c1aa0d4b3f5e6ed,2025-10-22 22:05:00,2025-05-12 03:02:30,85_2025May深圳
DJI_20250512030906_0112_D.LRF,2c5654012e51a14b707e58bb77826cac,2025-10-22 22:05:00,2025-05-12 03:09:34,85_2025May深圳
DJI_20250512030906_0112_D.MP4,bdf593f8cc22d5b3fba4b84add57ddc3,2025-10-22 22:05:01,2025-05-12 03:09:34,85_2025May深圳
DJI_20250512031219_0113_D.LRF,7bbff2f36e8d3bdc7a19898d309fd089,2025-10-22 22:05:01,2025-05-12 03:12:42,85_2025May深圳
DJI_20250512031219_0113_D.MP4,b3ea7ca04b02683139b7266afc97edc4,2025-10-22 22:05:01,2025-05-12 03:12:40,85_2025May深圳
DJI_20250512081257_0114_D.LRF,16f4105b0157a12174de919306f0584c,2025-10-22 22:05:01,2025-05-12 08:14:30,85_2025May深圳
DJI_20250512081257_0114_D.MP4,8f4e43fa3409e0ed3d53aea30b0071a1,2025-10-22 22:05:01,2025-05-12 08:14:30,85_2025May深圳
DJI_20250512081750_0115_D.LRF,f0603c3e11f75cff721bf6009b7b285c,2025-10-22 22:05:01,2025-05-12 08:19:12,85_2025May深圳
DJI_20250512081750_0115_D.MP4,b01912be9c00cb859b995dad8243a596,2025-10-22 22:05:01,2025-05-12 08:19:12,85_2025May深圳
DJI_20250512083510_0116_D.LRF,97d3e147ca4b2ab82bdc8dd448659363,2025-10-22 22:05:02,2025-05-12 08:40:24,85_2025May深圳
DJI_20250512083510_0116_D.MP4,0ce4072923d2fa5d138e70d8dae2018d,2025-10-22 22:05:02,2025-05-12 08:40:24,85_2025May深圳
DJI_20250517031759_0117_D.LRF,ad8189d4142befbfd89d458260866c08,2025-10-22 22:05:07,2025-05-17 03:18:22,87_2025May香港
DJI_20250517031759_0117_D.MP4,9ef16ccb5da84102045d89f09b12d3cd,2025-10-22 22:05:07,2025-05-17 03:18:22,87_2025May香港
DJI_20250517031859_0118_D.LRF,8779c1b0f35e3de74d54c70fef63c5cf,2025-10-22 22:05:07,2025-05-17 03:19:32,87_2025May香港
DJI_20250517031859_0118_D.MP4,14c8f2a4980e44c0c0c434ed15e611be,2025-10-22 22:05:07,2025-05-17 03:19:32,87_2025May香港
DJI_20250517031937_0119_D.LRF,f89cf19be9dac5bf1c1ddbd969b8e1cd,2025-10-22 22:05:07,2025-05-17 03:20:02,87_2025May香港
DJI_20250517031937_0119_D.MP4,4a9fb8b9047f73e90ab51a02fe8f0011,2025-10-22 22:05:07,2025-05-17 03:20:02,87_2025May香港
DJI_20250517032306_0120_D.LRF,6933957c30bbf3e6e040f1587ea59ee7,2025-10-22 22:05:07,2025-05-17 03:24:00,87_2025May香港
DJI_20250517032306_0120_D.MP4,cfec5b6fd3d06c65ae04591b3da142f1,2025-10-22 22:05:07,2025-05-17 03:24:00,87_2025May香港
DJI_20250517032715_0121_D.LRF,902ba8ecba279240b9b8282cf8c8e00b,2025-10-22 22:05:08,2025-05-17 03:28:14,87_2025May香港
DJI_20250517032715_0121_D.MP4,1c1c7ba8184a650fb09ad0e437e39ce1,2025-10-22 22:05:08,2025-05-17 03:28:14,87_2025May香港
DJI_20250517032846_0122_D.LRF,4ec9ad935f7906eb1eb95ac138910c8c,2025-10-22 22:05:08,2025-05-17 03:29:58,87_2025May香港
DJI_20250517032846_0122_D.MP4,ac768791bb1adf1fee033bc5d8cca5cf,2025-10-22 22:05:08,2025-05-17 03:29:58,87_2025May香港
DJI_20250517033213_0123_D.LRF,60bd0d3eb3efbb70927328674f08a717,2025-10-22 22:05:09,2025-05-17 03:32:42,87_2025May香港
DJI_20250517033213_0123_D.MP4,f662c7cf4f920f23677426eb7d9b89a7,2025-10-22 22:05:09,2025-05-17 03:32:42,87_2025May香港
DJI_20250517033809_0124_D.LRF,c1a2f98e4badcc83dcdf5a8b990a9617,2025-10-22 22:05:09,2025-05-17 03:38:32,87_2025May香港
DJI_20250517033809_0124_D.MP4,f4116fffd3be73636a1e5072b6eb8156,2025-10-22 22:05:09,2025-05-17 03:38:30,87_2025May香港
DJI_20250517033859_0125_D.LRF,f02f909f745bb49fbb582ae06155f860,2025-10-22 22:05:09,2025-05-17 03:39:54,87_2025May香港
DJI_20250517033859_0125_D.MP4,38efef5aeade7fd72ac43dfa30efb604,2025-10-22 22:05:09,2025-05-17 03:39:54,87_2025May香港
DJI_20250517034112_0126_D.LRF,000db5139ddc6c7ad21f14d499d6875c,2025-10-22 22:05:09,2025-05-17 03:41:44,87_2025May香港
DJI_20250517034112_0126_D.MP4,40f037223535b87bb19a3b4d040b36e8,2025-10-22 22:05:09,2025-05-17 03:41:44,87_2025May香港
DJI_20250517034302_0127_D.LRF,b27b962d0c78b87657c53ef048d0d2b9,2025-10-22 22:05:09,2025-05-17 03:44:50,87_2025May香港
DJI_20250517034302_0127_D.MP4,4eb7ad87d6ba0e742e4b4fc8d9854fb4,2025-10-22 22:05:10,2025-05-17 03:44:50,87_2025May香港
DJI_20250517034531_0128_D.LRF,ca3656573d20799b66441c3138f03121,2025-10-22 22:05:10,2025-05-17 03:45:50,87_2025May香港
DJI_20250517034531_0128_D.MP4,2e0a25c7802454f4363d5128edfc47f6,2025-10-22 22:05:10,2025-05-17 03:45:50,87_2025May香港
DJI_20250517034853_0129_D.LRF,f140eff49e83edae2b0c788ebaaa6173,2025-10-22 22:05:10,2025-05-17 03:49:18,87_2025May香港
DJI_20250517034853_0129_D.MP4,036abfb356fe5bea7f670e6289693a61,2025-10-22 22:05:10,2025-05-17 03:49:18,87_2025May香港
DJI_20250517034940_0130_D.LRF,90c490abc79ae38d58879ad1caf1a2ac,2025-10-22 22:05:10,2025-05-17 03:50:24,87_2025May香港
DJI_20250517034940_0130_D.MP4,3552b0dc06f21701045235d6dd4197c7,2025-10-22 22:05:10,2025-05-17 03:50:24,87_2025May香港
DJI_20250517035931_0131_D.LRF,dfcce3a32fd40e7376d6c39ec60da7e5,2025-10-22 22:05:10,2025-05-17 04:03:20,87_2025May香港
DJI_20250517035931_0131_D.MP4,048456af9c1ce6c8584db8860fc05672,2025-10-22 22:05:11,2025-05-17 04:03:20,87_2025May香港
DJI_20250517040449_0132_D.LRF,55fed52b1f4f38a8f163d4902b11e6d9,2025-10-22 22:05:12,2025-05-17 04:05:28,87_2025May香港
DJI_20250517040449_0132_D.MP4,1bb634eba421388efeaa374faca2b371,2025-10-22 22:05:12,2025-05-17 04:05:26,87_2025May香港
DJI_20250517041023_0133_D.LRF,189e882a181b90025b5c9356ce164d55,2025-10-22 22:05:12,2025-05-17 04:11:52,87_2025May香港
DJI_20250517041023_0133_D.MP4,1507e96aecc70b464dfa024f05b35e9a,2025-10-22 22:05:12,2025-05-17 04:11:52,87_2025May香港
DJI_20250517041254_0134_D.LRF,107c37f2b38858fd703f9ab8190128c1,2025-10-22 22:05:13,2025-05-17 04:15:58,87_2025May香港
DJI_20250517041254_0134_D.MP4,106977040be6c230c04aafe5641c993d,2025-10-22 22:05:13,2025-05-17 04:15:58,87_2025May香港
DJI_20250517042154_0135_D.LRF,87f5bb18733cb2743409205805577974,2025-10-22 22:05:14,2025-05-17 04:22:58,87_2025May香港
DJI_20250517042154_0135_D.MP4,44c2dadc7d857c378390da3586fb1077,2025-10-22 22:05:14,2025-05-17 04:22:58,87_2025May香港
DJI_20250517043413_0136_D.LRF,c890b4122b75589f50978eddf0492127,2025-10-22 22:05:14,2025-05-17 04:39:18,87_2025May香港
DJI_20250517043413_0136_D.MP4,e553b3be7be4401c10afedde0873a354,2025-10-22 22:05:15,2025-05-17 04:39:18,87_2025May香港
DJI_20250517044115_0137_D.LRF,43172c081dced6f72f2f397fd7edff1e,2025-10-22 22:05:16,2025-05-17 04:45:56,87_2025May香港
DJI_20250517044115_0137_D.MP4,5d8b0b4d4e381359288fbaf57eb3d329,2025-10-22 22:05:17,2025-05-17 04:45:56,87_2025May香港
DJI_20250517045103_0138_D.LRF,8cb7f8e27b0a69315554792f20b3624d,2025-10-22 22:05:18,2025-05-17 04:51:34,87_2025May香港
DJI_20250517045103_0138_D.MP4,994852c8e92bbcd8f4704da51615718e,2025-10-22 22:05:18,2025-05-17 04:51:34,87_2025May香港
DJI_20250517045437_0139_D.LRF,ab956f3379891470bfc14203c6c416c9,2025-10-22 22:05:18,2025-05-17 04:55:36,87_2025May香港
DJI_20250517045437_0139_D.MP4,57e0fc9911735e78a15c2b3b57d4a61e,2025-10-22 22:05:18,2025-05-17 04:55:36,87_2025May香港
DJI_20250519020643_0140_D.LRF,6262e6719346ad97c4ea814c284eb657,2025-10-22 22:05:22,2025-05-19 02:07:58,90_2025May台灣
DJI_20250519020643_0140_D.MP4,d92b026b7e3c4b314884fea6f94f3ea0,2025-10-22 22:05:22,2025-05-19 02:07:58,90_2025May台灣
DJI_20250519021621_0141_D.LRF,f9a26d3cfbe45eb8d9354def27b4a4d0,2025-10-22 22:05:22,2025-05-19 02:22:32,90_2025May台灣
DJI_20250519021621_0141_D.MP4,a6d80574906ee7a2fdff66b2c37f5944,2025-10-22 22:05:23,2025-05-19 02:22:32,90_2025May台灣
DJI_20250519032109_0142_D.LRF,df3f435ea67bd564d5fe67fba11aa0f0,2025-10-22 22:05:25,2025-05-19 03:21:20,90_2025May台灣
DJI_20250519032109_0142_D.MP4,e069dba2f5731f815d02c2d057e98b50,2025-10-22 22:05:25,2025-05-19 03:21:20,90_2025May台灣
DJI_20250519040650_0143_D.LRF,1fdbc55986578d0613251abac9714b3e,2025-10-22 22:05:25,2025-05-19 04:07:02,90_2025May台灣
DJI_20250519040650_0143_D.MP4,a4c5d15e4ca11701b7e50335a2fe5765,2025-10-22 22:05:25,2025-05-19 04:07:02,90_2025May台灣
DJI_20250519040750_0144_D.LRF,c81ed89315d20e992efa80a36734a651,2025-10-22 22:05:25,2025-05-19 04:08:52,90_2025May台灣
DJI_20250519040750_0144_D.MP4,9fa6832d7f81150e265bb10bc0a3b5a1,2025-10-22 22:05:25,2025-05-19 04:08:52,90_2025May台灣
DJI_20250519045857_0145_D.LRF,ba9eba7d18d0b19bede7d3621400ccd4,2025-10-22 22:05:25,2025-05-19 04:59:16,90_2025May台灣
DJI_20250519045857_0145_D.MP4,31ab1b00c7a7df01b82ea5eb12ee9a9d,2025-10-22 22:05:25,2025-05-19 04:59:16,90_2025May台灣
DJI_20250519050047_0146_D.LRF,b23af80357ad6d5cc28ad5847b56af43,2025-10-22 22:05:25,2025-05-19 05:02:20,90_2025May台灣
DJI_20250519050047_0146_D.MP4,3c9c3481c59eab376fd7ff94a9fe65f9,2025-10-22 22:05:25,2025-05-19 05:02:20,90_2025May台灣
DJI_20250519050358_0147_D.LRF,522feaea08812b378bb4880e761d3919,2025-10-22 22:05:26,2025-05-19 05:04:58,90_2025May台灣
DJI_20250519050358_0147_D.MP4,c2a4b9de9a0a0f5e9bb91da6686e5f92,2025-10-22 22:05:26,2025-05-19 05:04:58,90_2025May台灣
DJI_20250519061256_0148_D.LRF,308737bb9fdee5caadf7728adadf014e,2025-10-22 22:05:26,2025-05-19 06:13:26,90_2025May台灣
DJI_20250519061256_0148_D.MP4,809eb0dac4aeeeca758352537a678fba,2025-10-22 22:05:26,2025-05-19 06:13:26,90_2025May台灣
DJI_20250520015050_0149_D.LRF,98a4c338f2f6e01495082168e3e7da6e,2025-10-22 22:05:26,2025-05-20 01:55:26,90_2025May台灣
DJI_20250520015050_0149_D.MP4,f9fa0bcc9b9f0ef41bb41468b05a5b2e,2025-10-22 22:05:27,2025-05-20 01:55:26,90_2025May台灣
DJI_20250520015730_0150_D.LRF,6837ee7a2d16ffbcb2aeceb570d2a174,2025-10-22 22:05:28,2025-05-20 01:58:46,90_2025May台灣
DJI_20250520015730_0150_D.MP4,b705501b8cf9c140a9329a33ad3c76b1,2025-10-22 22:05:29,2025-05-20 01:58:46,90_2025May台灣
DJI_20250520020238_0151_D.LRF,989dfcbbed12436b72fe244cd178cf7b,2025-10-22 22:05:29,2025-05-20 02:03:16,90_2025May台灣
DJI_20250520020238_0151_D.MP4,77e5f38aa4aa1b5dcf577339301ccb55,2025-10-22 22:05:29,2025-05-20 02:03:16,90_2025May台灣
DJI_20250520021316_0152_D.LRF,3173277bd4307e4e0ae4b5ca054bf56b,2025-10-22 22:05:29,2025-05-20 02:13:42,90_2025May台灣
DJI_20250520021316_0152_D.MP4,acfaadf0e30fa11fb5640cb2466eca8d,2025-10-22 22:05:29,2025-05-20 02:13:42,90_2025May台灣
DJI_20250520024902_0153_D.LRF,8a9afeb17aa0b742353e18f2b6ad72d3,2025-10-22 22:05:29,2025-05-20 02:49:24,90_2025May台灣
DJI_20250520024902_0153_D.MP4,8f9916fb30f32be06e166f0d0e4d9660,2025-10-22 22:05:29,2025-05-20 02:49:24,90_2025May台灣
DJI_20250520025452_0154_D.LRF,3d5d8ca77c46730f0ccec2be6bedf2f3,2025-10-22 22:05:30,2025-05-20 02:55:16,90_2025May台灣
DJI_20250520025452_0154_D.MP4,0f12bbcbb24fc1b9f66a6627ea40791e,2025-10-22 22:05:30,2025-05-20 02:55:16,90_2025May台灣
DJI_20250520025825_0155_D.LRF,a130aaead4628a31f12ab3c631ff24b1,2025-10-22 22:05:30,2025-05-20 02:59:46,90_2025May台灣
DJI_20250520025825_0155_D.MP4,1ce58570d203bf5328aba2bf13adeb19,2025-10-22 22:05:30,2025-05-20 02:59:46,90_2025May台灣
DJI_20250520030123_0156_D.LRF,4fe6b56cf9a29aa0385ab12226a4ecd1,2025-10-22 22:05:30,2025-05-20 03:01:42,90_2025May台灣
DJI_20250520030123_0156_D.MP4,4a1cfd728d1c3c4f35098d4117a89017,2025-10-22 22:05:30,2025-05-20 03:01:42,90_2025May台灣
DJI_20250520030326_0157_D.LRF,25952a4abbc26bbebac056c70dbf2cfb,2025-10-22 22:05:30,2025-05-20 03:05:48,90_2025May台灣
DJI_20250520030326_0157_D.MP4,ee9c7e6fda8339c8b4eca19d123484d4,2025-10-22 22:05:30,2025-05-20 03:05:48,90_2025May台灣
DJI_20250520030720_0158_D.LRF,55e0007feec5d4874985f05132c22e51,2025-10-22 22:05:31,2025-05-20 03:15:34,90_2025May台灣
DJI_20250520030720_0158_D.MP4,c76636c926d5c2b222c470b68be835cf,2025-10-22 22:05:32,2025-05-20 03:15:34,90_2025May台灣
DJI_20250520031639_0159_D.LRF,ea1eb913307a86f3ef8f6038a6f05fe3,2025-10-22 22:05:35,2025-05-20 03:23:02,90_2025May台灣
DJI_20250520031639_0159_D.MP4,8705232a8c3d21cd7ff8c78b52ad3fbb,2025-10-22 22:05:35,2025-05-20 03:23:02,90_2025May台灣
DJI_20250520032319_0160_D.LRF,b28108ef1459839f109715c2df367022,2025-10-22 22:05:37,2025-05-20 03:24:00,90_2025May台灣
DJI_20250520032319_0160_D.MP4,e0e5918747885b416d6a362d9c7eafac,2025-10-22 22:05:37,2025-05-20 03:24:00,90_2025May台灣
DJI_20250520032639_0161_D.LRF,0ce562ccb0d2bdb75417013eeb4c2ffc,2025-10-22 22:05:38,2025-05-20 03:31:34,90_2025May台灣
DJI_20250520032639_0161_D.MP4,1f05dadd54d0f6c45849f659fa5cbb39,2025-10-22 22:05:38,2025-05-20 03:31:34,90_2025May台灣
DJI_20250520033152_0162_D.LRF,34254fb5fa783f1919df9121851a588e,2025-10-22 22:05:40,2025-05-20 03:33:18,90_2025May台灣
DJI_20250520033152_0162_D.MP4,9c1961197d3fc114c9146d25022f9ede,2025-10-22 22:05:40,2025-05-20 03:33:18,90_2025May台灣
DJI_20250520043704_0163_D.LRF,e7ff52d045eb03e65f93d6822d43f438,2025-10-22 22:05:40,2025-05-20 04:40:08,90_2025May台灣
DJI_20250520043704_0163_D.MP4,7305474e31265d0330d852015cd3d430,2025-10-22 22:05:41,2025-05-20 04:40:08,90_2025May台灣
DJI_20250520045658_0164_D.LRF,2cc472707eac2dbda5107e315039b56e,2025-10-22 22:05:41,2025-05-20 04:57:38,90_2025May台灣
DJI_20250520045658_0164_D.MP4,6a3ee43192d06d0ed9921b7300ae7033,2025-10-22 22:05:41,2025-05-20 04:57:38,90_2025May台灣
DJI_20250520045947_0165_D.LRF,fdab4731e9c2b1247bf7f4cd0b45e9ce,2025-10-22 22:05:42,2025-05-20 05:00:02,90_2025May台灣
DJI_20250520045947_0165_D.MP4,d16ecb1b2cdc1d8863abb7fb9744c79f,2025-10-22 22:05:42,2025-05-20 05:00:02,90_2025May台灣
DJI_20250520050345_0166_D.LRF,e6ed7092b4f1a571ed19ebb62a5e35c3,2025-10-22 22:05:42,2025-05-20 05:04:38,90_2025May台灣
DJI_20250520050345_0166_D.MP4,c986ce0d01af4b68fd2e83718cfc5cfb,2025-10-22 22:05:42,2025-05-20 05:04:36,90_2025May台灣
DJI_20250520050520_0167_D.LRF,7be8e62fcbcf40eeab00aa02f7229b6a,2025-10-22 22:05:42,2025-05-20 05:16:16,90_2025May台灣
DJI_20250520050520_0167_D.MP4,60573ed428b292d26b4151952f45e2c5,2025-10-22 22:05:43,2025-05-20 05:16:16,90_2025May台灣
DJI_20250520051623_0168_D.LRF,902f3d5963a8302bdbca207ed4c3920c,2025-10-22 22:05:47,2025-05-20 05:18:34,90_2025May台灣
DJI_20250520051623_0168_D.MP4,cccb10d09e3d022f43c58abd13e669a6,2025-10-22 22:05:47,2025-05-20 05:18:34,90_2025May台灣
DJI_20250520052024_0169_D.LRF,d5d2ae224e14ededa47bfce4f4f5b696,2025-10-22 22:05:47,2025-05-20 05:24:52,90_2025May台灣
DJI_20250520052024_0169_D.MP4,f1aac01895ce9e0bfc4b35a73658dcbd,2025-10-22 22:05:48,2025-05-20 05:24:52,90_2025May台灣
DJI_20250520053458_0170_D.LRF,42f4920c52d8a2c432e1e05b226154a4,2025-10-22 22:05:49,2025-05-20 05:40:16,90_2025May台灣
DJI_20250520053458_0170_D.MP4,a99fe1bf365a608c1695bc5441dd79a9,2025-10-22 22:05:50,2025-05-20 05:40:16,90_2025May台灣
DJI_20250520054044_0171_D.LRF,980e98c86c8da6123b74b62489a10792,2025-10-22 22:05:51,2025-05-20 05:45:46,90_2025May台灣
DJI_20250520054044_0171_D.MP4,fc13930ddf8674468a79402a86e6cadd,2025-10-22 22:05:52,2025-05-20 05:45:46,90_2025May台灣
DJI_20250520062354_0172_D.LRF,e5a7ce24f31740ed0f8c7e94944048da,2025-10-22 22:05:53,2025-05-20 06:24:52,90_2025May台灣
DJI_20250520062354_0172_D.MP4,27125c74f065b888e76e2f9c67bbdccb,2025-10-22 22:05:53,2025-05-20 06:24:52,90_2025May台灣
DJI_20250520062627_0173_D.LRF,dbc7e75fa4e36cc17de2467f2f15c742,2025-10-22 22:05:53,2025-05-20 06:26:40,90_2025May台灣
DJI_20250520062627_0173_D.MP4,f857b549e3144d690466f97f3fc3df4b,2025-10-22 22:05:53,2025-05-20 06:26:40,90_2025May台灣
DJI_20250520062753_0174_D.LRF,8e80ab657156535ffc45186c76d12161,2025-10-22 22:05:53,2025-05-20 06:29:00,90_2025May台灣
DJI_20250520062753_0174_D.MP4,b67e86ba4b8546ea287d35883535344e,2025-10-22 22:05:54,2025-05-20 06:29:00,90_2025May台灣
DJI_20250520063025_0175_D.LRF,4aea1e819ba6e18d0dde367bc876a6a5,2025-10-22 22:05:54,2025-05-20 06:30:40,90_2025May台灣
DJI_20250520063025_0175_D.MP4,6293905d350209fec8339ccf6440a46c,2025-10-22 22:05:54,2025-05-20 06:30:40,90_2025May台灣
DJI_20250520063226_0176_D.LRF,a892d6436dba5f0977d847303affff6e,2025-10-22 22:05:54,2025-05-20 06:32:30,90_2025May台灣
DJI_20250520063226_0176_D.MP4,81be768c647623dc52f1b6181c187c59,2025-10-22 22:05:54,2025-05-20 06:32:30,90_2025May台灣
DJI_20250520063250_0177_D.LRF,1a77dff4dd94c89370f24f34a2bc2421,2025-10-22 22:05:54,2025-05-20 06:33:00,90_2025May台灣
DJI_20250520063250_0177_D.MP4,3f2432f608cae79a065829ba36f34ad5,2025-10-22 22:05:54,2025-05-20 06:33:00,90_2025May台灣
DJI_20250520064317_0178_D.LRF,73999438e59b327775ae0c41f91dddc3,2025-10-22 22:05:54,2025-05-20 06:45:38,90_2025May台灣
DJI_20250520064317_0178_D.MP4,733b40059df35dc914daa59bb60eb8b6,2025-10-22 22:05:54,2025-05-20 06:45:36,90_2025May台灣
DJI_20250520064545_0179_D.LRF,e9aaf2006638175b55d361ca0485d825,2025-10-22 22:05:55,2025-05-20 06:49:30,90_2025May台灣
DJI_20250520064545_0179_D.MP4,2c13caf9c6905fe8215150c45508eb04,2025-10-22 22:05:55,2025-05-20 06:49:30,90_2025May台灣
DJI_20250520065054_0180_D.LRF,61cb352ac1074bda2c482aca1092c95c,2025-10-22 22:05:56,2025-05-20 06:51:42,90_2025May台灣
DJI_20250520065054_0180_D.MP4,656eb7089c6270a0fdf770c4d41b7216,2025-10-22 22:05:56,2025-05-20 06:51:42,90_2025May台灣
DJI_20250520065306_0181_D.LRF,8895a034ff8c262f93d6b8eb1bd10fcb,2025-10-22 22:05:57,2025-05-20 06:55:32,90_2025May台灣
DJI_20250520065306_0181_D.MP4,3462050b2550d72a3a27b43b9c4581a1,2025-10-22 22:05:57,2025-05-20 06:55:32,90_2025May台灣
DJI_20250520071128_0182_D.LRF,b1e4f8b5d0b18fd13e463c790ae7f5cd,2025-10-22 22:05:58,2025-05-20 07:14:14,90_2025May台灣
DJI_20250520071128_0182_D.MP4,d0758c54bca1bd127528c9207bf6ee43,2025-10-22 22:05:58,2025-05-20 07:14:14,90_2025May台灣
DJI_20250520080939_0183_D.LRF,c7631bb7c6fe8c33d36d1d06f015cc66,2025-10-22 22:05:58,2025-05-20 08:20:20,90_2025May台灣
DJI_20250520080939_0183_D.MP4,e1cd1da06f9a1e71444272190e24a34e,2025-10-22 22:05:59,2025-05-20 08:20:20,90_2025May台灣
DJI_20250520082108_0184_D.LRF,670ff52b1b736cbab89d2aa4084dd402,2025-10-22 22:06:03,2025-05-20 08:33:14,90_2025May台灣
DJI_20250520082108_0184_D.MP4,341b3e9cade232b2746ac6d939f82539,2025-10-22 22:06:04,2025-05-20 08:33:12,90_2025May台灣
DJI_20250520083408_0185_D.LRF,fb60ac26faabd55dca59fc53be33f431,2025-10-22 22:06:07,2025-05-20 08:36:16,90_2025May台灣
DJI_20250520083408_0185_D.MP4,647788d47febe252c0987c83e61d3049,2025-10-22 22:06:08,2025-05-20 08:36:16,90_2025May台灣
DJI_20250520083656_0186_D.LRF,52fea11d4b4aafae8e7ef76baaa11202,2025-10-22 22:06:08,2025-05-20 08:43:44,90_2025May台灣
DJI_20250520083656_0186_D.MP4,2bd46b49c3c133127bf3973c85cdc446,2025-10-22 22:06:09,2025-05-20 08:43:44,90_2025May台灣
DJI_20250520084421_0187_D.LRF,28e7cd1c3f2d32a372ae6ad1b3187fb4,2025-10-22 22:06:11,2025-05-20 08:45:56,90_2025May台灣
DJI_20250520084421_0187_D.MP4,be2616a967e606421d5851f6c6c27304,2025-10-22 22:06:11,2025-05-20 08:45:56,90_2025May台灣
DJI_20250521005203_0188_D.LRF,01e9330807965bf07e139e49d642ecc6,2025-10-22 22:06:11,2025-05-21 01:02:50,90_2025May台灣
DJI_20250521005203_0188_D.MP4,0497dad6fea8d46973013cff6b709cf6,2025-10-22 22:06:12,2025-05-21 01:02:48,90_2025May台灣
DJI_20250521010527_0189_D.LRF,abe8a442af838435c4c9842cce28b115,2025-10-22 22:06:16,2025-05-21 01:07:24,90_2025May台灣
DJI_20250521010527_0189_D.MP4,32feb2d3efa0584219a180a7b7500083,2025-10-22 22:06:16,2025-05-21 01:07:22,90_2025May台灣
DJI_20250521010726_0190_D.LRF,d8d1480299bdfbffbac8bd736d885099,2025-10-22 22:06:17,2025-05-21 01:09:36,90_2025May台灣
DJI_20250521010726_0190_D.MP4,4983936bc5c4d6370cb7f4117907bbb9,2025-10-22 22:06:17,2025-05-21 01:09:34,90_2025May台灣
DJI_20250521011101_0191_D.LRF,7653b4918091f04f7498a8f847352069,2025-10-22 22:06:17,2025-05-21 01:18:30,90_2025May台灣
DJI_20250521011101_0191_D.MP4,b2ee09e9ecd670a10d1844937c35b75a,2025-10-22 22:06:18,2025-05-21 01:18:30,90_2025May台灣
DJI_20250521011948_0192_D.LRF,c718a57766751acabdcf4ddcda31d7e3,2025-10-22 22:06:20,2025-05-21 01:21:46,90_2025May台灣
DJI_20250521011948_0192_D.MP4,939c09e27af09ef530a835c32806d72a,2025-10-22 22:06:21,2025-05-21 01:21:46,90_2025May台灣
DJI_20250521012208_0193_D.LRF,31b17aed615bce08cab54bee87172282,2025-10-22 22:06:21,2025-05-21 01:25:24,90_2025May台灣
DJI_20250521012208_0193_D.MP4,0f919246f811f9983c686cfd6d1d47aa,2025-10-22 22:06:21,2025-05-21 01:25:24,90_2025May台灣
DJI_20250521014718_0194_D.LRF,96cd2b3f1f30d26896974a0c9f624630,2025-10-22 22:06:22,2025-05-21 01:47:22,90_2025May台灣
DJI_20250521014718_0194_D.MP4,863c1ae284272758e3654f5f5529ede5,2025-10-22 22:06:22,2025-05-21 01:47:22,90_2025May台灣
DJI_20250521014723_0195_D.LRF,711609b1d2e130099ef11cc5077838a9,2025-10-22 22:06:22,2025-05-21 01:47:48,90_2025May台灣
DJI_20250521014723_0195_D.MP4,0977f271f472b2795f0ad8e1679a0d17,2025-10-22 22:06:22,2025-05-21 01:47:46,90_2025May台灣
DJI_20250521022231_0196_D.LRF,aa24c63180aec7ecc707d1396fa796f0,2025-10-22 22:06:22,2025-05-21 02:26:22,90_2025May台灣
DJI_20250521022231_0196_D.MP4,129b10d2997a40717b8dfe0cfb70d69c,2025-10-22 22:06:23,2025-05-21 02:26:20,90_2025May台灣
DJI_20250521031427_0197_D.LRF,9e025dfbfebb367c5204bfd7cd01a2e0,2025-10-22 22:06:24,2025-05-21 03:15:24,90_2025May台灣
DJI_20250521031427_0197_D.MP4,92402f17e0776a5de38b315e3867da79,2025-10-22 22:06:24,2025-05-21 03:15:24,90_2025May台灣
DJI_20250521060917_0198_D.LRF,c7b295311e6cd500cf7f9f1faa1cc645,2025-10-22 22:06:24,2025-05-21 06:09:58,90_2025May台灣
DJI_20250521060917_0198_D.MP4,6af48816f7af08a40859e88cb226db63,2025-10-22 22:06:24,2025-05-21 06:09:58,90_2025May台灣
DJI_20250521061023_0199_D.LRF,faa9715408f68d6145940e14febe5653,2025-10-22 22:06:24,2025-05-21 06:11:56,90_2025May台灣
DJI_20250521061023_0199_D.MP4,309a63e4c44117cc19c759333642011e,2025-10-22 22:06:25,2025-05-21 06:11:56,90_2025May台灣
DJI_20250521061327_0200_D.LRF,253bfc51f444abda3fac0111938af3e8,2025-10-22 22:06:25,2025-05-21 06:14:48,90_2025May台灣
DJI_20250521061327_0200_D.MP4,f948449f3c5a5c38e1e226389f1edff0,2025-10-22 22:06:25,2025-05-21 06:14:46,90_2025May台灣
DJI_20250521061707_0201_D.LRF,cf5c07082b3e0e9e20966c668a00f73b,2025-10-22 22:06:25,2025-05-21 06:34:22,90_2025May台灣
DJI_20250521061707_0201_D.MP4,d0a8480b83c1c9251ea1456a60968c02,2025-10-22 22:06:27,2025-05-21 06:34:22,90_2025May台灣
DJI_20250521063447_0202_D.LRF,1f1ac22476c90b9135452546a468479e,2025-10-22 22:06:32,2025-05-21 06:36:54,90_2025May台灣
DJI_20250521063447_0202_D.MP4,88ebc4f4d7992c4babab761c12c8db8c,2025-10-22 22:06:32,2025-05-21 06:36:54,90_2025May台灣
DJI_20250521063733_0203_D.LRF,cd17e8796f7ce339be7b5d0631b4c55a,2025-10-22 22:06:33,2025-05-21 06:41:38,90_2025May台灣
DJI_20250521063733_0203_D.MP4,02b978595b99c55bf850dc2592882836,2025-10-22 22:06:33,2025-05-21 06:41:36,90_2025May台灣
DJI_20250521064150_0204_D.LRF,cdfdf9d086eec2232fe9d41b61d8efe2,2025-10-22 22:06:35,2025-05-21 06:49:58,90_2025May台灣
DJI_20250521064150_0204_D.MP4,8f30df4db33f5e9f0130ce7258fa7c15,2025-10-22 22:06:35,2025-05-21 06:49:56,90_2025May台灣
DJI_20250521065011_0205_D.LRF,a9686031816f9dfafa1f1c1b7dfaefc6,2025-10-22 22:06:38,2025-05-21 06:52:24,90_2025May台灣
DJI_20250521065011_0205_D.MP4,8707194040202338516dc3a3d28b3eb1,2025-10-22 22:06:38,2025-05-21 06:52:24,90_2025May台灣
DJI_20250521065400_0206_D.LRF,a20853fd016386324a7e4dfc98f33358,2025-10-22 22:06:38,2025-05-21 06:59:44,90_2025May台灣
DJI_20250521065400_0206_D.MP4,5e7c4c1a456c56cd0b88c57eaf673178,2025-10-22 22:06:39,2025-05-21 06:59:42,90_2025May台灣
DJI_20250521073318_0207_D.LRF,323dc3b629ce2f6813f2691a5319f626,2025-10-22 22:06:41,2025-05-21 07:34:32,90_2025May台灣
DJI_20250521073318_0207_D.MP4,386787d68dc31f0a698f87dd18fbae93,2025-10-22 22:06:41,2025-05-21 07:34:30,90_2025May台灣
DJI_20250521073550_0208_D.LRF,9ec7467019edef1a722980cefcc3182c,2025-10-22 22:06:41,2025-05-21 07:46:26,90_2025May台灣
DJI_20250521073550_0208_D.MP4,99874a4a21685fd9737e49d47cd416f0,2025-10-22 22:06:42,2025-05-21 07:46:24,90_2025May台灣
DJI_20250521074846_0209_D.LRF,39d52b112c0a50732f25635d570d55ec,2025-10-22 22:06:45,2025-05-21 07:49:22,90_2025May台灣
DJI_20250521074846_0209_D.MP4,f04de269fa169b54a2fba319f83c1e9a,2025-10-22 22:06:45,2025-05-21 07:49:22,90_2025May台灣
DJI_20250521075050_0210_D.LRF,3d95c3a46f9c13f2fb82f16ea0a259c8,2025-10-22 22:06:45,2025-05-21 07:52:56,90_2025May台灣
DJI_20250521075050_0210_D.MP4,7070e84b959d10d2d3243fcfa9b21662,2025-10-22 22:06:46,2025-05-21 07:52:56,90_2025May台灣
DJI_20250521075610_0211_D.LRF,4423f5b0647d40f03c9461c92fd8a74d,2025-10-22 22:06:46,2025-05-21 07:57:08,90_2025May台灣
DJI_20250521075610_0211_D.MP4,ad5b1ea96c267325aea6356988bc8a26,2025-10-22 22:06:46,2025-05-21 07:57:08,90_2025May台灣
DJI_20250521075720_0212_D.LRF,36d3c450ca07d379ccdb09083ea087e1,2025-10-22 22:06:46,2025-05-21 08:04:00,90_2025May台灣
DJI_20250521075720_0212_D.MP4,3c27b0b7b10fa6ff066d69e342843683,2025-10-22 22:06:47,2025-05-21 08:04:00,90_2025May台灣
DJI_20250521080604_0213_D.LRF,9860ee4213f783671f5aff4624600efd,2025-10-22 22:06:49,2025-05-21 08:06:48,90_2025May台灣
DJI_20250521080604_0213_D.MP4,8861c1d6e6de892119057e7d2a995a3b,2025-10-22 22:06:49,2025-05-21 08:06:48,90_2025May台灣
DJI_20250521080721_0214_D.LRF,56b4e1bc761a06254cef2a33827385de,2025-10-22 22:06:49,2025-05-21 08:27:42,90_2025May台灣
DJI_20250521080721_0214_D.MP4,11a8f24b24dd97c4d519bbf7e82c86b0,2025-10-22 22:06:51,2025-05-21 08:27:40,90_2025May台灣
DJI_20250521224620_0215_D.LRF,6e6edfa524a72a519520e10c919e6795,2025-10-22 22:06:58,2025-05-21 22:47:24,90_2025May台灣
DJI_20250521224620_0215_D.MP4,d938fe12c585c778c4b035530433af61,2025-10-22 22:06:58,2025-05-21 22:47:24,90_2025May台灣
DJI_20250521224819_0216_D.LRF,62f96aee075f1380493c55b9f1ec1450,2025-10-22 22:06:58,2025-05-21 22:49:16,90_2025May台灣
DJI_20250521224819_0216_D.MP4,6f4bf823c368239d24eb2819b95f5eb7,2025-10-22 22:06:58,2025-05-21 22:49:16,90_2025May台灣
DJI_20250521224938_0217_D.LRF,b410c62574ad810ce066adddbf31c022,2025-10-22 22:06:58,2025-05-21 22:52:12,90_2025May台灣
DJI_20250521224938_0217_D.MP4,523c552deab1a0f6bf92901a7c69ae16,2025-10-22 22:06:59,2025-05-21 22:52:10,90_2025May台灣
DJI_20250521225934_0218_D.LRF,835c6b681aaf11c0d838e7f5d1a2f37e,2025-10-22 22:06:59,2025-05-21 23:02:28,90_2025May台灣
DJI_20250521225934_0218_D.MP4,006d4d3ba7f1d424c9dd4e4eadccc1fe,2025-10-22 22:07:00,2025-05-21 23:02:28,90_2025May台灣
DJI_20250521231041_0219_D.LRF,47d14f5cd32020376d517f580047bec0,2025-10-22 22:07:00,2025-05-21 23:11:20,90_2025May台灣
DJI_20250521231041_0219_D.MP4,b3d073594bdc4abc076fb33e372489c2,2025-10-22 22:07:00,2025-05-21 23:11:20,90_2025May台灣
DJI_20250521232455_0220_D.LRF,040f081134b29dcac1ac5ad226393ead,2025-10-22 22:07:00,2025-05-21 23:25:44,90_2025May台灣
DJI_20250521232455_0220_D.MP4,c6a7f58a43ca9c71e5cbdd5649a972ec,2025-10-22 22:07:01,2025-05-21 23:25:44,90_2025May台灣
DJI_20250521232629_0221_D.LRF,f99815126ada57f65e326b4b66e24507,2025-10-22 22:07:01,2025-05-21 23:26:58,90_2025May台灣
DJI_20250521232629_0221_D.MP4,3cb940073878af3b93a268a0e1d9ffa0,2025-10-22 22:07:01,2025-05-21 23:26:58,90_2025May台灣
DJI_20250521232854_0222_D.LRF,b206f2e4b07a726ed41fdd64d6f120aa,2025-10-22 22:07:01,2025-05-21 23:30:10,90_2025May台灣
DJI_20250521232854_0222_D.MP4,29c757c25c1b3896c2bf6f6243fda087,2025-10-22 22:07:01,2025-05-21 23:30:10,90_2025May台灣
DJI_20250521234216_0223_D.LRF,f9b9e8a12f65360e0d0e639676fe26fd,2025-10-22 22:07:01,2025-05-21 23:45:00,90_2025May台灣
DJI_20250521234216_0223_D.MP4,bf7cf1ea0f834816e18f6196c6dde726,2025-10-22 22:07:01,2025-05-21 23:44:58,90_2025May台灣
DJI_20250522010555_0224_D.LRF,3be9e34c8d9531158e55226eb5935643,2025-10-22 22:07:02,2025-05-22 01:06:16,90_2025May台灣
DJI_20250522010555_0224_D.MP4,88ff95e5f1b0ce8bb79d96c90c1c3e37,2025-10-22 22:07:02,2025-05-22 01:06:16,90_2025May台灣
DJI_20250522010626_0225_D.LRF,9080cbc013ef8fbf89d22467e4c3be92,2025-10-22 22:07:02,2025-05-22 01:06:46,90_2025May台灣
DJI_20250522010626_0225_D.MP4,47b8d5e752e25dbcb29899b8eac75a4f,2025-10-22 22:07:02,2025-05-22 01:06:46,90_2025May台灣
DJI_20250522010647_0226_D.LRF,132d7045a6d5d749708668bd504bdb83,2025-10-22 22:07:02,2025-05-22 01:07:16,90_2025May台灣
DJI_20250522010647_0226_D.MP4,aa810a906dba9d10729f8dea1b70b97e,2025-10-22 22:07:02,2025-05-22 01:07:16,90_2025May台灣
DJI_20250522010858_0227_D.LRF,4e8efa7927f4fc5c04c33360507d0e2f,2025-10-22 22:07:02,2025-05-22 01:09:56,90_2025May台灣
DJI_20250522010858_0227_D.MP4,1847d13faeb220ece583ec68d9138979,2025-10-22 22:07:02,2025-05-22 01:09:56,90_2025May台灣
DJI_20250522011326_0228_D.LRF,0272fd8895e6df271d6c39a6693d829c,2025-10-22 22:07:03,2025-05-22 01:15:32,90_2025May台灣
DJI_20250522011326_0228_D.MP4,1916b088a75fb70fc48c73bc6b962845,2025-10-22 22:07:03,2025-05-22 01:15:30,90_2025May台灣
DJI_20250522022511_0229_D.LRF,6d96fca48562cdf6ce49c95f53613e58,2025-10-22 22:07:03,2025-05-22 02:26:32,90_2025May台灣
DJI_20250522022511_0229_D.MP4,a7548db4c568caf73ff671ba2cc5a154,2025-10-22 22:07:03,2025-05-22 02:26:32,90_2025May台灣
DJI_20250522022704_0230_D.LRF,92cd3963fbcad5f4bf163766fbb29346,2025-10-22 22:07:04,2025-05-22 02:27:40,90_2025May台灣
DJI_20250522022704_0230_D.MP4,ed62249ef29b0382cb525b3911b3434d,2025-10-22 22:07:04,2025-05-22 02:27:40,90_2025May台灣
DJI_20250522022818_0231_D.LRF,b8434798967b18d350668fda724f975c,2025-10-22 22:07:04,2025-05-22 02:28:48,90_2025May台灣
DJI_20250522022818_0231_D.MP4,2d76ff675f73c442ff179909158539c9,2025-10-22 22:07:04,2025-05-22 02:28:46,90_2025May台灣
DJI_20250522023357_0232_D.LRF,a4caabd3245648e0ee6b99d6b2b0987a,2025-10-22 22:07:04,2025-05-22 02:34:22,90_2025May台灣
DJI_20250522023357_0232_D.MP4,9404e1c48d27dfbef87d103d776775f5,2025-10-22 22:07:04,2025-05-22 02:34:22,90_2025May台灣
DJI_20250522023509_0233_D.LRF,a6b99b17766c667de8c9c352b0885014,2025-10-22 22:07:04,2025-05-22 02:36:04,90_2025May台灣
DJI_20250522023509_0233_D.MP4,f9274bb69111000bedd39280d3e4c37f,2025-10-22 22:07:04,2025-05-22 02:36:02,90_2025May台灣
e961adde7645d3525ef7d96e5118c4ad.JPG,ee14b74d6fff64a865f1bf4bea276919,2025-10-22 22:03:35,2025-04-23 01:13:40,60_2025Apr烏鎮
ec0b3876-dd24-4237-a57d-f9c3c486203e 2.JPG,ed26593478d8832d314c161533d1fe4f,2025-10-22 21:59:31,2025-03-23 06:47:44,05_2025Apr深圳
ee699c98-bbca-4f59-8e42-489fc9d39088.JPG,3726bb85454d365bcbd35c8513d7bcef,2025-10-22 21:59:31,2025-03-22 21:22:56,05_2025Apr深圳
f2050c2695c1cd80060ccf8edd8a6496.JPG,34314d424c858883e5f54fd1c850fd16,2025-10-22 22:03:35,2025-04-23 01:12:50,60_2025Apr烏鎮
f49ac44e0c367325747e0a01d32be558.JPG,a2e7b22ec4605a4298bf641fdc50fb08,2025-10-22 22:03:35,2025-04-23 01:11:52,60_2025Apr烏鎮
f4d9969913d9a00118050421d5e69820.JPG,de5d1802d535010d85103d9c861dbabf,2025-10-22 22:03:35,2025-04-23 01:12:12,60_2025Apr烏鎮
IMG_0001.HEIC,891a1c0de194ee439c1165d1b4bb9d63,2025-10-22 22:07:05,2025-05-20 22:52:24,90_2025May台灣
IMG_0002.HEIC,68d759e344dfeb700e3b26a70c72ccc1,2025-10-22 22:07:05,2025-05-20 23:10:24,90_2025May台灣
IMG_0004.HEIC,601ea28aa4eb6a58082b43266490efb7,2025-10-22 22:07:05,2025-05-20 23:27:44,90_2025May台灣
IMG_0008.HEIC,d8a1a76eeb188346eda974fd76370d27,2025-10-22 22:07:05,2025-05-20 23:40:22,90_2025May台灣
IMG_0012.HEIC,9a79c1733bc8aa68702b1ab376e6b748,2025-10-22 22:07:05,2025-05-21 00:42:24,90_2025May台灣
IMG_0013.HEIC,d7f7d724aa7a6fba4e2587d1c0ba4a45,2025-10-22 22:07:05,2025-05-21 00:46:46,90_2025May台灣
IMG_0014.HEIC,aeb918e4ac38f1dc67b30304e30e3784,2025-10-22 22:07:05,2025-05-21 00:59:48,90_2025May台灣
IMG_0015.HEIC,ff79337f73119228d25c835464ff1d29,2025-10-22 22:07:05,2025-05-21 01:00:40,90_2025May台灣
IMG_0016.HEIC,d24ba3f6bf33675a974ca75fc022d56a,2025-10-22 22:07:05,2025-05-21 01:22:52,90_2025May台灣
IMG_0017.HEIC,661a6c026d7e2b3e30ef2dc2c43410d2,2025-10-22 22:07:05,2025-05-21 01:22:56,90_2025May台灣
IMG_0018.HEIC,f17a4819301434e59739606249c489c3,2025-10-22 22:07:05,2025-05-21 01:23:32,90_2025May台灣
IMG_0019.HEIC,32b8f8bf65c90b41e0e78169938b4e7d,2025-10-22 22:07:05,2025-05-21 01:36:18,90_2025May台灣
IMG_0020.HEIC,f3d1b0cb2325fcbe98a8c141b0fd552e,2025-10-22 22:07:05,2025-05-21 01:36:28,90_2025May台灣
IMG_0021.HEIC,7bfd0f25512e78d20723f331386322d9,2025-10-22 22:07:05,2025-05-21 01:37:54,90_2025May台灣
IMG_0022.HEIC,7d37be1a5c362385b5d9103da9c3c402,2025-10-22 22:07:05,2025-05-21 01:37:56,90_2025May台灣
IMG_0023.HEIC,455430e0d6ec8d21da8c959ef5a0703b,2025-10-22 22:07:05,2025-05-21 01:38:00,90_2025May台灣
IMG_0024.HEIC,bb9208cf1b9f10a5465c890cc3e762f2,2025-10-22 22:07:05,2025-05-21 01:38:04,90_2025May台灣
IMG_0025.HEIC,e505ec5725c3c29d04897ea6f5d21636,2025-10-22 22:07:05,2025-05-21 01:50:20,90_2025May台灣
IMG_0026.HEIC,5104c7a15da29b61ca180fa89a4c273a,2025-10-22 22:07:05,2025-05-21 01:50:26,90_2025May台灣
IMG_0027.HEIC,85da335567351faf47058ea267caab1e,2025-10-22 22:07:05,2025-05-21 01:50:38,90_2025May台灣
IMG_0028.HEIC,15564600c3981b9efe5a5a82334583b0,2025-10-22 22:07:05,2025-05-21 02:40:38,90_2025May台灣
IMG_0029.HEIC,0457e82faf22407a46041757627af0ae,2025-10-22 22:07:05,2025-05-21 03:06:20,90_2025May台灣
IMG_0031.HEIC,27f4d3d1b828f6012f106efa90beebd4,2025-10-22 22:07:05,2025-05-21 05:44:26,90_2025May台灣
IMG_0032.HEIC,96edf000a0f9d55e72203558911b1022,2025-10-22 22:07:05,2025-05-21 06:06:22,90_2025May台灣
IMG_0033.HEIC,329b90253e717d21948c19bffb3f8a9f,2025-10-22 22:07:05,2025-05-21 06:32:58,90_2025May台灣
IMG_0034.heic,32b6d8349472acade87aa242f6cb8b9e,2025-10-22 22:07:05,2025-05-21 06:33:12,90_2025May台灣
IMG_0035.heic,80372119d88fba9c4cf79512946cffcf,2025-10-22 22:07:05,2025-05-21 06:33:22,90_2025May台灣
IMG_0036.HEIC,ac5a583dd1e506d4d56e64e8a51d4ee3,2025-10-22 22:07:05,2025-05-21 06:58:48,90_2025May台灣
IMG_0037.PNG,ed3eb8ea5df9b633c830683c2a890412,2025-10-22 21:56:35,2025-05-21 07:14:12,Orders
IMG_0038.PNG,3f278789c987806c91903570b2eaeec7,2025-10-22 22:07:28,2025-05-21 07:15:50,Captures
IMG_0039.HEIC,a45da2ed2ab34a6c25ae1c78bb7f8896,2025-10-22 22:07:05,2025-05-21 07:31:24,90_2025May台灣
IMG_0040.HEIC,df198fee1eef884a106cec488ee050e5,2025-10-22 22:07:05,2025-05-21 07:31:32,90_2025May台灣
IMG_0041.HEIC,4aa280dffef9c8302d7b80e0619cfaa0,2025-10-22 22:07:05,2025-05-21 07:31:32,90_2025May台灣
IMG_0042.HEIC,44c32f1d35df550dc40e890dff4da293,2025-10-22 22:07:05,2025-05-21 07:44:10,90_2025May台灣
IMG_0043.HEIC,59a223ca523f16007d99d5494644b67d,2025-10-22 22:07:05,2025-05-21 07:45:50,90_2025May台灣
IMG_0044.HEIC,2d2b38d7c94e70756b267acf81c11080,2025-10-22 22:07:05,2025-05-21 07:45:52,90_2025May台灣
IMG_0045.HEIC,bc75d888763363438e62f15bd46e1043,2025-10-22 22:07:05,2025-05-21 07:45:58,90_2025May台灣
IMG_0046.HEIC,cb41f7d0b3de118b68ab1ae5409c884f,2025-10-22 22:07:05,2025-05-21 07:46:18,90_2025May台灣
IMG_0047.HEIC,7f78574fed468b4b1ee929ec95819eb9,2025-10-22 22:07:05,2025-05-21 07:46:28,90_2025May台灣
IMG_0048.HEIC,40cdddbb84902be59635a23339f0c6a6,2025-10-22 22:07:05,2025-05-21 07:46:44,90_2025May台灣
IMG_0049.HEIC,09a34fbc3192d7987a0dc2a1143e63ad,2025-10-22 22:07:05,2025-05-21 08:25:08,90_2025May台灣
IMG_0050.HEIC,beebcaecc24c7892403c47bc00b0ada7,2025-10-22 22:07:05,2025-05-21 08:25:26,90_2025May台灣
IMG_0051.HEIC,97d6850087f53eb0a8ea155854bd2d7d,2025-10-22 22:07:05,2025-05-21 08:25:28,90_2025May台灣
IMG_0052.HEIC,d3f3219cb10ed9f7927eeb7fac25cb15,2025-10-22 22:07:05,2025-05-21 08:25:40,90_2025May台灣
IMG_0053.HEIC,275924d5ed15c9a26fadceaf6eef0085,2025-10-22 22:07:05,2025-05-21 08:25:48,90_2025May台灣
IMG_0054.HEIC,a1e9116d410b58b3a9fcf68b90e39537,2025-10-22 22:07:05,2025-05-21 08:26:34,90_2025May台灣
IMG_0055.HEIC,9387a452024791af8cde27dfb21e6123,2025-10-22 22:07:05,2025-05-21 08:26:44,90_2025May台灣
IMG_0056.MOV,111b8d48ff509e8429b7b71d182b4b89,2025-10-22 22:07:05,2025-05-21 08:28:22,90_2025May台灣
IMG_0057.HEIC,002456ce84b4089d0d21d65f3eb37399,2025-10-22 22:07:05,2025-05-21 08:35:28,90_2025May台灣
IMG_0061.HEIC,2f0ceeb6bba54b1d6826e76b4a660357,2025-10-22 21:56:35,2025-05-21 20:24:24,Orders
IMG_0062.HEIC,47e4dff29320bb2bcdef9b889109e62e,2025-10-22 21:56:35,2025-05-21 20:24:32,Orders
IMG_0063.HEIC,9e4fb201b5915cdac9166e6736854a11,2025-10-22 21:56:35,2025-05-21 20:25:46,Orders
IMG_0064.HEIC,4fcde036504a50f0e6798768d215e403,2025-10-22 21:56:35,2025-05-21 20:25:46,Orders
IMG_0065.HEIC,2e475b22716ab4417ae563fe569232c4,2025-10-22 21:56:35,2025-05-21 20:26:04,Orders
IMG_0066.HEIC,6a54f24a611cff209e351821031d62f7,2025-10-22 22:07:05,2025-05-21 22:12:04,90_2025May台灣
IMG_0067.HEIC,4a8637b0d23b3c5f07ab16f570c76775,2025-10-22 22:07:05,2025-05-21 22:12:20,90_2025May台灣
IMG_0068.HEIC,902d5309bb0d610a72f7fc3fb5fe186f,2025-10-22 22:07:05,2025-05-21 22:12:24,90_2025May台灣
IMG_0069.HEIC,d1d5b5b459c09fe4bd64d3703a6c0378,2025-10-22 22:07:05,2025-05-21 22:12:26,90_2025May台灣
IMG_0070.HEIC,12bb49b0424fd2ac9d1189e513f07d2f,2025-10-22 22:07:05,2025-05-21 22:13:04,90_2025May台灣
IMG_0073.HEIC,6777977046ffd19d08c592acbc07d2f1,2025-10-22 22:07:05,2025-05-21 22:13:40,90_2025May台灣
IMG_0074.HEIC,24e9c0103d72549ff09b57c63b771d21,2025-10-22 22:07:05,2025-05-21 22:13:46,90_2025May台灣
IMG_0077.HEIC,f79ebc31b0ec9bbfe2f527beabecb5d9,2025-10-22 22:07:05,2025-05-21 22:13:54,90_2025May台灣
IMG_0078.HEIC,36569a15817bd6584467ecb39c56975e,2025-10-22 22:07:05,2025-05-21 22:14:52,90_2025May台灣
IMG_0079.HEIC,d96f0d3f617308a4b454f1d2555ed92d,2025-10-22 22:07:05,2025-05-21 22:19:08,90_2025May台灣
IMG_0080.HEIC,2c22c29c9b432cf1497a7f4ec93ec87f,2025-10-22 22:07:05,2025-05-21 22:25:12,90_2025May台灣
IMG_0081.HEIC,b5305aa8680fafecc8c6d00d1ed3e70a,2025-10-22 22:07:05,2025-05-21 22:26:36,90_2025May台灣
IMG_0082.HEIC,e0d9f0ab0f1667060d77293d69af35ab,2025-10-22 22:07:05,2025-05-21 22:41:26,90_2025May台灣
IMG_0083.heic,0130f12664592547741b6d96f45e70b5,2025-10-22 22:07:05,2025-05-21 22:52:18,90_2025May台灣
IMG_0084.HEIC,bc5e555ee4915358a9de1e0cdbe93991,2025-10-22 22:07:05,2025-05-21 22:53:22,90_2025May台灣
IMG_0085.HEIC,9212fde6d28186d296fe2f3f2f58edea,2025-10-22 22:07:05,2025-05-21 22:53:38,90_2025May台灣
IMG_0086.HEIC,54c6afaa047046b6f61cabbd1f76400e,2025-10-22 22:07:05,2025-05-21 22:54:06,90_2025May台灣
IMG_0087.HEIC,3bced7bf09b1a474451b6150ef7a77d2,2025-10-22 22:07:05,2025-05-21 22:59:18,90_2025May台灣
IMG_0088.HEIC,31dc8b20778c78a38ccf99e557b7f2fd,2025-10-22 22:07:05,2025-05-21 23:04:44,90_2025May台灣
IMG_0089.HEIC,a6b30826134770c2de630fda9fcdfd1a,2025-10-22 22:07:05,2025-05-21 23:08:30,90_2025May台灣
IMG_0090.HEIC,f40732fcc9547d676ab5bbec373e4792,2025-10-22 22:07:05,2025-05-21 23:08:36,90_2025May台灣
IMG_0091.HEIC,b0bb7a8d8b7686519dfa774e34faf888,2025-10-22 22:07:05,2025-05-21 23:09:32,90_2025May台灣
IMG_0092.HEIC,2e6e26bc246858f92bb8d208036f0bfb,2025-10-22 22:07:05,2025-05-21 23:09:42,90_2025May台灣
IMG_0093.HEIC,cb3b386e7711f638fc32cd26fe6d68fb,2025-10-22 22:07:06,2025-05-21 23:09:56,90_2025May台灣
IMG_0094.HEIC,f8febcd2c9f521e28d080f2792560103,2025-10-22 22:07:06,2025-05-21 23:10:22,90_2025May台灣
IMG_0095.HEIC,49764076d00b8c485b8e08e4f9f3b901,2025-10-22 22:07:06,2025-05-21 23:10:46,90_2025May台灣
IMG_0096.HEIC,84f8501a050a4b6baa3e7923cd59a3e2,2025-10-22 22:07:06,2025-05-21 23:12:06,90_2025May台灣
IMG_0097.HEIC,0f9980f86088f341e143fd090e5fb7f8,2025-10-22 22:07:06,2025-05-21 23:29:46,90_2025May台灣
IMG_0098.HEIC,41db51676811712526ed6565938b0124,2025-10-22 22:07:06,2025-05-21 23:29:54,90_2025May台灣
IMG_0099.HEIC,a1433cf3eed2dc7b5b32ba6bb3601a66,2025-10-22 22:07:06,2025-05-21 23:30:46,90_2025May台灣
IMG_0100.HEIC,0f62b44aa15549b9523a14d24909eb33,2025-10-22 22:07:06,2025-05-21 23:31:34,90_2025May台灣
IMG_0101.HEIC,f9cdc2ba6e84d71d85b295af0c9d5830,2025-10-22 22:07:06,2025-05-21 23:32:36,90_2025May台灣
IMG_0102.HEIC,2e677c5c501bcc5a70014adfb937220e,2025-10-22 22:07:06,2025-05-21 23:34:12,90_2025May台灣
IMG_0103.HEIC,164120028170add63e55a2d31537fd19,2025-10-22 22:07:06,2025-05-21 23:34:16,90_2025May台灣
IMG_0104.HEIC,176c451b025251aa0378676dc13fec2f,2025-10-22 22:07:06,2025-05-21 23:46:22,90_2025May台灣
IMG_0105.HEIC,82071ddb54fda063c47a34fa7a20927f,2025-10-22 22:07:06,2025-05-21 23:47:24,90_2025May台灣
IMG_0106.HEIC,4fc0b5d8a57ea59be3ac7ddec0cfd72b,2025-10-22 22:07:06,2025-05-21 23:47:34,90_2025May台灣
IMG_0107.HEIC,bbab1072ee07a4094a4a6f739cf12db0,2025-10-22 22:07:06,2025-05-21 23:47:54,90_2025May台灣
IMG_0108.HEIC,c0f300e02f0736353caa523e078ca464,2025-10-22 22:07:06,2025-05-21 23:48:12,90_2025May台灣
IMG_0109.HEIC,5f689f7fdc357d0dafd23918e3054405,2025-10-22 22:07:06,2025-05-21 23:48:34,90_2025May台灣
IMG_0110.HEIC,aca7b9c47870723308fae204c1c11ff4,2025-10-22 22:07:06,2025-05-21 23:49:06,90_2025May台灣
IMG_0111.HEIC,43b018233279947d1598276c5f7a1f80,2025-10-22 22:07:06,2025-05-21 23:49:44,90_2025May台灣
IMG_0112.HEIC,b67cbf72f8292f0b69d855ab64f93004,2025-10-22 22:07:06,2025-05-22 00:01:46,90_2025May台灣
IMG_0113.HEIC,fc9dcb89e3afcbbc43b476a423f330b8,2025-10-22 22:07:06,2025-05-22 00:16:00,90_2025May台灣
IMG_0114.HEIC,4d8085aedc50160a163d5187f78ac9f7,2025-10-22 22:07:06,2025-05-22 00:16:10,90_2025May台灣
IMG_0115.PNG,70314c02cd495e7ca9b471dadc32ad75,2025-10-22 22:07:06,2025-05-22 00:46:10,90_2025May台灣
IMG_0116.PNG,0ff35b92e75cedb96a69aec75f149c0d,2025-10-22 22:07:06,2025-05-22 00:46:26,90_2025May台灣
IMG_0117.HEIC,6fd96ee3d4d909b05bcd8d3975a66b31,2025-10-22 22:07:06,2025-05-22 00:55:12,90_2025May台灣
IMG_0118.HEIC,381ff11f4021e42593285648aa76e5b5,2025-10-22 22:07:06,2025-05-22 00:55:18,90_2025May台灣
IMG_0119.HEIC,7e214fefb393cb041d85fedcc1e8bdb3,2025-10-22 22:07:06,2025-05-22 01:00:08,90_2025May台灣
IMG_0120.heic,6b0fc7c142439800f21c0e8add442394,2025-10-22 22:07:06,2025-05-22 01:15:42,90_2025May台灣
IMG_0121.HEIC,ed3f688785aad863eb99a1349f202fa2,2025-10-22 22:07:06,2025-05-22 01:20:18,90_2025May台灣
IMG_0122.HEIC,c5899c2d5eaa9c9ac77bdbb202a5165b,2025-10-22 22:07:06,2025-05-22 01:24:02,90_2025May台灣
IMG_0123.HEIC,ef7fd9558c9896ed3190c7a0d37ecfc6,2025-10-22 22:07:06,2025-05-22 01:24:12,90_2025May台灣
IMG_0124.HEIC,95f5c032871307bd1342d27bd26c2e24,2025-10-22 22:07:06,2025-05-22 01:24:32,90_2025May台灣
IMG_0125.HEIC,573ca5d18f05ccef95d7c52b53ddfba7,2025-10-22 22:07:06,2025-05-22 01:26:16,90_2025May台灣
IMG_0126.HEIC,e3ad338f52e2222628a2b413b2e6bf2f,2025-10-22 22:07:06,2025-05-22 01:26:24,90_2025May台灣
IMG_0127.HEIC,48b76397d752966ba56db503fdca4565,2025-10-22 22:07:06,2025-05-22 01:26:26,90_2025May台灣
IMG_0128.HEIC,f8cd4ebd485aeac19db5649ea2cd1675,2025-10-22 22:07:06,2025-05-22 01:26:56,90_2025May台灣
IMG_0129.HEIC,99beeb556ef9cbb90a0835e815615f4b,2025-10-22 22:07:06,2025-05-22 02:16:06,90_2025May台灣
IMG_0130.HEIC,f9e4d1ee49b0fe9f77200ebdef307c33,2025-10-22 22:07:06,2025-05-22 02:28:12,90_2025May台灣
IMG_0131.HEIC,33605b980066567b6a0aede2bcdf0f1c,2025-10-22 22:07:06,2025-05-22 02:28:18,90_2025May台灣
IMG_0132.HEIC,27589d2dd3f99d952562663fc1029f9e,2025-10-22 22:07:06,2025-05-22 02:28:22,90_2025May台灣
IMG_0133.HEIC,83ce453ef0a2caa1a77f4dfc7718999d,2025-10-22 22:07:06,2025-05-22 02:28:38,90_2025May台灣
IMG_0134.HEIC,f17fb54cb69526f28fc62950a3263e47,2025-10-22 22:07:06,2025-05-22 02:33:12,90_2025May台灣
IMG_0135.HEIC,9956b92315d20791555eee71024326c4,2025-10-22 22:07:06,2025-05-22 02:33:26,90_2025May台灣
IMG_0136.HEIC,b0dd60227ae23f16a7658664f13893f1,2025-10-22 22:07:06,2025-05-22 02:33:30,90_2025May台灣
IMG_0137.HEIC,b79898e7e61df957430e322fd0354626,2025-10-22 22:07:06,2025-05-22 02:33:56,90_2025May台灣
IMG_0138.HEIC,cb80237582f0e29cf8ce7e2a69d4a33e,2025-10-22 22:07:06,2025-05-22 02:35:14,90_2025May台灣
IMG_0139.HEIC,6f65337c873e89186153190da685594b,2025-10-22 22:07:06,2025-05-22 02:35:22,90_2025May台灣
IMG_0140.HEIC,067c06cce939ca7db07d3efc073d4072,2025-10-22 22:07:06,2025-05-22 02:35:48,90_2025May台灣
IMG_0141.HEIC,8442437d58c86b394418494143beec28,2025-10-22 22:07:06,2025-05-22 02:35:56,90_2025May台灣
IMG_0142.HEIC,b0ea54482cbb8e6e406b23af6884166d,2025-10-22 22:07:06,2025-05-22 02:38:02,90_2025May台灣
IMG_0143.HEIC,afa9b8ee120a6ffd96295f700a95c034,2025-10-22 22:07:06,2025-05-22 02:38:14,90_2025May台灣
IMG_0144.HEIC,3d5c2cf43b7babc473be67d208f91f43,2025-10-22 22:07:06,2025-05-22 02:46:36,90_2025May台灣
IMG_0145.HEIC,c5b1769321ac7cf1ecbb847fa75c0b60,2025-10-22 22:07:06,2025-05-22 02:47:24,90_2025May台灣
IMG_0146.HEIC,8f3f16bd0658ba5f9536c3e978decc5d,2025-10-22 22:07:06,2025-05-22 03:13:10,90_2025May台灣
IMG_0147.HEIC,c8c050c0e1a30262ea02d9901bae072e,2025-10-22 22:07:06,2025-05-22 03:13:14,90_2025May台灣
IMG_0148.HEIC,9a2b982f76ad9bc4883c2609722e74d5,2025-10-22 22:07:06,2025-05-22 03:22:36,90_2025May台灣
IMG_0149.HEIC,e0332964a122230432577d0c43b42cd9,2025-10-22 22:07:06,2025-05-22 03:22:42,90_2025May台灣
IMG_0150.HEIC,ef8ca32ab6eed0bc1e00d0ec332eed17,2025-10-22 22:07:06,2025-05-22 03:23:40,90_2025May台灣
IMG_0151.PNG,5335a243dcb51a0681799212526f05f0,2025-10-22 22:07:06,2025-05-22 05:04:44,90_2025May台灣
IMG_0153.HEIC,e7e14c98e3479626861d657af63f9a30,2025-10-22 22:07:06,2025-05-22 05:50:54,90_2025May台灣
IMG_0154.PNG,dca22b24d58b6faa01016fed3d1b71f4,2025-10-22 22:07:06,2025-05-22 06:54:46,90_2025May台灣
IMG_0155.jpg,f8fcac3bd0084302b42844c0df483053,2025-10-22 21:56:35,2025-05-22 11:56:16,Orders
IMG_0156.PNG,b4d74bf1a4efaa81f4d573c38c8ab70d,2025-10-22 21:56:35,2025-05-22 11:56:42,Orders
IMG_0157.jpg,c86e3194d1475ee9952eb3a5a5a074a9,2025-10-22 21:56:35,2025-05-22 11:56:56,Orders
IMG_0158.HEIC,5516ccc434343413cfd6680167b1a8b4,2025-10-22 22:07:06,2025-05-22 19:01:48,90_2025May台灣
IMG_0159.HEIC,3292522cb60c110e358ab4c887952d68,2025-10-22 22:07:06,2025-05-22 19:02:06,90_2025May台灣
IMG_0160.HEIC,50a313f91df0a5840cd56509016eba0a,2025-10-22 22:07:06,2025-05-22 19:02:18,90_2025May台灣
IMG_0161.HEIC,cc1c5c7e77301fe14e4827851d031d11,2025-10-22 22:07:06,2025-05-22 19:02:52,90_2025May台灣
IMG_0162.HEIC,06a9c5f7974a1185fd89b688ac72aa9d,2025-10-22 22:07:06,2025-05-22 23:54:04,90_2025May台灣
IMG_0163.HEIC,4fa79b7d9e985f3997511d216bf697a4,2025-10-22 22:07:06,2025-05-22 23:54:48,90_2025May台灣
IMG_0164.HEIC,754d83caf7aee48b9b069ee731bbac10,2025-10-22 22:07:06,2025-05-22 23:55:02,90_2025May台灣
IMG_0165.HEIC,7201290e6bb7e9031302f2f1a13ef549,2025-10-22 22:07:06,2025-05-22 23:55:30,90_2025May台灣
IMG_0166.HEIC,dfdb637c22294239b86e4a2403b9b221,2025-10-22 22:07:06,2025-05-22 23:55:50,90_2025May台灣
IMG_0167.HEIC,ffe3c37566ebc4ccd2ffafa9c2fd0d99,2025-10-22 22:07:06,2025-05-22 23:56:02,90_2025May台灣
IMG_0168.HEIC,ec8d39f1472df46d663293cb2fa69e4e,2025-10-22 22:07:06,2025-05-22 23:59:50,90_2025May台灣
IMG_0169.HEIC,ce116c968145514ed18f235b5eb47a15,2025-10-22 22:07:06,2025-05-23 00:05:08,90_2025May台灣
IMG_0170.HEIC,77d227419cb7333cab6d6cfb863f57f6,2025-10-22 22:07:06,2025-05-23 00:05:18,90_2025May台灣
IMG_0171.HEIC,3a5bc6224da21a02cc4b6bb616a7bd20,2025-10-22 22:07:06,2025-05-23 00:09:24,90_2025May台灣
IMG_0172.HEIC,dd0d18487ad2b92b65f91e95922fe6c6,2025-10-22 22:07:06,2025-05-23 00:09:32,90_2025May台灣
IMG_0173.HEIC,b0fa5a662b2466418ee51b96b2dc1d6c,2025-10-22 22:07:07,2025-05-23 00:10:42,90_2025May台灣
IMG_0174.HEIC,f9a4888f53094df878d523b48da0782f,2025-10-22 22:07:07,2025-05-23 00:10:58,90_2025May台灣
IMG_0175.HEIC,fd2e1d77e2686dfe2de5199e90101cb6,2025-10-22 22:07:07,2025-05-23 00:11:36,90_2025May台灣
IMG_0176.MOV,ca6cce6697cd2e353c4f028692e33731,2025-10-22 22:07:07,2025-05-23 00:11:46,90_2025May台灣
IMG_0177.MOV,33a8766c098c84db9804b68ea761f896,2025-10-22 22:07:07,2025-05-23 00:12:38,90_2025May台灣
IMG_0178.MOV,08e8ee313e8edcf91ff9419ad4e5fb36,2025-10-22 22:07:07,2025-05-23 00:14:58,90_2025May台灣
IMG_0179.MOV,0fd18a37cf65789ae545f77520ce77e3,2025-10-22 22:07:07,2025-05-23 00:15:28,90_2025May台灣
IMG_0180.MOV,7dd42cd8d25f5a8aabd56d3c5c3ae03a,2025-10-22 22:07:07,2025-05-23 00:16:50,90_2025May台灣
IMG_0181.MOV,61a5a9584eb89ae5a79acd8dc30787b3,2025-10-22 22:07:07,2025-05-23 00:17:38,90_2025May台灣
IMG_0182.MOV,f93e3a2884e9c4f2616053ebfd96be69,2025-10-22 22:07:07,2025-05-23 00:18:24,90_2025May台灣
IMG_0183.MOV,d50f4f7bb6d8a97f683dfd916b230d72,2025-10-22 22:07:07,2025-05-23 00:20:28,90_2025May台灣
IMG_0184.MOV,040fbfe6c3707b9f0569821eb322bb89,2025-10-22 22:07:07,2025-05-23 00:21:32,90_2025May台灣
IMG_0185.MOV,f3950c9c58b5f07c3feced4127e2821c,2025-10-22 22:07:07,2025-05-23 00:23:04,90_2025May台灣
IMG_0186.MOV,9ec4d5d7fd711f2daed5d73461843ac1,2025-10-22 22:07:07,2025-05-23 00:34:22,90_2025May台灣
IMG_0187.HEIC,063b17d7fd63ee559d30b3dd994085b5,2025-10-22 22:07:07,2025-05-23 00:46:18,90_2025May台灣
IMG_0188.HEIC,1840155062ebb0ef7a6eba2f244d125e,2025-10-22 22:07:07,2025-05-23 00:46:48,90_2025May台灣
IMG_0189.HEIC,58c67205cc4e509c6b6bc17503ef72b8,2025-10-22 22:07:07,2025-05-23 00:46:54,90_2025May台灣
IMG_0190.HEIC,bdb1721638a43a3b0eee10ca845b43da,2025-10-22 22:07:07,2025-05-23 00:51:48,90_2025May台灣
IMG_0191.HEIC,0449c1080952b08c1495ece5ea37321f,2025-10-22 22:07:07,2025-05-23 00:51:52,90_2025May台灣
IMG_0192.HEIC,2d915b1b4de246a5a58fa6806411d60c,2025-10-22 22:07:07,2025-05-23 00:53:42,90_2025May台灣
IMG_0193.HEIC,58f4c000b418630b40761409058cc44b,2025-10-22 22:07:07,2025-05-23 00:53:54,90_2025May台灣
IMG_0194.HEIC,ffca8aa1bea8f998129efb312737b495,2025-10-22 22:07:07,2025-05-23 00:56:30,90_2025May台灣
IMG_0195.HEIC,afd7405150eaa72c7ed7846b9c93ce98,2025-10-22 22:07:07,2025-05-23 01:01:32,90_2025May台灣
IMG_0196.HEIC,1d6c25ab2c732f68f9b80cba9920ecfe,2025-10-22 22:07:07,2025-05-23 01:09:34,90_2025May台灣
IMG_0197.HEIC,669125e77a2133320d458eea23dba987,2025-10-22 22:07:07,2025-05-23 02:14:10,90_2025May台灣
IMG_0198.HEIC,d2ed9ccc14bcc8381d7de6d629c98844,2025-10-22 22:07:07,2025-05-23 02:14:20,90_2025May台灣
IMG_0199.HEIC,958943ea0ef79627956a7860229b0d63,2025-10-22 22:07:07,2025-05-23 02:14:24,90_2025May台灣
IMG_0200.HEIC,36d0599f58547b26ed333a65177c6687,2025-10-22 22:07:07,2025-05-23 02:15:46,90_2025May台灣
IMG_0201.HEIC,d571b021dd0ed6ceca789cfef625447a,2025-10-22 22:07:07,2025-05-23 02:15:58,90_2025May台灣
IMG_0202.HEIC,b6dc6c895f48c0abd673397053c3c234,2025-10-22 22:07:07,2025-05-23 02:16:06,90_2025May台灣
IMG_0203.HEIC,a83ad6c5d9416c3642da22cda56e4fcb,2025-10-22 22:07:07,2025-05-23 02:16:16,90_2025May台灣
IMG_0204.MOV,1ecd82c2a9acbda4c6cb9e27808386ce,2025-10-22 22:07:07,2025-05-23 02:33:46,90_2025May台灣
IMG_0205.HEIC,fcbd29930fc8d20fe8eda02c8e90be40,2025-10-22 22:07:07,2025-05-23 03:17:32,90_2025May台灣
IMG_0206.HEIC,bda4379365a6c1d74d1560130f5999e5,2025-10-22 22:07:07,2025-05-23 03:17:50,90_2025May台灣
IMG_0207.HEIC,186ac40288c5c4bf52f58a11aa4e7fe4,2025-10-22 22:07:07,2025-05-23 03:18:26,90_2025May台灣
IMG_0208.HEIC,e0af0c39e7c5177f7a1a02eb5134ce7b,2025-10-22 22:07:07,2025-05-23 03:58:42,90_2025May台灣
IMG_0209.HEIC,6a511146d9fd08b8c9e26b983613830b,2025-10-22 22:07:07,2025-05-23 03:59:06,90_2025May台灣
IMG_0210.HEIC,a3cbe8a5bed2b9015acd0e39bedd4c71,2025-10-22 22:07:07,2025-05-23 03:59:38,90_2025May台灣
IMG_0213.HEIC,e94473a82e3d0f859c353add532f461e,2025-10-22 22:07:07,2025-05-23 09:10:18,90_2025May台灣
IMG_0214.HEIC,de3ddb6f52bf27ab061903176fc86424,2025-10-22 22:07:07,2025-05-23 09:10:24,90_2025May台灣
IMG_0217.heic,283a78a3f99e82bbdc7c55ff6e022e8f,2025-10-22 22:07:28,2025-05-25 13:11:04,Captures
IMG_0218.heic,2200663bf68561deedaff09b8f54ae64,2025-10-22 22:07:28,2025-05-25 13:11:22,Captures
IMG_0396.PNG,38e47620114dc48363faf7e518323388,2025-10-22 21:56:35,2025-03-31 04:57:02,Orders
IMG_0397.PNG,4a0b1513373c48f40bf3a0751a0089b9,2025-10-22 21:56:35,2025-03-31 04:57:26,Orders
IMG_0401.jpg,980fabe8db15e6cdab2bb6e0031abd2b,2025-10-22 22:07:07,2025-05-19 23:05:00,90_2025May台灣
IMG_0402.PNG,1d58d666f527c362e429149694d8cbba,2025-10-22 21:56:35,2025-05-20 00:10:12,Orders
IMG_6507.PNG,4e9bc71a280d2517e2d3a6e9bcc471f5,2025-10-22 22:07:29,2025-03-25 20:13:26,HK_Bank
IMG_6508.PNG,c18d19fdba65d1545f91274a475ed6c2,2025-10-22 22:07:29,2025-03-27 06:10:28,HK_Bank
IMG_6509.PNG,95bb74981298e04dd1c0b33296e048ab,2025-10-22 22:07:29,2025-03-27 06:18:42,HK_Bank
IMG_6510.PNG,23d2ddf7090238ad23e04c5c2fcca4ae,2025-10-22 22:07:29,2025-03-27 06:20:26,HK_Bank
IMG_6511.PNG,4d9da4427866a9153d67b6ca473cd840,2025-10-22 22:07:29,2025-03-27 20:28:26,HK_Bank
IMG_6512.PNG,412e683549dacec00e54a54152c28654,2025-10-22 22:07:29,2025-03-27 20:35:18,HK_Bank
IMG_6514.PNG,98146d10a91782cd61297e554f414d3d,2025-10-22 22:07:29,2025-03-31 23:33:30,HK_Bank
IMG_6515.PNG,338493cfa6755faee99fd5d31fcb80f7,2025-10-22 22:07:29,2025-04-01 22:48:28,HK_Bank
IMG_6516.PNG,469c38d9584adb6d225254b74f3d5723,2025-10-22 22:07:29,2025-04-01 22:48:34,HK_Bank
IMG_6517.PNG,09b1b0e0c8368850864b2f7bdbf5ac5d,2025-10-22 22:07:29,2025-04-01 22:49:20,HK_Bank
IMG_6518.PNG,49f7b2537b715d2e578c8d791a1c312e,2025-10-22 22:07:29,2025-04-01 22:49:30,HK_Bank
IMG_6519.PNG,bc9a86a5bfd2551f58e25998fd9b7315,2025-10-22 22:07:29,2025-04-01 22:49:36,HK_Bank
IMG_6520.PNG,d1625646cb2c6cd81762b98c3acda26f,2025-10-22 22:07:29,2025-04-01 22:50:08,HK_Bank
IMG_6521.PNG,99b3df7121fa80c38a0fe0cc965bdca1,2025-10-22 22:07:29,2025-04-06 00:49:32,HK_Bank
IMG_6522.PNG,83d8989af6bc98f11b4a1ee9b39488a1,2025-10-22 22:07:29,2025-04-06 00:49:56,HK_Bank
IMG_6523.PNG,a8c955163dde47995fe69a3cffdc79e3,2025-10-22 22:07:29,2025-04-06 00:50:20,HK_Bank
IMG_6524.PNG,3ecfb03686ac4c211d610c5795f59ee5,2025-10-22 22:07:29,2025-04-06 00:50:56,HK_Bank
IMG_6525.PNG,76c82f71809e628af8b53f7453e31b14,2025-10-22 22:07:29,2025-04-06 00:51:14,HK_Bank
IMG_6526.PNG,6805761c364fab25a66623e805d47e75,2025-10-22 22:07:29,2025-04-06 00:51:44,HK_Bank
IMG_6527.PNG,0afe914ab3f0e7a46d747bcdff009381,2025-10-22 22:07:29,2025-04-06 00:51:52,HK_Bank
IMG_6528.PNG,d31703939ae1f550e7349f401b1c1d0f,2025-10-22 22:07:29,2025-04-06 00:53:40,HK_Bank
IMG_6529.PNG,6dbb4f42c6bec334bbbde1304b08da39,2025-10-22 22:07:29,2025-04-06 00:53:46,HK_Bank
IMG_6535.PNG,f44d74bc95ed4066629544be68dec701,2025-10-22 22:07:29,2025-04-06 03:15:50,HK_Bank
IMG_6536.PNG,50dded1e5780d05bc50af4a14898cf89,2025-10-22 22:07:29,2025-04-06 03:18:58,HK_Bank
IMG_6537.PNG,9bc80e3fbbeec2e17b98e16b89102d7e,2025-10-22 22:07:29,2025-04-06 03:19:10,HK_Bank
IMG_6538.PNG,27d47eff9f64d6d960f9e77eefc07d47,2025-10-22 22:07:29,2025-04-06 03:19:20,HK_Bank
IMG_6539.PNG,6af69feb9a7ea57f213bacf59c59e7b0,2025-10-22 22:07:29,2025-04-06 03:23:46,HK_Bank
IMG_6540.PNG,e84e63856082396e1f1bbdc4a71e3576,2025-10-22 22:07:29,2025-04-06 03:25:26,HK_Bank
IMG_6541.PNG,6edec4ff1fdf3a355fb5cb4baff69b66,2025-10-22 22:07:29,2025-04-06 03:26:30,HK_Bank
IMG_6542.PNG,74c6f24cfcab36bad18eac556471747a,2025-10-22 22:07:29,2025-04-06 03:27:02,HK_Bank
IMG_6543.PNG,4a8cd8871742c2ad1608915513f9ae62,2025-10-22 22:07:29,2025-04-06 03:27:38,HK_Bank
IMG_6544.PNG,2f07f019225934553aa58feb30ce05d9,2025-10-22 22:07:29,2025-04-06 03:27:50,HK_Bank
IMG_6545.PNG,a55baed16b23efb67507b73641abb675,2025-10-22 22:07:29,2025-04-06 03:28:06,HK_Bank
IMG_6549.HEIC,cee60a03fb8b3d745cbff1536178317a,2025-10-22 22:00:24,2025-04-10 00:59:58,10_2025Apr東莞
IMG_6550.HEIC,92e9eb3b3fa47b9051a84a36107cdb93,2025-10-22 22:00:24,2025-04-10 01:29:06,10_2025Apr東莞
IMG_6551.PNG,837f7f24f9c8a8f0a111f1ed5045223c,2025-10-22 22:00:24,2025-04-10 01:54:06,10_2025Apr東莞
IMG_6552.PNG,524f633b2b4df593a4d0451f4f218bab,2025-10-22 22:00:24,2025-04-10 02:00:58,10_2025Apr東莞
IMG_8123.HEIC,3f1ccda159f5186c9ba7b796b69841f9,2025-10-22 21:58:36,2025-03-17 17:29:42,01_2025Mar香港
IMG_8126.HEIC,7d827e9785f59fc1d65072774d746636,2025-10-22 21:58:36,2025-03-17 18:22:26,01_2025Mar香港
IMG_8127.HEIC,42454e33381fd9e802b5540f1b1f169b,2025-10-22 21:58:36,2025-03-17 18:22:34,01_2025Mar香港
IMG_8128.HEIC,d4e8f77eb7354357b3a0691d003b5f22,2025-10-22 21:57:38,2025-03-17 18:36:48,PengChau
IMG_8129.HEIC,26775ebc51e784594b4fd8f2a6dbb61a,2025-10-22 21:57:38,2025-03-17 18:36:50,PengChau
IMG_8130.HEIC,00b4884a32e4cd0776261a5bf2c6813c,2025-10-22 21:57:38,2025-03-17 19:11:06,PengChau
IMG_8135.jpg,1da36cb171fa6305b8db3029b17b91c6,2025-10-22 21:57:38,2025-03-18 05:36:40,PengChau
IMG_8137.heic,1fcccc28dd230e4913a28d2a20775db7,2025-10-22 21:57:38,2025-03-18 18:44:46,PengChau
IMG_8138.heic,b81e6429b7c1eac3544de1ede5fd1800,2025-10-22 21:57:38,2025-03-18 18:46:22,PengChau
IMG_8139.heic,bf36e5f9e6829daac35c66f481f06bb9,2025-10-22 21:57:38,2025-03-18 18:48:00,PengChau
IMG_8140.heic,e7ce679336f81206789f9c220902630f,2025-10-22 21:57:38,2025-03-18 18:48:56,PengChau
IMG_8141.HEIC,2244c20824030e414e680a68ec5bb9f5,2025-10-22 21:57:38,2025-03-18 18:59:12,PengChau
IMG_8142.HEIC,63b7c18acb96d00c2a58064edfcd2624,2025-10-22 21:57:38,2025-03-18 18:59:20,PengChau
IMG_8146.HEIC,cbfb79f8778d96ed0203f95c6ff242b9,2025-10-22 21:56:35,2025-03-19 03:14:26,Orders
IMG_8149.HEIC,bd959a3df90d84dbfccd67aac42705f4,2025-10-22 21:58:36,2025-03-19 03:58:20,01_2025Mar香港
IMG_8154.HEIC,870b695cfc977e59f7896326c6d531b7,2025-10-22 21:57:38,2025-03-19 21:46:12,PengChau
IMG_8155.HEIC,c21edbb18d23107a6cf150801e4d46ef,2025-10-22 21:57:38,2025-03-19 21:46:26,PengChau
IMG_8156.heic,ea4a0477101a744872ebfb7787564760,2025-10-22 21:57:38,2025-03-20 01:45:16,PengChau
IMG_8157.HEIC,738faf904c93302c04ddecc9e3349e30,2025-10-22 21:57:38,2025-03-20 01:45:24,PengChau
IMG_8158.heic,e64fb604b9ebeb9b932d581554160029,2025-10-22 21:57:38,2025-03-20 01:58:50,PengChau
IMG_8159.HEIC,44a4a68b5fe5da7857a7956f360dd27d,2025-10-22 21:57:38,2025-03-20 01:58:56,PengChau
IMG_8160.HEIC,5c8fbaab404fc0ed2d1aa98550b72a4b,2025-10-22 21:57:38,2025-03-20 01:59:08,PengChau
IMG_8161.heic,58a30e5827b5361095129e14b710c31b,2025-10-22 21:57:38,2025-03-20 01:59:14,PengChau
IMG_8162.HEIC,ff8835e2565f0fb3f56f0e124c50f296,2025-10-22 21:57:38,2025-03-20 04:17:36,PengChau
IMG_8163.HEIC,06c78d69afa8f75f1d0f994de83ffbe1,2025-10-22 21:57:38,2025-03-20 21:16:30,PengChau
IMG_8164.HEIC,2fb98202200aa0a74d3568ecbb8f3917,2025-10-22 21:57:38,2025-03-20 21:16:36,PengChau
IMG_8165.HEIC,d40aa22f6088246fb384c255d5b89d79,2025-10-22 21:57:38,2025-03-20 21:40:00,PengChau
IMG_8167.heic,d1962d69df5dabc350bf44355f97c8d7,2025-10-22 21:57:38,2025-03-21 07:18:20,PengChau
IMG_8168.HEIC,1a5ab482b0e47e97c75f3d230a3fd684,2025-10-22 21:57:38,2025-03-21 19:24:20,PengChau
IMG_8170.HEIC,74146e5482a5ef45723c2f2c3f20d150,2025-10-22 21:57:38,2025-03-22 22:12:28,PengChau
IMG_8171.HEIC,576081b5ec290a542ad5276e4230b29d,2025-10-22 21:57:38,2025-03-22 22:12:44,PengChau
IMG_8172.HEIC,0de922b454cbc34e2d3a436f8f157d56,2025-10-22 21:57:38,2025-03-22 22:12:44,PengChau
IMG_8173.HEIC,e07fe0d9479b2c642af27b8afc54133c,2025-10-22 21:57:38,2025-03-22 22:12:52,PengChau
IMG_8174.HEIC,677ddc45b5b0f315e7ff853c71ab7d2a,2025-10-22 21:57:38,2025-03-22 22:13:08,PengChau
IMG_8175.HEIC,2b832bf47e84ba7310286cf8d078fae9,2025-10-22 21:57:38,2025-03-22 22:13:38,PengChau
IMG_8176.HEIC,ea9e78a247354afdc878760887794ece,2025-10-22 21:57:38,2025-03-22 22:14:10,PengChau
IMG_8177.HEIC,9c71ad0998a6e9152464eafad3d13af9,2025-10-22 21:57:38,2025-03-22 23:44:32,PengChau
IMG_8178.HEIC,1bd41bfa846f5f1aa7f483afd30ded72,2025-10-22 21:57:38,2025-03-22 23:44:40,PengChau
IMG_8179.HEIC,5d27776abd84b47c66964fcbde6fce86,2025-10-22 21:57:38,2025-03-22 23:44:48,PengChau
IMG_8180.HEIC,d7b712f08ebc6674c20977adb26a76ef,2025-10-22 21:57:38,2025-03-22 23:45:04,PengChau
IMG_8181.HEIC,1d018ce48a2f7abeff6f94dc2294669e,2025-10-22 21:57:38,2025-03-22 23:45:24,PengChau
IMG_8183.HEIC,910b89bdbf23b982c0c60f9d4024e976,2025-10-22 21:58:36,2025-03-23 02:59:56,01_2025Mar香港
IMG_8184.HEIC,3615b10b5b47924defd42afe1d986acc,2025-10-22 21:58:36,2025-03-23 03:00:08,01_2025Mar香港
IMG_8186.HEIC,10620747bc6df6648ccdcd9f45846e1e,2025-10-22 21:58:36,2025-03-23 09:25:40,01_2025Mar香港
IMG_8187.HEIC,9695c081b756754df75ccc412a23e83d,2025-10-22 21:58:36,2025-03-23 09:27:40,01_2025Mar香港
IMG_8188.HEIC,290f1b2c1c949dca0c8876f7039ca24f,2025-10-22 21:58:36,2025-03-23 09:31:16,01_2025Mar香港
IMG_8189.HEIC,0c55ab0611c259e408e3d0d2df679e72,2025-10-22 21:58:36,2025-03-23 09:31:52,01_2025Mar香港
IMG_8190.HEIC,392b3eecc947cade7dcecccdcc2267f6,2025-10-22 21:58:36,2025-03-23 09:32:02,01_2025Mar香港
IMG_8191.HEIC,39fec1fea3f4a07c5f1b8a149ba0e695,2025-10-22 21:58:36,2025-03-23 09:32:04,01_2025Mar香港
IMG_8193.heic,8f387524da1feb05c65f516d51a047ff,2025-10-22 21:57:38,2025-03-23 22:42:40,PengChau
IMG_8194.HEIC,c4780b0bee0204024b96ac4085803644,2025-10-22 21:57:38,2025-03-23 22:56:36,PengChau
IMG_8195.HEIC,95b9feca932b0a257f2a17202dc9b8f6,2025-10-22 21:57:38,2025-03-23 22:56:50,PengChau
IMG_8196.HEIC,3f82a92f626a051226d8cd0a5faf3610,2025-10-22 21:57:38,2025-03-23 22:57:20,PengChau
IMG_8197.HEIC,b208aa9e8a0423322507341a6407a1a8,2025-10-22 21:57:38,2025-03-23 22:57:42,PengChau
IMG_8198.HEIC,2134eb848cd8d858fec1be4ad81d309d,2025-10-22 21:57:38,2025-03-24 02:48:46,PengChau
IMG_8199.HEIC,afc81f269225516f156bacbe30b0cfe9,2025-10-22 21:57:38,2025-03-24 02:49:18,PengChau
IMG_8204.HEIC,27db9fcce93ae9a404d4e32006c6bc31,2025-10-22 21:57:38,2025-03-25 00:02:14,PengChau
IMG_8205.HEIC,3e6b090466bf57a544c078e43b408068,2025-10-22 21:57:38,2025-03-25 02:02:12,PengChau
IMG_8206.HEIC,8b2b579202dbba943a41ea4ed4b9e2e9,2025-10-22 21:57:38,2025-03-25 02:02:20,PengChau
IMG_8207.HEIC,f1dea274b8ede7f95495e958fb152bc0,2025-10-22 21:57:38,2025-03-25 02:02:20,PengChau
IMG_8208.HEIC,9ddce94e18f031c029588bc26e0a7cd0,2025-10-22 21:57:38,2025-03-25 02:29:04,PengChau
IMG_8209.HEIC,1950780a6dd82153a5179f49fbd78333,2025-10-22 21:57:38,2025-03-25 02:29:14,PengChau
IMG_8210.HEIC,c6c6b5b3dccc329095b52c4647a7467d,2025-10-22 21:57:38,2025-03-25 02:38:24,PengChau
IMG_8211.HEIC,dd0db01fb0558961bd367a4fcb224ddb,2025-10-22 21:57:39,2025-03-25 02:38:32,PengChau
IMG_8212.HEIC,7a81beda8e8f150fba977d4a4ef7e89a,2025-10-22 21:57:39,2025-03-25 03:14:44,PengChau
IMG_8213.HEIC,fe100941524e2ed1f24bb4fae0254b1f,2025-10-22 21:57:39,2025-03-25 03:14:54,PengChau
IMG_8216.PNG,27585c6e6433aed07e715a45685ca3cd,2025-10-22 22:07:07,2025-03-25 21:27:34,90_2025May台灣
IMG_8221.HEIC,3fff60fd2b2779e306e3106ae089c45c,2025-10-22 21:58:36,2025-03-26 00:42:50,01_2025Mar香港
IMG_8222.HEIC,eecb252068dd181c20415c46c2611b4a,2025-10-22 21:58:36,2025-03-26 00:43:02,01_2025Mar香港
IMG_8223.HEIC,7d2a716d345bb1c38ef66464ca4d9959,2025-10-22 21:58:36,2025-03-26 00:43:12,01_2025Mar香港
IMG_8224.heic,1d0f2ac4e23a51b5d52ef91b32a53f87,2025-10-22 21:58:36,2025-03-26 02:06:18,01_2025Mar香港
IMG_8225.heic,a86ea65cd54dfeb7c4c36eac4147ebeb,2025-10-22 21:58:36,2025-03-26 02:06:32,01_2025Mar香港
IMG_8226.HEIC,045a6bc9bb202fff4ce9f813dcf8f9a8,2025-10-22 21:58:36,2025-03-26 02:07:12,01_2025Mar香港
IMG_8227.HEIC,bda054a517cfe31db7ebc40b220a70fe,2025-10-22 21:58:36,2025-03-26 07:32:08,01_2025Mar香港
IMG_8228.heic,616b3cb5e6ed5f429dd2ddd6516a4778,2025-10-22 22:00:24,2025-03-26 07:41:50,10_2025Apr東莞
IMG_8229.HEIC,05ac1a1daf295643d6833fe5282dbebd,2025-10-22 22:07:29,2025-03-26 08:51:44,Captures
IMG_8235.HEIC,04bef3a14f240d39c4a070c298687095,2025-10-22 21:58:36,2025-03-26 23:22:20,01_2025Mar香港
IMG_8236.HEIC,e3273cc2d0f8ee3dc07d8f6a198b0b99,2025-10-22 21:57:39,2025-03-26 23:25:10,PengChau
IMG_8237.HEIC,3eb96014c4fc81abab32c58d4ccd0f46,2025-10-22 21:57:39,2025-03-26 23:25:22,PengChau
IMG_8238.HEIC,7b58bdd5c547ec0511b80f6982561f5c,2025-10-22 21:58:36,2025-03-26 23:44:22,01_2025Mar香港
IMG_8239.heic,73d9fd01b19c72c79f277c3bfbb757ae,2025-10-22 21:58:36,2025-03-27 00:36:56,01_2025Mar香港
IMG_8240.heic,0b260f75a20fc881aa7c41fe33f8ccff,2025-10-22 21:58:36,2025-03-27 01:46:12,01_2025Mar香港
IMG_8241.HEIC,3833cc5720cb3dc7cc69472aabd0f5ec,2025-10-22 21:58:36,2025-03-27 01:46:14,01_2025Mar香港
IMG_8242.HEIC,6d23495fad426f1103f3da80ff17751e,2025-10-22 21:58:36,2025-03-27 02:37:48,01_2025Mar香港
IMG_8243.HEIC,aef5017c93333149f3a5967f3e6f600b,2025-10-22 21:58:36,2025-03-27 02:37:54,01_2025Mar香港
IMG_8244.PNG,f8c40f62ae892bfbf16da6dc129e5792,2025-10-22 21:56:35,2025-03-27 05:23:56,Orders
IMG_8251.HEIC,4b46e28f03cc4519fc3f90326ce66737,2025-10-22 21:58:36,2025-03-28 01:57:22,01_2025Mar香港
IMG_8255.jpg,329e5e0ad76fc915e8c00ec5ed5ba3a1,2025-10-22 22:07:09,2025-03-28 02:32:50,2025Apr香港
IMG_8257.HEIC,0eda3f4b9404d799e1fb66a65bc580be,2025-10-22 22:07:09,2025-03-28 02:34:44,2025Apr香港
IMG_8258.HEIC,5eab11efc4f0e420b0d06e44f2bc6e70,2025-10-22 22:07:09,2025-03-28 03:06:10,2025Apr香港
IMG_8262.HEIC,c5e02f5787b8089143ca34c35de0d2f5,2025-10-22 21:57:40,2025-03-28 06:27:48,_iPhone
IMG_8263.HEIC,82a2e4f5104971a0c10ba6525401ee6f,2025-10-22 21:57:40,2025-03-28 06:27:50,_iPhone
IMG_8264.jpg,678d61c3bda940595819ce872e417ab9,2025-10-22 22:07:29,2025-03-28 21:51:08,HK_Bank
IMG_8266.PNG,4a1ecefed95d24a6c25d44415eb8e8c5,2025-10-22 21:56:35,2025-03-29 21:22:06,Orders
IMG_8267.jpg,df1a87fc59f7293c033681d9984ec30b,2025-10-22 21:56:35,2025-03-29 21:22:24,Orders
IMG_8268.PNG,d52afa949a076a78e2fa9d751a3e5e4d,2025-10-22 21:56:35,2025-03-29 23:34:48,Orders
IMG_8269.JPG,2201ff633433005edda588269c9bf1df,2025-10-22 21:56:35,2025-03-29 23:35:16,Orders
IMG_8270.PNG,ce9bfe28513fdde2c91d2a3f48c49be0,2025-10-22 21:56:35,2025-03-29 23:36:34,Orders
IMG_8271.PNG,4098f912267d1b4902c2654238a3a85c,2025-10-22 21:56:35,2025-03-29 23:37:18,Orders
IMG_8276.HEIC,2c30600f2d62efaa3312d0c3526be5fe,2025-10-22 21:57:39,2025-03-30 20:49:00,PengChau
IMG_8277.HEIC,f3b30acf9979d0b7369ea44e4cf779e5,2025-10-22 21:57:39,2025-03-30 20:49:28,PengChau
IMG_8279.PNG,95611487548712d109d0a05cd4826983,2025-10-22 22:00:32,2025-03-30 22:02:44,15_2025Apr廣州
IMG_8280.jpg,6de2a7228315c1991108eac790b5f648,2025-10-22 22:00:32,2025-03-30 22:16:24,15_2025Apr廣州
IMG_8281.PNG,d83d2467b5f56a54276faae06d89f719,2025-10-22 22:00:32,2025-03-30 22:16:42,15_2025Apr廣州
IMG_8282.jpg,4fe6d758e40763e2a1f2b76a2e450d11,2025-10-22 22:00:32,2025-03-30 22:27:46,15_2025Apr廣州
IMG_8283.jpg,84857a6b072fcc87a113f412facc872a,2025-10-22 22:00:32,2025-03-30 22:27:56,15_2025Apr廣州
IMG_8284.PNG,90aee1853e33b0e2d2bb87c045e729ed,2025-10-22 22:00:32,2025-03-30 23:22:32,15_2025Apr廣州
IMG_8285.PNG,6403179e7b2b51580e6cb5266ec63fad,2025-10-22 22:00:32,2025-03-30 23:26:06,15_2025Apr廣州
IMG_8286.PNG,d345a4db914328db887727e41a6680a7,2025-10-22 22:00:32,2025-03-30 23:31:38,15_2025Apr廣州
IMG_8287.MOV,e19af7cfad4dbce1f3f663e2997edb47,2025-10-22 21:57:39,2025-03-31 23:09:30,PengChau
IMG_8288.HEIC,c2e4dc1fcf2511d279ea6d15d5e32b3e,2025-10-22 21:59:31,2025-03-31 23:41:48,05_2025Apr深圳
IMG_8289.HEIC,772ead22c0fcefb93b92854d251b58da,2025-10-22 21:59:31,2025-03-31 23:42:00,05_2025Apr深圳
IMG_8290.HEIC,71b48cc736e19bc5abb93c579a0a5118,2025-10-22 21:59:31,2025-03-31 23:44:26,05_2025Apr深圳
IMG_8291.mov,05aa3059912672b43ab7ab9f2e072fc3,2025-10-22 21:59:31,2025-03-31 23:45:12,05_2025Apr深圳
IMG_8292.HEIC,325bfb225bc3fcc8b277c00244310041,2025-10-22 21:59:31,2025-03-31 23:45:20,05_2025Apr深圳
IMG_8294.PNG,dfe041e2a02d4ceece2c694e56cfd084,2025-10-22 21:59:31,2025-04-01 00:53:04,05_2025Apr深圳
IMG_8295.HEIC,fc34e8a8210b9dcbd42219ffcedb6845,2025-10-22 21:59:31,2025-04-01 03:39:28,05_2025Apr深圳
IMG_8296.HEIC,c029b823191198b6c35fea6b796796c4,2025-10-22 21:59:31,2025-04-01 05:26:14,05_2025Apr深圳
IMG_8297.HEIC,4d8cd1c3095bd1918a2bf5dea8e2c92b,2025-10-22 21:57:39,2025-04-01 05:27:00,PengChau
IMG_8299.PNG,e20bdc9aa6be81f5e04297679afc07f8,2025-10-22 22:07:07,2025-04-01 08:53:06,90_2025May台灣
IMG_8305.heic,29502f5f746f2ce53551d6fdf181c302,2025-10-22 22:07:29,2025-04-01 23:20:40,Captures
IMG_8306.jpg,964f73f5282973910621fcf1946ad350,2025-10-22 22:07:29,2025-04-01 23:20:46,Captures
IMG_8307.heic,63703f47fdc7ec3365034b084f5660e4,2025-10-22 22:07:29,2025-04-01 23:21:00,Captures
IMG_8308.HEIC,b0ac110a9eac0c45549e986d68dd1c9e,2025-10-22 22:07:29,2025-04-01 23:32:46,Captures
IMG_8309.HEIC,7b9e88e81f82cb1736c98b6280b9983b,2025-10-22 22:07:29,2025-04-01 23:32:54,Captures
IMG_8310.jpg,742b422e3662cdd7c42c113434de2b83,2025-10-22 22:07:29,2025-04-01 23:53:42,Captures
IMG_8311.heic,60491374c8ad0060651107a46724f06f,2025-10-22 22:07:29,2025-04-01 23:59:48,Captures
IMG_8312.HEIC,54a993214a2e3e6145209b6c1d2bb452,2025-10-22 21:58:36,2025-04-02 00:41:38,01_2025Mar香港
IMG_8313.HEIC,f4e765d366cb30e11f585e4d237f799b,2025-10-22 21:58:36,2025-04-02 01:26:28,01_2025Mar香港
IMG_8314.HEIC,b6958cf3b79596ccffee3e3a36475979,2025-10-22 21:58:36,2025-04-02 01:46:42,01_2025Mar香港
IMG_8315.HEIC,14aab6f6d7b9573111228e677c52f6de,2025-10-22 21:57:39,2025-04-02 05:04:52,PengChau
IMG_8316.heic,00d069369d600bbd0902ec3bceccff47,2025-10-22 21:57:39,2025-04-02 05:04:54,PengChau
IMG_8317.HEIC,5624a6251dc47801ef8fb2e7e9e4a29a,2025-10-22 21:57:39,2025-04-02 06:12:56,PengChau
IMG_8318.HEIC,6b03b5d02cf768c07ef1260a07d09406,2025-10-22 21:57:39,2025-04-02 06:12:58,PengChau
IMG_8319.HEIC,bf61e55be3f057c896bbd127c59c6234,2025-10-22 21:58:36,2025-04-02 07:35:34,01_2025Mar香港
IMG_8320.HEIC,d178275386336a68710be13162104f20,2025-10-22 21:58:36,2025-04-02 07:47:04,01_2025Mar香港
IMG_8322.HEIC,42a847ca256546d1a2b977da4d343023,2025-10-22 21:58:36,2025-04-02 22:49:02,01_2025Mar香港
IMG_8323.heic,d7c65d8e606276868a3bde276fc2b9f7,2025-10-22 21:58:36,2025-04-02 23:25:18,01_2025Mar香港
IMG_8324.jpg,9018b166ab7e1241cd5fc44d13c55ad3,2025-10-22 21:58:37,2025-04-02 23:25:24,01_2025Mar香港
IMG_8325.HEIC,d5d412c67edd484d1e7010760942c659,2025-10-22 21:58:37,2025-04-02 23:25:30,01_2025Mar香港
IMG_8326.HEIC,a97513b245f11fcf6eb2606e90578d85,2025-10-22 21:58:37,2025-04-02 23:26:00,01_2025Mar香港
IMG_8327.HEIC,b4277d08781cba7a3078aadadad9bb87,2025-10-22 21:58:37,2025-04-02 23:26:02,01_2025Mar香港
IMG_8328.HEIC,4893210d78d7ad4a160aa0ca8e5e7562,2025-10-22 21:58:37,2025-04-02 23:28:48,01_2025Mar香港
IMG_8329.HEIC,a0ff011e92e8cd85e865b264e9954a8e,2025-10-22 21:58:37,2025-04-02 23:28:56,01_2025Mar香港
IMG_8330.HEIC,be471f46d1fb996b0e64372bcac23193,2025-10-22 21:58:37,2025-04-02 23:29:24,01_2025Mar香港
IMG_8333.HEIC,e5762586800a8fc603ce66679af4eadd,2025-10-22 21:58:37,2025-04-03 06:06:50,01_2025Mar香港
IMG_8334.HEIC,0aa866a472eb55d1cbf181e0e766a05e,2025-10-22 21:58:37,2025-04-03 06:07:06,01_2025Mar香港
IMG_8335.HEIC,d89b457803549133e4aedcd83dc99418,2025-10-22 21:58:37,2025-04-03 06:07:52,01_2025Mar香港
IMG_8336.HEIC,790812d83025ed6f6f6bb59e54d4f427,2025-10-22 21:58:37,2025-04-03 06:10:30,01_2025Mar香港
IMG_8337.HEIC,ebc98220da710750d54a3411c8997fdc,2025-10-22 21:58:37,2025-04-03 06:35:04,01_2025Mar香港
IMG_8338.HEIC,6dcad8ae348b68e020ff8bcfb75b7c2c,2025-10-22 21:58:37,2025-04-03 06:35:14,01_2025Mar香港
IMG_8340.HEIC,a78be718875b3346b9c1ded4dc43f2cf,2025-10-22 21:58:37,2025-04-03 20:03:26,01_2025Mar香港
IMG_8341.HEIC,73168228c0adcb8322287d3e3c8d81ee,2025-10-22 21:58:37,2025-04-03 20:03:40,01_2025Mar香港
IMG_8342.HEIC,2eb390523d0d1259d74a56460a958af6,2025-10-22 21:58:37,2025-04-03 20:03:52,01_2025Mar香港
IMG_8343.HEIC,ec70ebd9d92e64d9054636974a057da5,2025-10-22 21:58:37,2025-04-03 20:10:00,01_2025Mar香港
IMG_8344.heic,bb3c8780062b29970bc6bdec57da4bf9,2025-10-22 21:58:37,2025-04-03 20:10:56,01_2025Mar香港
IMG_8345.HEIC,9be75ff62c82da585b03f560969d6c14,2025-10-22 21:58:37,2025-04-03 21:06:48,01_2025Mar香港
IMG_8346.heic,08cc8ca0203d0387186f47e6ca8ba546,2025-10-22 21:58:37,2025-04-03 21:07:02,01_2025Mar香港
IMG_8347.HEIC,f45c67ebd9ac2233acdfd90671f418ef,2025-10-22 21:58:37,2025-04-03 23:53:38,01_2025Mar香港
IMG_8348.HEIC,c0379b51517d88b3e46f4a360a51b676,2025-10-22 21:58:37,2025-04-03 23:53:48,01_2025Mar香港
IMG_8349.HEIC,bb8bba16aab7d38539ffd5d29a1ef5fc,2025-10-22 21:58:37,2025-04-03 23:54:16,01_2025Mar香港
IMG_8350.HEIC,b41b400707e2d3575f324af51adeaf7e,2025-10-22 21:58:37,2025-04-03 23:54:38,01_2025Mar香港
IMG_8351.HEIC,6de2901a0c4eb2ddc9001ab0e19040fd,2025-10-22 21:58:37,2025-04-03 23:57:52,01_2025Mar香港
IMG_8352.HEIC,c696d2ef1e365cf5baa95737ab90162d,2025-10-22 21:58:37,2025-04-04 00:00:06,01_2025Mar香港
IMG_8353.jpg,b76b066b3f971ae65549d9cd2e030fa3,2025-10-22 21:58:37,2025-04-04 00:00:20,01_2025Mar香港
IMG_8354.HEIC,0b9b264cbf8471d7f7a78983e6ab9410,2025-10-22 21:58:37,2025-04-04 01:58:24,01_2025Mar香港
IMG_8355.HEIC,86ea8adbb9dde32add18676c68091cf0,2025-10-22 21:58:37,2025-04-04 02:59:58,01_2025Mar香港
IMG_8356.HEIC,ff14f6cc2666ed868fb2df2dbed7ad0e,2025-10-22 21:58:37,2025-04-04 03:00:06,01_2025Mar香港
IMG_8357.HEIC,823b6cb226a7b18f42fb9bd5c33cecec,2025-10-22 21:58:37,2025-04-04 03:00:18,01_2025Mar香港
IMG_8358.HEIC,c17ef023cef2304be9597016463a149c,2025-10-22 21:58:37,2025-04-04 03:00:32,01_2025Mar香港
IMG_8359.HEIC,0aa8fcc6eaeecf6e34676b7953a6a426,2025-10-22 21:58:37,2025-04-04 03:02:20,01_2025Mar香港
IMG_8360.HEIC,364c2196b82c46242a3006d4aa9c3cc2,2025-10-22 21:58:37,2025-04-04 03:10:40,01_2025Mar香港
IMG_8361.HEIC,2f27f7b428cb6f4d4eb3547bd336a4ce,2025-10-22 21:58:37,2025-04-04 03:23:34,01_2025Mar香港
IMG_8362.HEIC,9d9c4f0c2f1807255ec59f79a13cf385,2025-10-22 21:58:37,2025-04-04 05:21:52,01_2025Mar香港
IMG_8363.HEIC,cc19b99f904b995ecdb141c64b880f4a,2025-10-22 21:58:37,2025-04-04 05:21:56,01_2025Mar香港
IMG_8364.HEIC,6a28c48486df76049b3fa29c23302a05,2025-10-22 21:58:37,2025-04-04 06:42:56,01_2025Mar香港
IMG_8365.heic,50aa8d8bf9c8b204b46a55cac90920c4,2025-10-22 21:58:37,2025-04-04 06:57:10,01_2025Mar香港
IMG_8366.HEIC,6721339fd773b5aaca97f51a0f6d531b,2025-10-22 21:58:37,2025-04-04 06:57:16,01_2025Mar香港
IMG_8367.HEIC,00e3dea21daf4e7e6566aec1bd0f5451,2025-10-22 21:58:37,2025-04-04 07:01:56,01_2025Mar香港
IMG_8369.HEIC,2d3536617e66d43b537f9816d6c79b73,2025-10-22 21:58:37,2025-04-04 07:04:24,01_2025Mar香港
IMG_8373.jpg,1df4d1e4eabb6c468b94f22ad8f48178,2025-10-22 21:57:39,2025-04-05 02:55:56,PengChau
IMG_8374.HEIC,a3945690827d4706ff1b33b8192382ef,2025-10-22 21:58:37,2025-04-05 04:44:54,01_2025Mar香港
IMG_8375.HEIC,6fba7f451640a8c579f12a7e18b52744,2025-10-22 21:58:37,2025-04-05 04:45:00,01_2025Mar香港
IMG_8376.HEIC,50677e7b3185cc0454eecae2a01277fb,2025-10-22 21:58:37,2025-04-05 04:45:18,01_2025Mar香港
IMG_8377.HEIC,2581a44f4e64801d220d566e3c54eaf8,2025-10-22 21:58:37,2025-04-05 04:45:48,01_2025Mar香港
IMG_8379.HEIC,213c7f4e44f80c90bf0c1269e2721d98,2025-10-22 21:58:37,2025-04-05 04:54:04,01_2025Mar香港
IMG_8380.HEIC,641f65b1b24acdea09c36f77937496a9,2025-10-22 21:58:37,2025-04-05 04:58:24,01_2025Mar香港
IMG_8381.HEIC,5167da49c24fd9c81fa606c456f7af1c,2025-10-22 21:58:37,2025-04-05 04:59:56,01_2025Mar香港
IMG_8382.HEIC,d51cdddbfbd93dc44974697aa39438aa,2025-10-22 21:58:37,2025-04-05 05:00:44,01_2025Mar香港
IMG_8383.HEIC,42de89539a071b81f67658facee1277d,2025-10-22 21:58:37,2025-04-05 05:09:54,01_2025Mar香港
IMG_8384.HEIC,f47f3c34a5919538bca3e0e3bbf9ca80,2025-10-22 21:58:37,2025-04-05 05:10:00,01_2025Mar香港
IMG_8385.HEIC,aaadde5cda44e08d628e5b4763b3fa3d,2025-10-22 21:58:37,2025-04-05 05:13:24,01_2025Mar香港
IMG_8386.HEIC,b47cf7e0bf6617240fbbe181c8546d96,2025-10-22 21:58:37,2025-04-05 05:13:30,01_2025Mar香港
IMG_8387.HEIC,e386763849e0ae80393365b289d4e579,2025-10-22 21:58:37,2025-04-05 05:13:56,01_2025Mar香港
IMG_8389.HEIC,6eff985b66e7b44def1f5c8d5c74b7e1,2025-10-22 21:58:37,2025-04-05 05:15:54,01_2025Mar香港
IMG_8390.HEIC,964f53d7a85f865de953fc0f1d297058,2025-10-22 21:58:37,2025-04-05 05:16:02,01_2025Mar香港
IMG_8391.HEIC,93dd210b9c41a4b59efa974d9631e620,2025-10-22 21:58:37,2025-04-05 05:16:08,01_2025Mar香港
IMG_8392.HEIC,23ac306caac5d27bb436d6f30229ab35,2025-10-22 21:58:37,2025-04-05 05:16:58,01_2025Mar香港
IMG_8393.HEIC,c0fd142c0b5fa19de31a453826aa3490,2025-10-22 21:58:37,2025-04-05 06:09:36,01_2025Mar香港
IMG_8394.HEIC,c4f2f2d901df97f77ee10aad65257e09,2025-10-22 21:58:37,2025-04-05 06:10:02,01_2025Mar香港
IMG_8395.HEIC,7716bae406d40fe896367ac61c79c66b,2025-10-22 21:58:37,2025-04-05 06:10:12,01_2025Mar香港
IMG_8396.HEIC,22af324fa9e1c6c93e8feb95ef696620,2025-10-22 21:58:37,2025-04-05 06:10:12,01_2025Mar香港
IMG_8399.HEIC,82fbfbafead6029e50f68d863589bb57,2025-10-22 21:58:37,2025-04-05 07:50:34,01_2025Mar香港
IMG_8400.HEIC,8456a1956cbf872f603236c0a3fbe79a,2025-10-22 21:58:37,2025-04-05 08:28:04,01_2025Mar香港
IMG_8401.HEIC,8924813475aceb02a7ba86d75d0e817e,2025-10-22 21:58:37,2025-04-05 08:38:54,01_2025Mar香港
IMG_8402.HEIC,7f620b677e1ee7be9cfca617a3b0c3e1,2025-10-22 21:58:37,2025-04-05 08:39:14,01_2025Mar香港
IMG_8403.HEIC,bec07913d5a6df8a617aaf88e22a573f,2025-10-22 21:58:37,2025-04-05 08:52:38,01_2025Mar香港
IMG_8404.heic,ee3f253cb577da1e8aa06a7a7a2cda64,2025-10-22 21:58:37,2025-04-05 23:24:54,01_2025Mar香港
IMG_8405.HEIC,3599877e808053117b80fd84deb50d9e,2025-10-22 21:58:37,2025-04-05 23:33:40,01_2025Mar香港
IMG_8407.HEIC,bfa17ea43da6716c3b981bd7fd77fb5e,2025-10-22 21:58:37,2025-04-05 23:51:30,01_2025Mar香港
IMG_8408.HEIC,fe41bad759090c5e59a2b683df21eda3,2025-10-22 21:58:37,2025-04-06 00:22:54,01_2025Mar香港
IMG_8409.HEIC,ecc6fadb3e034edf4386abcfc6d77eab,2025-10-22 21:58:37,2025-04-06 00:23:18,01_2025Mar香港
IMG_8410.HEIC,e9043a6674fd796c1fd0ae5795395b20,2025-10-22 21:58:37,2025-04-06 00:24:00,01_2025Mar香港
IMG_8411.HEIC,1cf796560ee6bcdcf64125417625bcf4,2025-10-22 21:58:37,2025-04-06 00:24:24,01_2025Mar香港
IMG_8412.HEIC,de4417f4f32ed7872a26768506e243da,2025-10-22 21:58:37,2025-04-06 01:51:10,01_2025Mar香港
IMG_8413.MOV,233aaeaf1edffee3119226ba623034a8,2025-10-22 21:58:37,2025-04-06 01:51:16,01_2025Mar香港
IMG_8414.MOV,e30599256e1c07e4f59b9f76844763f3,2025-10-22 21:58:38,2025-04-06 01:51:34,01_2025Mar香港
IMG_8415.MOV,d027d7334682b82cadc57b21074c931f,2025-10-22 21:58:38,2025-04-06 01:52:14,01_2025Mar香港
IMG_8416.HEIC,509ace14c6574636afbbe1e7f8b7b236,2025-10-22 22:07:29,2025-04-06 05:32:18,Captures
IMG_8417.HEIC,8bf94ff6c07db96a6b4a530620f73590,2025-10-22 22:07:29,2025-04-06 05:32:24,Captures
IMG_8418.HEIC,0bc9ec1befb9f41c882cb1303b06db4f,2025-10-22 22:07:29,2025-04-06 05:32:34,Captures
IMG_8419.HEIC,2ac403ff3d76da8e75befabbe57e3033,2025-10-22 22:07:29,2025-04-06 05:32:38,Captures
IMG_8424.jpg,27891adb1c32277703c1208d98f9faa4,2025-10-22 21:59:31,2025-04-07 01:20:42,05_2025Apr深圳
IMG_8425.PNG,5dd551b27db2df6bc300b43fe1987104,2025-10-22 21:59:31,2025-04-07 04:19:02,05_2025Apr深圳
IMG_8426.HEIC,67b76846f2a7478c7ff340b2af594cbc,2025-10-22 21:59:31,2025-04-07 04:28:08,05_2025Apr深圳
IMG_8427.HEIC,ad6827871715eee593aa369bc47f3ee5,2025-10-22 21:59:31,2025-04-07 04:51:48,05_2025Apr深圳
IMG_8428.HEIC,a7f11ce13ed6cd907d6cc977bb1d3b20,2025-10-22 21:59:31,2025-04-07 04:51:58,05_2025Apr深圳
IMG_8429.jpg,ae85880f5d708d17a084334a0219e5e2,2025-10-22 21:59:31,2025-04-07 06:52:36,05_2025Apr深圳
IMG_8431.HEIC,9e57ae9cc059f845a9c51543635127e2,2025-10-22 21:59:31,2025-04-07 07:28:18,05_2025Apr深圳
IMG_8434.HEIC,6322e71d67208bffef6e2d0a7d2a23dc,2025-10-22 21:59:31,2025-04-07 08:51:50,05_2025Apr深圳
IMG_8435.HEIC,bf4b4cb71ee13809e533fb686bd8bb13,2025-10-22 21:59:31,2025-04-07 08:51:54,05_2025Apr深圳
IMG_8436.HEIC,fb0092785e251593941dbab1903010e2,2025-10-22 21:59:31,2025-04-07 09:08:22,05_2025Apr深圳
IMG_8437.HEIC,ae31a8df7843afaacbd21d5fdab09f81,2025-10-22 21:59:31,2025-04-07 09:13:06,05_2025Apr深圳
IMG_8438.HEIC,65eca61a4c0e8b2653c7b60558488204,2025-10-22 21:59:31,2025-04-07 09:15:06,05_2025Apr深圳
IMG_8440.HEIC,76ae51b741763b2d5eaa16b35f736b8b,2025-10-22 21:59:31,2025-04-07 09:36:10,05_2025Apr深圳
IMG_8441.HEIC,80e615f30ed2b1600d496fb07dcdc47f,2025-10-22 21:59:31,2025-04-07 09:36:52,05_2025Apr深圳
IMG_8442.HEIC,9d86ef8b439067590db7097a92764dae,2025-10-22 21:59:31,2025-04-07 09:36:58,05_2025Apr深圳
IMG_8443.HEIC,0bca48cd484ad4561ab9433451ee068d,2025-10-22 21:59:31,2025-04-07 20:41:54,05_2025Apr深圳
IMG_8446.HEIC,ca1e88dce12fe006a9da8f89175fe465,2025-10-22 21:59:31,2025-04-07 21:51:50,05_2025Apr深圳
IMG_8447.HEIC,76747564b86ca8fff73b457f3f3c0fd9,2025-10-22 21:59:31,2025-04-07 21:52:28,05_2025Apr深圳
IMG_8448.heic,6f2f08fc6145ac0c512911b385066398,2025-10-22 21:59:31,2025-04-07 21:57:48,05_2025Apr深圳
IMG_8449.HEIC,57aa604b9d6af2a2e74f936c1db77dce,2025-10-22 21:59:31,2025-04-07 23:17:10,05_2025Apr深圳
IMG_8450.HEIC,62db1ee04919b2c215b0a9f5450fb388,2025-10-22 21:59:31,2025-04-07 23:18:02,05_2025Apr深圳
IMG_8451.HEIC,e426009647bdb49a357421c1f4c59f83,2025-10-22 21:59:31,2025-04-07 23:18:04,05_2025Apr深圳
IMG_8452.HEIC,3d8d10919350a9b96656ae2728aeaecf,2025-10-22 21:59:31,2025-04-08 02:29:50,05_2025Apr深圳
IMG_8453.HEIC,35dc615c803874d3313e25716c80288a,2025-10-22 21:59:31,2025-04-08 02:35:18,05_2025Apr深圳
IMG_8454.HEIC,543ffe608e50074c0ada428fd44cf9bd,2025-10-22 21:59:31,2025-04-08 02:44:46,05_2025Apr深圳
IMG_8455.HEIC,2850ee8cf3b85dc69411b86dfd12c6ab,2025-10-22 21:59:31,2025-04-08 02:44:46,05_2025Apr深圳
IMG_8456.HEIC,21b00b6a06244432dab9e624f53083cb,2025-10-22 21:59:31,2025-04-08 02:44:48,05_2025Apr深圳
IMG_8457.HEIC,86e01990e462a8c105649d8e9ba58e64,2025-10-22 21:59:31,2025-04-08 02:44:52,05_2025Apr深圳
IMG_8458.HEIC,08b5ec774356296be8aa1d95ca1acbf3,2025-10-22 21:59:31,2025-04-08 03:02:48,05_2025Apr深圳
IMG_8459.HEIC,9ecf9d806ea0e7e092de7d1744a02218,2025-10-22 21:59:31,2025-04-08 03:04:20,05_2025Apr深圳
IMG_8460.mov,6a407debfd28dbc5cc75709ae28cc59d,2025-10-22 21:59:31,2025-04-08 03:27:38,05_2025Apr深圳
IMG_8461.HEIC,70bd628772c71774f276ded6b5cdcc89,2025-10-22 21:59:31,2025-04-08 04:00:50,05_2025Apr深圳
IMG_8463.PNG,7ba527db6188e927d3449b705f55035a,2025-10-22 21:59:31,2025-04-08 05:06:18,05_2025Apr深圳
IMG_8465.HEIC,425aea962c2aea800b894e7419bd3fc0,2025-10-22 21:59:31,2025-04-08 05:10:24,05_2025Apr深圳
IMG_8466.HEIC,71e1629abc1c77bf2a40ae4f90411ac6,2025-10-22 21:59:31,2025-04-08 05:10:30,05_2025Apr深圳
IMG_8467.HEIC,f11853bb99fd5d8ee772e35da34661e2,2025-10-22 21:59:31,2025-04-08 06:12:46,05_2025Apr深圳
IMG_8468.HEIC,4c899c613b8a26ef990c99b62ae067f7,2025-10-22 21:59:31,2025-04-08 06:12:54,05_2025Apr深圳
IMG_8469.HEIC,a520e045bb6f1557ecc5c3b2dfbb6d66,2025-10-22 21:59:31,2025-04-08 06:31:36,05_2025Apr深圳
IMG_8470.HEIC,6a50b553a19159c108146d3a93c37b20,2025-10-22 21:59:31,2025-04-08 06:32:00,05_2025Apr深圳
IMG_8473.HEIC,e59365ecc2d4f8d4f875e50921bdb8d0,2025-10-22 21:59:31,2025-04-08 22:25:10,05_2025Apr深圳
IMG_8475.jpg,22651aa08f66dc1bfe3476d4908e0ee3,2025-10-22 21:59:31,2025-04-08 22:25:24,05_2025Apr深圳
IMG_8476.HEIC,099fc4db993673ce89c4b83e49f72ecd,2025-10-22 21:59:31,2025-04-08 22:26:34,05_2025Apr深圳
IMG_8477.HEIC,74372d597ef65af6b933f6d0db24ee6e,2025-10-22 21:59:31,2025-04-08 22:26:36,05_2025Apr深圳
IMG_8478.jpg,1ca224bd5e6da53d331652e9b4374bbc,2025-10-22 21:59:31,2025-04-08 22:28:04,05_2025Apr深圳
IMG_8479.HEIC,7a3942a876ea2912ca1bf427f587cfe9,2025-10-22 21:59:31,2025-04-08 22:28:10,05_2025Apr深圳
IMG_8480.HEIC,63599315d09c5b8c301d7fdc636bdfde,2025-10-22 21:59:31,2025-04-08 22:28:52,05_2025Apr深圳
IMG_8483.PNG,2cb46b4746adcfdde83ed150fed78329,2025-10-22 21:59:31,2025-04-09 00:00:44,05_2025Apr深圳
IMG_8484.PNG,cb51b09c44706420a4a7f49e6a37af0c,2025-10-22 21:59:31,2025-04-09 00:02:14,05_2025Apr深圳
IMG_8485.PNG,f899c5771d6d21e879b6204d9d6418a7,2025-10-22 21:59:31,2025-04-09 00:06:16,05_2025Apr深圳
IMG_8486.PNG,a162b21eb39a8567d57b2000d203431a,2025-10-22 21:59:31,2025-04-09 00:08:06,05_2025Apr深圳
IMG_8487.PNG,57abbf68ca4f43ffe3e899817d7e006f,2025-10-22 21:59:31,2025-04-09 00:13:18,05_2025Apr深圳
IMG_8488.PNG,0356ee713137cd394a89503639e169e8,2025-10-22 21:59:31,2025-04-09 01:41:02,05_2025Apr深圳
IMG_8489.HEIC,ae7a3373371fb813a096d12610fce351,2025-10-22 21:59:31,2025-04-09 02:09:50,05_2025Apr深圳
IMG_8490.jpg,6a253a0a3de0b6eab7b6a377e15cd8d2,2025-10-22 21:59:31,2025-04-09 05:13:56,05_2025Apr深圳
IMG_8491.jpg,313f13a5628cc0e6b7b0b1e55c2af87e,2025-10-22 21:59:31,2025-04-09 05:14:42,05_2025Apr深圳
IMG_8493.HEIC,cead8f51350c6290c1f0bebace95f9c0,2025-10-22 21:59:31,2025-04-09 21:09:18,05_2025Apr深圳
IMG_8494.HEIC,15e746a495f8c028722c2e5ebc54c772,2025-10-22 21:59:31,2025-04-09 21:09:22,05_2025Apr深圳
IMG_8495.HEIC,e2a181d88cbcdeb2fe2605e0ae7986f4,2025-10-22 21:59:31,2025-04-09 22:54:24,05_2025Apr深圳
IMG_8496.HEIC,67153b8ddb3c9d4b6c9dbe75eb2f220e,2025-10-22 21:59:31,2025-04-09 22:54:46,05_2025Apr深圳
IMG_8497.HEIC,1f4da6c19ca8747fe115a21d4a75d161,2025-10-22 21:59:32,2025-04-09 22:55:02,05_2025Apr深圳
IMG_8498.HEIC,71b63ace8e866cb9fcb9305c50cc131a,2025-10-22 21:59:32,2025-04-09 23:00:20,05_2025Apr深圳
IMG_8499.HEIC,6afdde91ae480a404923cbd48b3066c0,2025-10-22 21:59:32,2025-04-09 23:00:48,05_2025Apr深圳
IMG_8500.heic,5bbe84a539241aea074c413d73d76dbb,2025-10-22 22:00:24,2025-04-10 00:31:16,10_2025Apr東莞
IMG_8501.HEIC,d94dd11276e1353b617230e04c38a988,2025-10-22 22:00:24,2025-04-10 00:39:52,10_2025Apr東莞
IMG_8502.HEIC,b4c0dab1594142c332cc1312a9a0d7a0,2025-10-22 22:00:24,2025-04-10 00:40:06,10_2025Apr東莞
IMG_8505.HEIC,fc69fe053c36fe29fcc4e5d1b4adcc23,2025-10-22 22:00:24,2025-04-10 00:40:40,10_2025Apr東莞
IMG_8506.HEIC,b921a0224171f241d3c32689c8c99ad1,2025-10-22 22:00:24,2025-04-10 00:41:28,10_2025Apr東莞
IMG_8507.HEIC,8868a2327f4eb45d667587803ba7f168,2025-10-22 22:00:24,2025-04-10 00:41:36,10_2025Apr東莞
IMG_8508.HEIC,acc6f224e215e09b65a0650af5bb5f1d,2025-10-22 22:00:24,2025-04-10 00:41:44,10_2025Apr東莞
IMG_8509.HEIC,45c99eda0a9884b922dbcdd4e1a1aca1,2025-10-22 22:00:24,2025-04-10 00:42:30,10_2025Apr東莞
IMG_8510.PNG,a08f3ec84070f13a208a94ae37f822fd,2025-10-22 22:00:24,2025-04-10 01:09:04,10_2025Apr東莞
IMG_8511.jpg,07b58efabea783ad0384d2a3aa1048ee,2025-10-22 22:00:24,2025-04-10 01:09:24,10_2025Apr東莞
IMG_8512.PNG,750d211b73a0b74457cc513fde12e3df,2025-10-22 22:00:24,2025-04-10 01:13:42,10_2025Apr東莞
IMG_8513.jpg,bc1e81809d8152c8d32804b0d8162665,2025-10-22 22:00:24,2025-04-10 01:14:44,10_2025Apr東莞
IMG_8514.PNG,d38b9b1e1e9db5f333b58039b98f92ca,2025-10-22 22:00:24,2025-04-10 01:16:34,10_2025Apr東莞
IMG_8516.PNG,d4de2fe640893d530e6d6ff1cc1ac744,2025-10-22 22:00:24,2025-04-10 01:48:38,10_2025Apr東莞
IMG_8517.PNG,9a915a65dd6183e71a4ac4079976a42c,2025-10-22 22:00:24,2025-04-10 01:49:44,10_2025Apr東莞
IMG_8518.HEIC,0ff9636ed367140e928cb5edd0d9eef2,2025-10-22 22:00:24,2025-04-10 06:26:38,10_2025Apr東莞
IMG_8519.HEIC,d713cf06140a01d88e609b69c60a6846,2025-10-22 22:00:24,2025-04-10 06:26:44,10_2025Apr東莞
IMG_8520.HEIC,85c46d5bd6fb8f2d625654eafb119b51,2025-10-22 22:00:24,2025-04-10 06:28:40,10_2025Apr東莞
IMG_8521.HEIC,7f753dfa6f285c9454570b9afe35cfbf,2025-10-22 22:00:24,2025-04-10 06:29:38,10_2025Apr東莞
IMG_8522.HEIC,d4476432590fe34fb6ec8ce9f526073b,2025-10-22 22:00:24,2025-04-10 06:44:40,10_2025Apr東莞
IMG_8523.heic,bada5de0cbb7d67775bc58f6139ac0d8,2025-10-22 22:00:24,2025-04-10 06:44:48,10_2025Apr東莞
IMG_8524.heic,122e6e9cf56bd4ce0201588d6dc9b930,2025-10-22 22:00:24,2025-04-10 06:44:50,10_2025Apr東莞
IMG_8525.heic,66ec332c550804221c4c6fe59ea0e80a,2025-10-22 22:00:24,2025-04-10 07:12:20,10_2025Apr東莞
IMG_8526.HEIC,58e5565bebdfed51d877ffcc0aa4bd1e,2025-10-22 22:00:24,2025-04-10 07:12:24,10_2025Apr東莞
IMG_8527.HEIC,d3b243f1113f2949b85e9a3826c47e9a,2025-10-22 22:00:24,2025-04-10 07:54:26,10_2025Apr東莞
IMG_8528.HEIC,d16524d9dc77c324371f7d53cc12b774,2025-10-22 22:00:24,2025-04-10 07:54:42,10_2025Apr東莞
IMG_8529.HEIC,76c36dc952f2d649c250045427408f8c,2025-10-22 22:00:24,2025-04-10 08:33:56,10_2025Apr東莞
IMG_8530.HEIC,60b36b07aa597ad86331bbb68f25d984,2025-10-22 22:00:24,2025-04-10 08:38:36,10_2025Apr東莞
IMG_8531.HEIC,d977de93fe14289f4b03e1fc9895dfba,2025-10-22 22:00:24,2025-04-10 08:52:26,10_2025Apr東莞
IMG_8532.HEIC,f22b4083df6f9de1c38f232ae01fe7e7,2025-10-22 22:00:24,2025-04-10 08:52:58,10_2025Apr東莞
IMG_8533.HEIC,049980135908b65d409784fc5e58020d,2025-10-22 22:00:24,2025-04-10 08:53:00,10_2025Apr東莞
IMG_8534.HEIC,5f240af859e01c672aab34b67cb9bc1e,2025-10-22 22:00:24,2025-04-10 08:53:02,10_2025Apr東莞
IMG_8535.HEIC,14546724e67d5710ae7523aaec3dc52f,2025-10-22 22:00:24,2025-04-10 08:53:54,10_2025Apr東莞
IMG_8536.HEIC,4fc3a08fe048cc2494d343584ed2c4c1,2025-10-22 22:00:24,2025-04-10 08:53:56,10_2025Apr東莞
IMG_8537.HEIC,c7949f2e3ca3cc43f02369fb28fee942,2025-10-22 22:00:24,2025-04-10 08:53:58,10_2025Apr東莞
IMG_8538.HEIC,e363ed6cac7eb720fe386367f7a9ff3d,2025-10-22 22:00:25,2025-04-10 08:57:46,10_2025Apr東莞
IMG_8539.HEIC,6f07601f0531f1ba09e2e2542e894786,2025-10-22 22:00:25,2025-04-10 09:03:10,10_2025Apr東莞
IMG_8541.HEIC,c16b37955adc4c452feff54eb6a2d695,2025-10-22 22:00:25,2025-04-10 20:46:54,10_2025Apr東莞
IMG_8542.HEIC,0213cc1f3c9a32b77ef5871bea6f9f37,2025-10-22 22:00:25,2025-04-10 23:09:36,10_2025Apr東莞
IMG_8543.HEIC,4fa5d9287012108542acbd391d8a15bb,2025-10-22 22:00:25,2025-04-10 23:09:48,10_2025Apr東莞
IMG_8544.HEIC,1f30bb476ccf15ac8c122d9c5d702a6d,2025-10-22 22:00:25,2025-04-10 23:18:08,10_2025Apr東莞
IMG_8545.HEIC,617bbe39c12e07a6af70df9d133a2f0e,2025-10-22 22:00:25,2025-04-10 23:18:14,10_2025Apr東莞
IMG_8546.HEIC,c47449453cea63e28103435f809f77f2,2025-10-22 22:00:25,2025-04-11 00:50:28,10_2025Apr東莞
IMG_8547.HEIC,9b8206c36b36aaa2fded20002968a548,2025-10-22 22:00:25,2025-04-11 00:56:02,10_2025Apr東莞
IMG_8548.HEIC,d04718de3d8a6b30fb55f0197dd190f9,2025-10-22 22:00:25,2025-04-11 07:40:04,10_2025Apr東莞
IMG_8549.HEIC,db6cefe7620f824ae4acfc5f5ffdde09,2025-10-22 22:00:25,2025-04-11 07:40:08,10_2025Apr東莞
IMG_8550.HEIC,bf29b11b50f6dc9760d72d1e768fce5c,2025-10-22 22:00:25,2025-04-11 07:40:10,10_2025Apr東莞
IMG_8551.HEIC,e301dd59fa817b7035f19aec7540476f,2025-10-22 22:00:25,2025-04-11 07:40:14,10_2025Apr東莞
IMG_8552.HEIC,fd72e495012ae51c5652cee99f003bd8,2025-10-22 22:00:25,2025-04-11 07:40:18,10_2025Apr東莞
IMG_8553.HEIC,defc4cd860817156d123d1b70159e2b1,2025-10-22 22:00:25,2025-04-11 07:44:46,10_2025Apr東莞
IMG_8554.HEIC,6e6968d2334cb3fa036ab459b9f2bf79,2025-10-22 22:00:25,2025-04-11 07:44:56,10_2025Apr東莞
IMG_8555.HEIC,37fb58d304b0b8ad6c2b6392be42cfc1,2025-10-22 22:00:25,2025-04-11 07:45:18,10_2025Apr東莞
IMG_8556.HEIC,1b504e9e5cd8d8f763fa46a4e16ecf2c,2025-10-22 22:00:25,2025-04-11 07:47:52,10_2025Apr東莞
IMG_8557.HEIC,06ba44896f16f31bd5ffaa127d03d2fe,2025-10-22 22:00:25,2025-04-11 07:48:08,10_2025Apr東莞
IMG_8558.MOV,0562b0ddfb92024165eb45b45c678ff8,2025-10-22 22:00:25,2025-04-11 07:48:42,10_2025Apr東莞
IMG_8559.MOV,12409eeb6b00ccbf0cb83af01bf2e466,2025-10-22 22:00:25,2025-04-11 07:49:48,10_2025Apr東莞
IMG_8560.HEIC,0a146c98517aefe26ffc9c66ff3dd05c,2025-10-22 22:00:25,2025-04-11 08:02:34,10_2025Apr東莞
IMG_8561.HEIC,7d59b0f7f97cdd0b44bc356c8e46d9ec,2025-10-22 22:00:25,2025-04-11 08:02:38,10_2025Apr東莞
IMG_8562.HEIC,c4c2144a4d9ddf82c45deb05e996c98d,2025-10-22 22:00:25,2025-04-11 08:03:02,10_2025Apr東莞
IMG_8563.HEIC,27fd74be80fd20c3ae1e0a2af5417b2c,2025-10-22 22:00:25,2025-04-11 08:31:06,10_2025Apr東莞
IMG_8564.HEIC,1f6527b0de80070039572dc2378cc2b8,2025-10-22 22:00:25,2025-04-11 08:31:22,10_2025Apr東莞
IMG_8565.HEIC,ce9a573750cab2e5f2513a4b7d712ea0,2025-10-22 22:00:25,2025-04-11 08:33:36,10_2025Apr東莞
IMG_8566.HEIC,a426761217dff8930b3f8acc6fa4cbf9,2025-10-22 22:00:25,2025-04-11 19:29:58,10_2025Apr東莞
IMG_8567.HEIC,7fb96f9fa31bf3abf9126a7165ec3923,2025-10-22 22:00:25,2025-04-11 21:06:34,10_2025Apr東莞
IMG_8568.HEIC,e13fc44f964f9c00ff84c8795a32c149,2025-10-22 22:00:25,2025-04-11 21:06:38,10_2025Apr東莞
IMG_8569.HEIC,cea8c8e6c03b2d44e539ac6aa1595e96,2025-10-22 22:00:25,2025-04-11 21:06:54,10_2025Apr東莞
IMG_8570.HEIC,4bc6e12f9c93daa4898e233d6c9b864e,2025-10-22 22:00:25,2025-04-11 21:07:36,10_2025Apr東莞
IMG_8571.HEIC,16a845e6ece150235e7209c3f768b00d,2025-10-22 22:00:25,2025-04-11 21:07:42,10_2025Apr東莞
IMG_8572.HEIC,e610cdbc5bcf7a9dfd0d24af3aaed7ea,2025-10-22 22:00:25,2025-04-11 21:07:48,10_2025Apr東莞
IMG_8573.HEIC,8db2b83db692460109c57be2028d54f8,2025-10-22 22:00:25,2025-04-11 21:19:52,10_2025Apr東莞
IMG_8574.HEIC,722d3005643989680014548bb579f07e,2025-10-22 22:00:25,2025-04-11 21:20:00,10_2025Apr東莞
IMG_8575.JPG,df92c5fff3fc1113996df392787086e2,2025-10-22 22:00:25,2025-04-11 23:32:26,10_2025Apr東莞
IMG_8576.JPG,8dd9ca38c18b1069af940ce8b380f592,2025-10-22 22:00:25,2025-04-11 23:33:12,10_2025Apr東莞
IMG_8577.HEIC,1be9d37b6df26a2727e90c970aff220c,2025-10-22 22:00:25,2025-04-12 00:37:04,10_2025Apr東莞
IMG_8578.HEIC,2653bdbaa0fe6d0ec7e3522c6ab3d6c4,2025-10-22 22:00:25,2025-04-12 02:34:28,10_2025Apr東莞
IMG_8579.HEIC,39303b1b3ff812cbba844d5d3848972f,2025-10-22 22:00:25,2025-04-12 02:34:36,10_2025Apr東莞
IMG_8580.HEIC,767a1730a9e1aea1d65caec473e684a8,2025-10-22 22:00:25,2025-04-12 02:52:16,10_2025Apr東莞
IMG_8581.HEIC,149c466712982110f3a91a0ccb2af6a6,2025-10-22 22:00:25,2025-04-12 02:52:36,10_2025Apr東莞
IMG_8582.HEIC,63e3e90379c6cbe0e495cf6956e03206,2025-10-22 22:00:25,2025-04-12 06:30:52,10_2025Apr東莞
IMG_8583.HEIC,e44e17cbccbb2d5746e0e6c850fcd76d,2025-10-22 22:00:25,2025-04-12 06:31:32,10_2025Apr東莞
IMG_8584.HEIC,860440b1653fa8bcada64e65eab47963,2025-10-22 22:00:25,2025-04-12 06:35:24,10_2025Apr東莞
IMG_8585.HEIC,93ebbc25ec3b6bb07fc89029698ac7c0,2025-10-22 22:00:25,2025-04-12 08:04:14,10_2025Apr東莞
IMG_8586.HEIC,b70ccfb01b9c7cdbf8ae270a5f82cbdd,2025-10-22 22:00:25,2025-04-12 08:04:32,10_2025Apr東莞
IMG_8587.HEIC,563323ef31fcb92291ffdf4c78a8bf21,2025-10-22 22:00:25,2025-04-12 08:04:42,10_2025Apr東莞
IMG_8588.HEIC,581b910ff2c3b4fcba76454ea3e9aaf9,2025-10-22 22:00:25,2025-04-12 08:04:54,10_2025Apr東莞
IMG_8589.HEIC,7ecbf110ea6d4291937a61736cca26ba,2025-10-22 22:00:25,2025-04-12 08:05:04,10_2025Apr東莞
IMG_8590.HEIC,289da0942fe822a8dc9edeeadbfd4908,2025-10-22 22:00:25,2025-04-12 08:05:14,10_2025Apr東莞
IMG_8591.HEIC,fbb87e605dad43ecad6461147c98d06e,2025-10-22 22:00:25,2025-04-12 08:05:22,10_2025Apr東莞
IMG_8592.HEIC,9e86d1471057d3f2521266b07ca5a9b1,2025-10-22 22:00:25,2025-04-12 08:05:54,10_2025Apr東莞
IMG_8593.HEIC,974d8dfa519c4eea04a442858b46e242,2025-10-22 22:00:25,2025-04-12 08:10:18,10_2025Apr東莞
IMG_8594.HEIC,eeead700e1afc7d07985d8a88377c378,2025-10-22 22:00:25,2025-04-12 08:10:26,10_2025Apr東莞
IMG_8595.HEIC,c5d05a06761474464fd6f8355b175c98,2025-10-22 22:00:25,2025-04-12 08:10:28,10_2025Apr東莞
IMG_8596.jpg,81061931ab6851eba86d25f0cb06ed97,2025-10-22 21:57:39,2025-04-12 09:11:46,PengChau
IMG_8600.MOV,38cb718b6149f924b163f1a1668791be,2025-10-22 22:00:25,2025-04-12 20:32:58,10_2025Apr東莞
IMG_8601.HEIC,86acc4743af98ffefd54301369a26ac4,2025-10-22 22:00:32,2025-04-12 20:36:10,15_2025Apr廣州
IMG_8602.HEIC,494d760f291570d7a626aed0ecc26402,2025-10-22 22:00:32,2025-04-12 20:36:14,15_2025Apr廣州
IMG_8603.jpg,c729bc7e2f35031e05dcc99ef266a08b,2025-10-22 22:00:32,2025-04-12 23:49:36,15_2025Apr廣州
IMG_8604.HEIC,863299e5d87525c12869c81be4568e54,2025-10-22 22:00:32,2025-04-13 01:05:36,15_2025Apr廣州
IMG_8605.HEIC,3412b5712de14ebf1c8d239424b3e255,2025-10-22 22:00:32,2025-04-13 02:24:22,15_2025Apr廣州
IMG_8606.HEIC,b621e25c2565c0623dc3d783db07a43b,2025-10-22 22:00:32,2025-04-13 02:24:44,15_2025Apr廣州
IMG_8613.HEIC,d054963973769bd4094ce0d375aaecf9,2025-10-22 22:00:32,2025-04-13 03:15:54,15_2025Apr廣州
IMG_8614.HEIC,6d9b7cca43ebc33770568ec232fa5e3a,2025-10-22 22:00:32,2025-04-13 03:16:28,15_2025Apr廣州
IMG_8615.HEIC,342e187fe16b9dbefbd7f5b3be3a8f8b,2025-10-22 22:00:32,2025-04-13 03:56:00,15_2025Apr廣州
IMG_8616.HEIC,18dafab0d688aa0ffaf76a60e626cac9,2025-10-22 22:00:32,2025-04-13 03:56:02,15_2025Apr廣州
IMG_8617.HEIC,75e49f1008e29701726c91fed355a4f3,2025-10-22 22:00:32,2025-04-13 03:57:44,15_2025Apr廣州
IMG_8618.HEIC,240d9af10e391f117a70f195781bd3ed,2025-10-22 22:00:32,2025-04-13 03:57:48,15_2025Apr廣州
IMG_8619.HEIC,a3d49dab2525567a5ca5b79029f00f55,2025-10-22 22:00:32,2025-04-13 03:57:54,15_2025Apr廣州
IMG_8620.HEIC,65903ecd76a1ebf8c8f8596b0badb0c1,2025-10-22 22:00:32,2025-04-13 03:58:14,15_2025Apr廣州
IMG_8621.PNG,789e46a195a0ddad2b2b66f9d2625a5e,2025-10-22 22:00:32,2025-04-13 04:25:58,15_2025Apr廣州
IMG_8622.PNG,c467d75052994086634b45bb5a27d557,2025-10-22 22:00:32,2025-04-13 04:26:18,15_2025Apr廣州
IMG_8623.heic,9fed956a89083d192bce715817b63870,2025-10-22 22:00:32,2025-04-13 04:32:26,15_2025Apr廣州
IMG_8624.heic,b2d385badb80cb072a7efc3771d8d35a,2025-10-22 22:00:32,2025-04-13 04:36:46,15_2025Apr廣州
IMG_8625.PNG,c647e71f8d85a47edf359700ec5c4440,2025-10-22 22:00:32,2025-04-13 04:57:40,15_2025Apr廣州
IMG_8626.jpg,b20f12a7d7cbb378710548d88b5d56e8,2025-10-22 22:00:32,2025-04-13 05:17:30,15_2025Apr廣州
IMG_8627.jpg,cab6b402f6bf1469251e8b69b4cae5a8,2025-10-22 22:00:32,2025-04-13 05:19:54,15_2025Apr廣州
IMG_8633.HEIC,f7946c0ce53e89546c884bcf4d9fde66,2025-10-22 22:00:32,2025-04-13 06:27:36,15_2025Apr廣州
IMG_8634.HEIC,9977ddd18a0a7be7531e07d67e68fc34,2025-10-22 22:00:32,2025-04-13 06:27:46,15_2025Apr廣州
IMG_8635.HEIC,b08fd008bce2791ab61e4592e538b7bb,2025-10-22 22:00:32,2025-04-13 06:32:56,15_2025Apr廣州
IMG_8636.HEIC,85b93ae90bac41eca3cfec0bc374243c,2025-10-22 22:00:32,2025-04-13 07:16:52,15_2025Apr廣州
IMG_8637.HEIC,7b7ce3d79c485b1e9e0cb24e336cea2f,2025-10-22 22:00:33,2025-04-13 07:16:52,15_2025Apr廣州
IMG_8638.HEIC,af3bdb149381741697b58f892e83c6a2,2025-10-22 22:00:33,2025-04-13 07:26:00,15_2025Apr廣州
IMG_8639.HEIC,bc3f42cd75bbc4ffe1c3405643586737,2025-10-22 22:00:33,2025-04-13 07:26:06,15_2025Apr廣州
IMG_8640.HEIC,3bb1f85420a5532a213baa47f42bebd5,2025-10-22 22:00:33,2025-04-13 07:27:48,15_2025Apr廣州
IMG_8641.HEIC,c70cac9891448ae21f57cf1ae396ab46,2025-10-22 22:00:33,2025-04-13 07:32:28,15_2025Apr廣州
IMG_8642.HEIC,3eeffa5fa9b6be8aa9a250ff5b75ce18,2025-10-22 22:00:33,2025-04-13 07:32:34,15_2025Apr廣州
IMG_8643.MOV,e0c16dbac321a8d8f3de6ec71fe871e5,2025-10-22 22:00:33,2025-04-13 07:34:10,15_2025Apr廣州
IMG_8644.MOV,10f87ae090e2d3c2fe5fb43f3e30c3b5,2025-10-22 22:00:33,2025-04-13 07:34:38,15_2025Apr廣州
IMG_8645.HEIC,0014e1b178599840e5216d0cb9e92e74,2025-10-22 22:00:33,2025-04-13 07:45:50,15_2025Apr廣州
IMG_8646.HEIC,74f59aa8dd3bb7befdef6c501d61b170,2025-10-22 22:00:33,2025-04-13 07:46:00,15_2025Apr廣州
IMG_8647.HEIC,6ee2de972bb4ca0437d00daced7ee5fe,2025-10-22 22:00:33,2025-04-13 07:46:18,15_2025Apr廣州
IMG_8648.HEIC,0c6edd331e558b05bab124e1fdedaf4b,2025-10-22 22:00:33,2025-04-13 07:50:02,15_2025Apr廣州
IMG_8649.HEIC,7efe1b6d189b8f8f3ce63f31948fb2c1,2025-10-22 22:00:33,2025-04-13 07:50:08,15_2025Apr廣州
IMG_8650.HEIC,dc3ce274ac27633cd38763ef7bcf5eac,2025-10-22 22:00:33,2025-04-13 07:50:20,15_2025Apr廣州
IMG_8651.HEIC,ee5bdaed3ddf672f50d46c590bfcd30a,2025-10-22 22:00:33,2025-04-13 07:59:32,15_2025Apr廣州
IMG_8652.MOV,1cb5bf634467591afbb6f6bbd9af6878,2025-10-22 22:00:33,2025-04-13 07:59:36,15_2025Apr廣州
IMG_8653.MOV,0af16e068dd625e06ca1a797f3c180c7,2025-10-22 22:00:33,2025-04-13 08:09:16,15_2025Apr廣州
IMG_8654.PNG,a8c9453c7c7de9fa3c2bef2a0b61078d,2025-10-22 22:00:33,2025-04-13 09:51:58,15_2025Apr廣州
IMG_8655.PNG,1f784a860b83d8ced2b2ddc6b37a955a,2025-10-22 22:00:33,2025-04-13 09:52:14,15_2025Apr廣州
IMG_8656.HEIC,33d6c73f09b1cd029903a6633c6e90fa,2025-10-22 22:00:33,2025-04-13 10:27:58,15_2025Apr廣州
IMG_8657.HEIC,d21c06f2e3ced015f37f75e27a119461,2025-10-22 22:00:33,2025-04-13 19:02:12,15_2025Apr廣州
IMG_8658.HEIC,0cb7d0896ec4b3ff04aa383a6e8242eb,2025-10-22 22:00:33,2025-04-13 19:02:16,15_2025Apr廣州
IMG_8659.HEIC,e7ab0778dfdffc94b45cce3b27ee9283,2025-10-22 22:00:33,2025-04-13 19:03:42,15_2025Apr廣州
IMG_8660.HEIC,587f99b7689b6146900c3ab7fe13267b,2025-10-22 22:00:33,2025-04-13 19:03:46,15_2025Apr廣州
IMG_8661.HEIC,c2751a68db80e2c4863c6a0f69beb0c7,2025-10-22 22:00:33,2025-04-13 19:09:58,15_2025Apr廣州
IMG_8662.HEIC,62699fc28631f4be4a0a72157fc2158f,2025-10-22 22:00:33,2025-04-13 19:10:02,15_2025Apr廣州
IMG_8663.HEIC,4fa1aea8fe1a1614062f899c0e9e5967,2025-10-22 22:00:33,2025-04-13 19:12:02,15_2025Apr廣州
IMG_8664.HEIC,5258e61a90731a50776c182f452611d1,2025-10-22 22:00:33,2025-04-13 19:12:22,15_2025Apr廣州
IMG_8665.HEIC,d5a249035fd3fb6176ad476090516cd7,2025-10-22 22:00:33,2025-04-13 19:17:54,15_2025Apr廣州
IMG_8666.HEIC,4a5b473c9eda051f651f71015eff6ef1,2025-10-22 22:00:33,2025-04-13 19:18:18,15_2025Apr廣州
IMG_8667.HEIC,9be2f8680820bcc464cb0aee7c768a82,2025-10-22 22:00:33,2025-04-13 19:18:42,15_2025Apr廣州
IMG_8668.HEIC,fc842298d6ae47f52602c727619b24da,2025-10-22 22:00:33,2025-04-13 19:20:14,15_2025Apr廣州
IMG_8669.HEIC,5aa517d517d4774883479e8b5ed4d0d1,2025-10-22 22:00:33,2025-04-13 19:21:16,15_2025Apr廣州
IMG_8670.HEIC,1879b75cf8ea11c58501820c13ff39b3,2025-10-22 22:00:33,2025-04-13 19:23:18,15_2025Apr廣州
IMG_8671.HEIC,3474777a95c756b87fa88fcbd037f76f,2025-10-22 22:00:33,2025-04-13 20:12:04,15_2025Apr廣州
IMG_8672.HEIC,e72236101867b536fe06f4e50702aa4a,2025-10-22 22:00:33,2025-04-13 20:13:44,15_2025Apr廣州
IMG_8673.HEIC,566f2497210ca3838699acc56176740f,2025-10-22 22:00:33,2025-04-13 20:13:46,15_2025Apr廣州
IMG_8674.HEIC,05673884e10400f6185fbd604e2aa998,2025-10-22 22:00:33,2025-04-13 20:14:02,15_2025Apr廣州
IMG_8675.HEIC,107eccb50a3c397ad000164078812214,2025-10-22 22:00:33,2025-04-13 20:15:58,15_2025Apr廣州
IMG_8676.HEIC,504c16b7e7d6f129eb08c9955b33d212,2025-10-22 22:00:33,2025-04-13 20:16:06,15_2025Apr廣州
IMG_8677.HEIC,7cbce48eeedde20c550bc857498fc852,2025-10-22 22:00:33,2025-04-13 20:16:20,15_2025Apr廣州
IMG_8678.PNG,2eb733a420eb921dd939bda5fc71e67e,2025-10-22 22:00:33,2025-04-13 20:21:24,15_2025Apr廣州
IMG_8679.PNG,4238b14cfa78405f4aeddd5ab4282095,2025-10-22 22:00:33,2025-04-13 20:21:36,15_2025Apr廣州
IMG_8680.HEIC,d949f9a742223dfdf0a6515b7fb518b6,2025-10-22 22:00:33,2025-04-13 20:25:20,15_2025Apr廣州
IMG_8682.MOV,37fe80655d1f4669841b68245583966f,2025-10-22 22:00:33,2025-04-13 20:35:54,15_2025Apr廣州
IMG_8683.MOV,843189318e6626b7cb3b41b639a3fbaa,2025-10-22 22:00:33,2025-04-13 20:36:40,15_2025Apr廣州
IMG_8684.heic,c434829e4e03fb88653d4eb0ddcaec28,2025-10-22 22:00:33,2025-04-13 20:37:58,15_2025Apr廣州
IMG_8686.heic,4ee1d30a837f055749fa95d67c73bd0b,2025-10-22 22:00:33,2025-04-13 20:40:04,15_2025Apr廣州
IMG_8687.PNG,a91140ade9c988eb4a7239b0e3de139a,2025-10-22 22:00:33,2025-04-13 20:54:20,15_2025Apr廣州
IMG_8688.PNG,6c04306c4f4e5789aab513bd1d5d63e8,2025-10-22 22:00:33,2025-04-13 20:55:04,15_2025Apr廣州
IMG_8690.jpg,be74857b7afcdb85314ccca069561578,2025-10-22 22:00:33,2025-04-13 21:27:44,15_2025Apr廣州
IMG_8691.PNG,cda45cc720dc0dae5f02f3041a396142,2025-10-22 22:00:33,2025-04-13 21:35:48,15_2025Apr廣州
IMG_8692.PNG,11e1bd701ea911a3d5f03fe411a03a1a,2025-10-22 22:00:33,2025-04-13 21:35:56,15_2025Apr廣州
IMG_8693.HEIC,88e571f8ca162fdbf61f1165c46ea68d,2025-10-22 22:00:33,2025-04-13 21:39:10,15_2025Apr廣州
IMG_8694.HEIC,8adcbf1ef4b8d89901e5a43af14b0add,2025-10-22 22:00:33,2025-04-13 21:39:52,15_2025Apr廣州
IMG_8695.HEIC,0ba4390539b28fdbb4448e5e06ebce25,2025-10-22 22:00:33,2025-04-13 21:39:54,15_2025Apr廣州
IMG_8696.HEIC,df4cd583373607295d89c09ef7888340,2025-10-22 22:00:33,2025-04-13 22:49:00,15_2025Apr廣州
IMG_8697.HEIC,2c82d9b306f728d1f23d06893fd87a8e,2025-10-22 22:00:33,2025-04-13 22:49:04,15_2025Apr廣州
IMG_8698.HEIC,d4bc229f98b8079e3c222b6070de2075,2025-10-22 22:00:33,2025-04-13 22:49:16,15_2025Apr廣州
IMG_8699.HEIC,fcc1ed7fd3b0bfc4f49fa433ec81e99f,2025-10-22 22:00:33,2025-04-13 22:49:20,15_2025Apr廣州
IMG_8700.HEIC,18274eb1b68ac36d40365390a114eb3a,2025-10-22 22:00:33,2025-04-13 22:49:36,15_2025Apr廣州
IMG_8701.PNG,137129f32b39c30aace9f383d66f671b,2025-10-22 22:07:29,2025-04-13 22:55:46,HK_Friends
IMG_8702.MOV,388d44ce6449c4b70f19ed068a953556,2025-10-22 22:00:33,2025-04-13 23:31:34,15_2025Apr廣州
IMG_8703.HEIC,d3e6653a7e559580e070b6902dbc68ee,2025-10-22 22:01:07,2025-04-13 23:43:10,20_2025Apr上海
IMG_8704.MOV,d0a2a110832ecf2944bc4a898588c57d,2025-10-22 22:01:07,2025-04-14 00:09:42,20_2025Apr上海
IMG_8706.HEIC,b02214d02d1e808b6bf7a58bd3a5dd36,2025-10-22 22:01:07,2025-04-14 04:29:36,20_2025Apr上海
IMG_8707.JPG,da99776c4707ac77daf9672a2952e5b6,2025-10-22 22:01:07,2025-04-14 04:44:02,20_2025Apr上海
IMG_8708.JPG,78329cb3c6eec305856dbc3797cbd5ac,2025-10-22 22:01:07,2025-04-14 04:44:16,20_2025Apr上海
IMG_8709.JPG,c016be81f4c6f5177bed9b639e4c4c2a,2025-10-22 22:01:07,2025-04-14 04:45:32,20_2025Apr上海
IMG_8710.HEIC,baceb5b103d1acb2b6980666860f4585,2025-10-22 22:01:07,2025-04-14 04:47:26,20_2025Apr上海
IMG_8711.HEIC,d838129e434830be4fccac1f29bbdd0e,2025-10-22 22:01:07,2025-04-14 04:47:38,20_2025Apr上海
IMG_8712.HEIC,f7307272e62d16c53bc0ae2a0fcc5ff1,2025-10-22 22:01:07,2025-04-14 04:47:50,20_2025Apr上海
IMG_8713.HEIC,5cf3956e4cb7a32857fe175cd0e495f1,2025-10-22 22:01:07,2025-04-14 04:48:22,20_2025Apr上海
IMG_8714.HEIC,ee93c943a7834a5ddf3b1322e4bb90c5,2025-10-22 22:01:07,2025-04-14 04:48:24,20_2025Apr上海
IMG_8715.HEIC,424669838950787a45da8299d89a0185,2025-10-22 22:01:07,2025-04-14 04:49:14,20_2025Apr上海
IMG_8716.HEIC,dce38f327abb1191e6856e01bd1f15af,2025-10-22 22:01:07,2025-04-14 05:16:18,20_2025Apr上海
IMG_8717.HEIC,f83b6617e9cb14ba57592c5773f466f2,2025-10-22 22:01:07,2025-04-14 05:50:18,20_2025Apr上海
IMG_8718.HEIC,1b73c61d707ad9f4b692f485aa479d05,2025-10-22 22:01:07,2025-04-14 05:50:24,20_2025Apr上海
IMG_8719.HEIC,5765f35d9586780db703970ba17a6a6c,2025-10-22 22:01:07,2025-04-14 05:50:26,20_2025Apr上海
IMG_8720.HEIC,5e395e33a6937a7ed5b08a55cdfa6ee6,2025-10-22 22:01:07,2025-04-14 05:50:40,20_2025Apr上海
IMG_8721.HEIC,c8e4cb7b76ae704ea39a87f64c6f9352,2025-10-22 22:01:07,2025-04-14 05:50:48,20_2025Apr上海
IMG_8722.HEIC,d5ac85f849be29cd3b705ec3a9fb6586,2025-10-22 22:01:07,2025-04-14 06:12:06,20_2025Apr上海
IMG_8723.HEIC,9d6b2d470a824d81d744fdd979c37548,2025-10-22 22:01:07,2025-04-14 06:12:14,20_2025Apr上海
IMG_8724.HEIC,23603cb757e00a582b641f5b49d519e4,2025-10-22 22:01:07,2025-04-14 06:12:38,20_2025Apr上海
IMG_8725.HEIC,37c42df552335d08c87f0b9e5cfaa844,2025-10-22 22:01:07,2025-04-14 06:12:52,20_2025Apr上海
IMG_8726.HEIC,603fe55bb838154df8be2881f5df58fe,2025-10-22 22:01:07,2025-04-14 06:13:54,20_2025Apr上海
IMG_8727.HEIC,dda9271af9306bc295d4d67e12d47eae,2025-10-22 22:01:07,2025-04-14 06:13:54,20_2025Apr上海
IMG_8728.HEIC,5b960b9647a9a2580a2cd8a7c30e3048,2025-10-22 22:01:07,2025-04-14 06:14:00,20_2025Apr上海
IMG_8729.HEIC,e0b020682bd13d4ed0e832b136c5bb26,2025-10-22 22:01:07,2025-04-14 06:15:38,20_2025Apr上海
IMG_8730.HEIC,3c9d8093afb2df13a30ddc821c4dd824,2025-10-22 22:01:07,2025-04-14 06:32:04,20_2025Apr上海
IMG_8731.HEIC,2825949e1efb62d3d14229719d3a008f,2025-10-22 22:01:07,2025-04-14 07:09:00,20_2025Apr上海
IMG_8732.HEIC,3831ebd6329e5f65ab689f1508073a50,2025-10-22 22:01:07,2025-04-14 19:04:02,20_2025Apr上海
IMG_8733.HEIC,dab8d94417e50f260a7a5a5845d54df0,2025-10-22 22:01:07,2025-04-14 19:04:12,20_2025Apr上海
IMG_8734.HEIC,6b8ecae6f92476029cb473dae5309395,2025-10-22 22:01:07,2025-04-14 19:04:16,20_2025Apr上海
IMG_8735.HEIC,471938f45b7191696d08b823a17dd5e0,2025-10-22 22:01:07,2025-04-14 19:04:30,20_2025Apr上海
IMG_8736.HEIC,181f57a863f68b642472953fa4df3560,2025-10-22 22:01:07,2025-04-14 19:04:38,20_2025Apr上海
IMG_8737.HEIC,1d96bf45ff1a7913181d82bd4d812227,2025-10-22 22:01:07,2025-04-14 19:04:52,20_2025Apr上海
IMG_8738.HEIC,4f312a1016d2aaf9c9f95a65c4bb3030,2025-10-22 22:01:07,2025-04-14 19:05:02,20_2025Apr上海
IMG_8739.HEIC,3ef2f4786c62ac71732034952105b1d2,2025-10-22 22:01:07,2025-04-14 19:05:10,20_2025Apr上海
IMG_8740.HEIC,c08ceeaa4d00b71150de48c1c2e2ab9b,2025-10-22 22:01:07,2025-04-14 19:05:32,20_2025Apr上海
IMG_8741.HEIC,de4a298499f923d472c84ff91028a26e,2025-10-22 22:01:07,2025-04-14 19:06:22,20_2025Apr上海
IMG_8742.HEIC,573424f0ceb4e633f64bf74f536c5daa,2025-10-22 22:01:07,2025-04-14 19:06:48,20_2025Apr上海
IMG_8744.HEIC,be2430e0d2b35c9475a88deb6d131cbd,2025-10-22 22:01:07,2025-04-14 19:33:08,20_2025Apr上海
IMG_8745.HEIC,b258e8c9234a04cd3f1a18a33cb42996,2025-10-22 22:01:07,2025-04-14 19:33:50,20_2025Apr上海
IMG_8746.HEIC,3077a6b648f7b683d4b6a99767d76a5c,2025-10-22 22:01:07,2025-04-14 19:35:40,20_2025Apr上海
IMG_8747.HEIC,e7369cd0fc4d56d97a98997a3273b25a,2025-10-22 22:01:07,2025-04-14 19:35:50,20_2025Apr上海
IMG_8748.HEIC,a1ba370c4756d1db94126a336d6242c2,2025-10-22 22:01:07,2025-04-14 19:37:50,20_2025Apr上海
IMG_8749.HEIC,2ad29ebbdfd078107d4d31cffff59baa,2025-10-22 22:01:07,2025-04-14 19:38:12,20_2025Apr上海
IMG_8750.HEIC,23af8fa1d2d08eb6f5d64dbb31fa31c7,2025-10-22 22:01:08,2025-04-14 19:44:18,20_2025Apr上海
IMG_8751.HEIC,e7022692e4aede6df6c7d85490497cf6,2025-10-22 22:01:08,2025-04-14 19:44:26,20_2025Apr上海
IMG_8752.HEIC,536dbee2f017ff292b6ed9d2125dff81,2025-10-22 22:01:08,2025-04-14 19:45:08,20_2025Apr上海
IMG_8753.HEIC,585be404ca083fbbc3fbe780a607b4e9,2025-10-22 22:01:08,2025-04-14 19:45:42,20_2025Apr上海
IMG_8754.HEIC,b310b0cca7bbea3018ee58e5e5a51453,2025-10-22 22:01:08,2025-04-14 19:46:28,20_2025Apr上海
IMG_8755.HEIC,3615415c63b0dd877b6dd589369bfcb9,2025-10-22 22:01:08,2025-04-14 19:46:36,20_2025Apr上海
IMG_8756.HEIC,09faf05a9a7f0a5cdf9158e5b13976bd,2025-10-22 22:01:08,2025-04-14 20:19:54,20_2025Apr上海
IMG_8757.HEIC,68976533b9038f6012a3121473cf6024,2025-10-22 22:01:08,2025-04-14 20:19:58,20_2025Apr上海
IMG_8758.PNG,00017c0b1c2782ce9fc1dd8743284779,2025-10-22 22:01:08,2025-04-14 20:26:38,20_2025Apr上海
IMG_8759.HEIC,b22936c679b3db6b07c4b6c9ea0ea0cc,2025-10-22 22:01:08,2025-04-14 20:52:50,20_2025Apr上海
IMG_8760.HEIC,9dafefdb5d2252ff009c80218e23a740,2025-10-22 22:01:08,2025-04-14 20:52:58,20_2025Apr上海
IMG_8761.jpg,a215a21e833991de91825d993ad34703,2025-10-22 22:01:08,2025-04-14 21:32:32,20_2025Apr上海
IMG_8762.MOV,d4ef253d7356763426cb7e0e55eb914f,2025-10-22 22:01:08,2025-04-14 22:04:06,20_2025Apr上海
IMG_8763.HEIC,9a6e357338536cdd3a451bba015cec1d,2025-10-22 22:01:08,2025-04-14 22:06:36,20_2025Apr上海
IMG_8764.HEIC,2c76ae5ee5e43c3fac620de6422d55b9,2025-10-22 22:01:08,2025-04-14 22:07:42,20_2025Apr上海
IMG_8765.HEIC,1a4288c396ddc1bc1f8807500d9e6b71,2025-10-22 22:01:08,2025-04-14 22:09:18,20_2025Apr上海
IMG_8766.HEIC,6193f2568b7e8e9a4cbc49d1011d9cd0,2025-10-22 22:01:08,2025-04-14 22:09:36,20_2025Apr上海
IMG_8767.HEIC,846c0daa0a057b319a06746fbfe58b6b,2025-10-22 22:01:08,2025-04-14 22:20:38,20_2025Apr上海
IMG_8768.HEIC,9a3b92596adaf217d08b8ed7bdbbe4ed,2025-10-22 22:01:08,2025-04-14 22:20:40,20_2025Apr上海
IMG_8769.HEIC,a52190d05568217cca5e9a5a151ae8c3,2025-10-22 22:01:08,2025-04-14 22:20:46,20_2025Apr上海
IMG_8770.HEIC,615cbaf9d5ec60a95b6c98815d173649,2025-10-22 22:01:08,2025-04-14 22:20:54,20_2025Apr上海
IMG_8772.HEIC,7ecae5f52959621c6b3f20f2eef6692d,2025-10-22 22:01:08,2025-04-14 22:56:34,20_2025Apr上海
IMG_8775.HEIC,c4d32a6911901e7be9a229ea44baaec0,2025-10-22 22:01:08,2025-04-14 22:58:18,20_2025Apr上海
IMG_8778.HEIC,2e65fcfb12f27f917df6f2540975f608,2025-10-22 22:01:08,2025-04-14 22:59:38,20_2025Apr上海
IMG_8779.HEIC,ba1574fbf837cc750db5ea90aab7982b,2025-10-22 22:01:08,2025-04-14 23:01:20,20_2025Apr上海
IMG_8780.HEIC,367fe3c50c0592f02a2a5ed6c3a33eef,2025-10-22 22:01:08,2025-04-14 23:01:28,20_2025Apr上海
IMG_8781.HEIC,c82ad2459452b0fdef0228fd59a0d1b6,2025-10-22 22:01:08,2025-04-14 23:03:38,20_2025Apr上海
IMG_8782.HEIC,77645e516157aca288b9673348a46aad,2025-10-22 22:01:08,2025-04-14 23:03:48,20_2025Apr上海
IMG_8783.HEIC,9c72f5e6279a069f352a5ac33d6d4f17,2025-10-22 22:01:08,2025-04-14 23:46:04,20_2025Apr上海
IMG_8784.HEIC,b70231a716b101f5dcdaa59202c82362,2025-10-22 22:01:08,2025-04-14 23:46:12,20_2025Apr上海
IMG_8785.jpg,7b67b16a2563d6587fa5699e419385d1,2025-10-22 22:01:08,2025-04-15 00:13:46,20_2025Apr上海
IMG_8786.JPG,a1e6e6eb0e5556af83dc29917f92852f,2025-10-22 22:01:51,2025-04-15 00:42:06,25_2025Apr上海
IMG_8787.JPG,0b3db6049298cdc42e0197455b0e47ce,2025-10-22 22:01:51,2025-04-15 00:43:06,25_2025Apr上海
IMG_8788.HEIC,8ac7dd366ba7ef583f4e56e26df99350,2025-10-22 22:01:51,2025-04-15 02:18:12,25_2025Apr上海
IMG_8789.HEIC,ca67f2be96618726e7d7d8a9a40e491e,2025-10-22 22:01:51,2025-04-15 03:24:22,25_2025Apr上海
IMG_8790.HEIC,33147d9d1f00daf72b0ccc4d77f7cabf,2025-10-22 22:01:51,2025-04-15 06:42:00,25_2025Apr上海
IMG_8791.HEIC,d93a2d106edf932fb2cf380b7c95282d,2025-10-22 22:01:51,2025-04-15 07:55:28,25_2025Apr上海
IMG_8792.HEIC,86d9af86351c277526801e7490e36155,2025-10-22 22:01:51,2025-04-15 07:55:34,25_2025Apr上海
IMG_8793.HEIC,f44e64f90a9fec5ac795c6e9e6526ee5,2025-10-22 22:01:51,2025-04-15 08:14:04,25_2025Apr上海
IMG_8794.PNG,3ece60b8a0fd68f8b0dd43109d90b7e5,2025-10-22 22:01:51,2025-04-15 08:33:18,25_2025Apr上海
IMG_8795.PNG,41afee4cef5a2b3c56c6041f0c75e4b1,2025-10-22 22:01:51,2025-04-15 08:55:36,25_2025Apr上海
IMG_8796.PNG,5771d555bb7abe4f6a4360e6cdf36e15,2025-10-22 22:01:51,2025-04-15 09:00:54,25_2025Apr上海
IMG_8797.PNG,b1c2d8cddaefc72dae75ea757765d7b9,2025-10-22 22:01:51,2025-04-15 09:01:00,25_2025Apr上海
IMG_8798.HEIC,c7ac3e5df42eb3be35ca931378a17eb9,2025-10-22 22:01:51,2025-04-15 20:18:28,25_2025Apr上海
IMG_8799.HEIC,6df4745980bde07a3958059e66e0528e,2025-10-22 22:01:51,2025-04-15 22:27:58,25_2025Apr上海
IMG_8800.HEIC,6a9de13444dbc1d015dabadc71943873,2025-10-22 22:01:51,2025-04-15 22:28:14,25_2025Apr上海
IMG_8801.HEIC,b0fc823bc20ce8bb6af9f903b804ae9c,2025-10-22 22:01:51,2025-04-15 22:28:24,25_2025Apr上海
IMG_8802.HEIC,c3a1a48fe1ae673e036d902e603671c9,2025-10-22 22:01:51,2025-04-15 22:32:28,25_2025Apr上海
IMG_8803.HEIC,160056b93ae5a8e3dfbcd381b3ca2480,2025-10-22 22:01:51,2025-04-15 22:33:34,25_2025Apr上海
IMG_8804.HEIC,47ba6bd9f08307b51770c1bb0d53af60,2025-10-22 22:01:51,2025-04-15 22:39:10,25_2025Apr上海
IMG_8805.HEIC,5eb42549b6698682b7f286df47e0e933,2025-10-22 22:01:51,2025-04-15 23:13:28,25_2025Apr上海
IMG_8806.HEIC,bc829f2af43a83db1b5463549380dc02,2025-10-22 22:01:51,2025-04-15 23:16:04,25_2025Apr上海
IMG_8807.HEIC,8cfc7610867e903c9bc7947a112066da,2025-10-22 22:01:51,2025-04-15 23:16:12,25_2025Apr上海
IMG_8808.HEIC,348d836da3a22381158058cac1364b71,2025-10-22 22:01:51,2025-04-15 23:35:12,25_2025Apr上海
IMG_8809.HEIC,83367048939cfbad745ebb880cc580fb,2025-10-22 22:01:51,2025-04-15 23:35:14,25_2025Apr上海
IMG_8810.HEIC,d3df69d8fe3d3a815e60f178638a356c,2025-10-22 22:01:51,2025-04-15 23:35:28,25_2025Apr上海
IMG_8811.HEIC,19cabc74d08911949af10cbfff2f028e,2025-10-22 22:01:51,2025-04-15 23:53:34,25_2025Apr上海
IMG_8812.HEIC,f65811201c3a426c1646228157217563,2025-10-22 22:01:51,2025-04-15 23:53:36,25_2025Apr上海
IMG_8813.HEIC,355ad9f7e44d4d43a9d278ac57cf0baf,2025-10-22 22:01:51,2025-04-16 00:02:16,25_2025Apr上海
IMG_8814.HEIC,a4d93f0e23351ec13107f0ec2edf75fa,2025-10-22 22:01:51,2025-04-16 00:04:14,25_2025Apr上海
IMG_8815.HEIC,7faba3c1257967d61469c84ce2022a74,2025-10-22 22:01:51,2025-04-16 00:04:28,25_2025Apr上海
IMG_8816.HEIC,786c4cc524ac6ad3dcc1d37e5d0761eb,2025-10-22 22:01:51,2025-04-16 00:09:12,25_2025Apr上海
IMG_8817.HEIC,c11ea2d0426e5134a0092ccc50803181,2025-10-22 22:01:51,2025-04-16 00:09:18,25_2025Apr上海
IMG_8818.HEIC,cafd29fbe3eeeb1644e85e4526378054,2025-10-22 22:01:51,2025-04-16 00:10:24,25_2025Apr上海
IMG_8819.HEIC,272e5408ffa9d1e0b766c4cb53490c45,2025-10-22 22:01:51,2025-04-16 00:10:30,25_2025Apr上海
IMG_8820.HEIC,e8dd71af00778d4aad18010b9b7c1b8e,2025-10-22 22:01:51,2025-04-16 00:14:34,25_2025Apr上海
IMG_8821.HEIC,fae8c3dbe1ff50cd3f8935acdc5a816d,2025-10-22 22:01:51,2025-04-16 00:14:40,25_2025Apr上海
IMG_8822.HEIC,72695d2f07fb0358ddf52bf0357d5627,2025-10-22 22:01:51,2025-04-16 00:21:42,25_2025Apr上海
IMG_8823.HEIC,6b94b93766631a1cf2a4c02069ffcb8a,2025-10-22 22:01:51,2025-04-16 00:23:52,25_2025Apr上海
IMG_8824.HEIC,055fb4795e249490cb079f27521df722,2025-10-22 22:01:51,2025-04-16 01:14:22,25_2025Apr上海
IMG_8825.HEIC,dc0a98eec29fe2701e16cbd4033ecb8d,2025-10-22 22:01:51,2025-04-16 03:07:10,25_2025Apr上海
IMG_8826.HEIC,e1a85fb6bca984db9b25153361345d3a,2025-10-22 22:01:51,2025-04-16 03:07:28,25_2025Apr上海
IMG_8827.HEIC,fdfea83d2856a9a879a774518318dc34,2025-10-22 22:01:51,2025-04-16 03:07:42,25_2025Apr上海
IMG_8828.HEIC,0ca65d499c67c71d65151fea09d1bd96,2025-10-22 22:01:51,2025-04-16 04:12:16,25_2025Apr上海
IMG_8829.HEIC,6462ac918db740b237674bc291754f96,2025-10-22 22:01:51,2025-04-16 04:12:38,25_2025Apr上海
IMG_8830.HEIC,95b8ec34811b49b1f06d8467ee187baa,2025-10-22 22:01:51,2025-04-16 04:17:16,25_2025Apr上海
IMG_8831.HEIC,a02af773506f617a318db189fde54ccd,2025-10-22 22:01:51,2025-04-16 04:17:22,25_2025Apr上海
IMG_8832.HEIC,45303b879459f47ae5eda7523f41f5fc,2025-10-22 22:01:51,2025-04-16 04:17:48,25_2025Apr上海
IMG_8833.MOV,e613b8ab2e9dae2e09e23e30ba3cdd45,2025-10-22 22:01:51,2025-04-16 05:05:46,25_2025Apr上海
IMG_8834.HEIC,87ba845a44677d28ca1bb599035a744d,2025-10-22 22:01:51,2025-04-16 05:05:50,25_2025Apr上海
IMG_8835.HEIC,05a59fb5903d6223c60c86b3ca80910f,2025-10-22 22:01:51,2025-04-16 05:06:00,25_2025Apr上海
IMG_8836.HEIC,ead1439eadfd8b4fbc2c6dfd73eb5b6c,2025-10-22 22:01:51,2025-04-16 05:07:02,25_2025Apr上海
IMG_8837.HEIC,f58b74df3f37c5775943e1f6dcf2f042,2025-10-22 22:01:51,2025-04-16 05:07:38,25_2025Apr上海
IMG_8838.HEIC,e4d95827afb26607cabdfadfc2326204,2025-10-22 22:01:51,2025-04-16 05:09:00,25_2025Apr上海
IMG_8839.HEIC,345c8996ea11cfd8a0a7fa7ece4219a6,2025-10-22 22:01:51,2025-04-16 05:09:08,25_2025Apr上海
IMG_8840.HEIC,771e1962c7d8a3be91b43fcb06a9a3e1,2025-10-22 22:01:51,2025-04-16 05:09:14,25_2025Apr上海
IMG_8841.HEIC,9babf2c4f6ebe14e261592b4a6c747eb,2025-10-22 22:01:51,2025-04-16 06:35:12,25_2025Apr上海
IMG_8842.HEIC,cf80aa4fce5be870ea6fd3f1aecf0b1b,2025-10-22 22:01:51,2025-04-16 07:35:28,25_2025Apr上海
IMG_8843.HEIC,b932d934c4b137b0d7b647d811ee852a,2025-10-22 22:01:51,2025-04-16 07:35:34,25_2025Apr上海
IMG_8844.HEIC,863a53442ea6b80b1dc7fbe4fd440bd3,2025-10-22 22:01:51,2025-04-16 07:35:38,25_2025Apr上海
IMG_8845.HEIC,fe3a8d645567249e4b9e0ef38755e852,2025-10-22 22:01:51,2025-04-16 07:44:42,25_2025Apr上海
IMG_8846.HEIC,1367a71a965e7326237bd35ca519ac1a,2025-10-22 22:01:51,2025-04-16 07:44:50,25_2025Apr上海
IMG_8847.HEIC,3d0ffeb6d2b2a98710263e62aa5cbc09,2025-10-22 22:01:51,2025-04-16 07:44:52,25_2025Apr上海
IMG_8848.HEIC,cf1a8488c110d30e9df1934e5c721f13,2025-10-22 22:01:51,2025-04-16 08:10:02,25_2025Apr上海
IMG_8849.HEIC,54c718c05f2a0d29e4739d31d24176d3,2025-10-22 22:01:51,2025-04-16 08:12:36,25_2025Apr上海
IMG_8850.HEIC,6a17e9d051b3fb7b5a32d84b17de5158,2025-10-22 22:01:51,2025-04-16 08:18:02,25_2025Apr上海
IMG_8851.HEIC,7998f1d6997191ea7c48b3ee8d0822c7,2025-10-22 22:01:51,2025-04-16 08:44:04,25_2025Apr上海
IMG_8852.HEIC,8a4d3459fef89027691023cc47bd5c02,2025-10-22 22:01:51,2025-04-16 08:44:18,25_2025Apr上海
IMG_8853.HEIC,9c76687ea339bcf797e0033724ca40fd,2025-10-22 22:01:51,2025-04-16 08:50:02,25_2025Apr上海
IMG_8854.HEIC,6a5d1efa99660939b5019f6d3da70ec2,2025-10-22 22:01:51,2025-04-16 09:01:10,25_2025Apr上海
IMG_8855.HEIC,8a97c7b2657fc0756ab8c350422344aa,2025-10-22 22:01:51,2025-04-16 09:14:54,25_2025Apr上海
IMG_8856.HEIC,f80af3065626dff4a9eade879618a597,2025-10-22 22:01:51,2025-04-16 09:22:40,25_2025Apr上海
IMG_8857.heic,bb82ed2191f5f5f4dc06906690ffa975,2025-10-22 22:01:51,2025-04-16 20:31:38,25_2025Apr上海
IMG_8858.HEIC,ac004caca99bf6b088c192726a482fef,2025-10-22 22:01:51,2025-04-16 20:56:54,25_2025Apr上海
IMG_8859.PNG,1a475198c6bc58b728792f3f349e50ae,2025-10-22 22:01:52,2025-04-16 20:58:12,25_2025Apr上海
IMG_8860.PNG,9c77711d9e3874339deb62ea81a2a0ab,2025-10-22 22:01:52,2025-04-16 20:58:18,25_2025Apr上海
IMG_8861.heic,c2b49ab58133031b66d469b761e8200e,2025-10-22 22:01:52,2025-04-16 21:37:20,25_2025Apr上海
IMG_8862.jpg,29ff6c56db2a36701224db0d66dbaa2c,2025-10-22 22:01:52,2025-04-16 22:45:48,25_2025Apr上海
IMG_8863.jpg,9ddaac5145002438e4fef38e9bd9dc18,2025-10-22 22:01:52,2025-04-16 22:46:16,25_2025Apr上海
IMG_8864.jpg,e5435b953f9eb335b41ca38a731b5e5a,2025-10-22 22:01:52,2025-04-16 22:46:24,25_2025Apr上海
IMG_8865.jpg,3d50c5dad45b656a3cc46b51c90a1122,2025-10-22 22:01:52,2025-04-16 22:48:58,25_2025Apr上海
IMG_8866.HEIC,3481b7d43326fa5a7b09ce4d5aa007e9,2025-10-22 22:01:52,2025-04-17 00:23:20,25_2025Apr上海
IMG_8867.HEIC,796d2f2e863202d4493a4bec56bb9625,2025-10-22 22:01:52,2025-04-17 00:23:26,25_2025Apr上海
IMG_8868.HEIC,4d14231829d2a15c912628315032b22d,2025-10-22 22:01:52,2025-04-17 00:31:36,25_2025Apr上海
IMG_8869.jpg,368908d5d4983be274bd07b7f4e840d7,2025-10-22 22:01:52,2025-04-17 02:31:40,25_2025Apr上海
IMG_8870.PNG,b66016fc902f4b953e3add0ff4928b2f,2025-10-22 22:01:52,2025-04-17 02:33:02,25_2025Apr上海
IMG_8876.HEIC,625e56e3cb749959519e71fe79825fec,2025-10-22 22:01:52,2025-04-17 07:11:52,25_2025Apr上海
IMG_8877.HEIC,b6f85a5ad2888aee7e7aa6ea916ed3d6,2025-10-22 22:01:52,2025-04-17 07:11:54,25_2025Apr上海
IMG_8878.HEIC,058b427680d4790ddcbd92707cfeba03,2025-10-22 22:01:52,2025-04-17 07:13:34,25_2025Apr上海
IMG_8879.HEIC,6f37d1b42bfc040394206e39cd5c0d59,2025-10-22 22:01:52,2025-04-17 07:13:36,25_2025Apr上海
IMG_8880.HEIC,6b0ea72124018fecbe2048e66daecbbc,2025-10-22 22:01:52,2025-04-17 07:40:50,25_2025Apr上海
IMG_8881.HEIC,7e8ab02483fedb08f5304cd0cc494218,2025-10-22 22:01:52,2025-04-17 07:41:16,25_2025Apr上海
IMG_8882.HEIC,2c4e3d2a4a51cb2a64916bfb96e825b6,2025-10-22 22:01:52,2025-04-17 07:41:30,25_2025Apr上海
IMG_8883.HEIC,5d5291d865e8cd8afa065d7e4bfe49b1,2025-10-22 22:01:52,2025-04-17 07:54:26,25_2025Apr上海
IMG_8884.HEIC,4c217b213e4f8aba01bfd2eaab8ea89d,2025-10-22 22:01:52,2025-04-17 07:54:30,25_2025Apr上海
IMG_8885.HEIC,8351d13193a0787ac310b19fb761970c,2025-10-22 22:01:52,2025-04-17 07:54:40,25_2025Apr上海
IMG_8886.HEIC,52119101de822b6c68a9cbed2e66796d,2025-10-22 22:01:52,2025-04-17 07:54:48,25_2025Apr上海
IMG_8887.MOV,7ba1449d6a56bce04394dd52601dd4cb,2025-10-22 22:01:52,2025-04-17 07:56:46,25_2025Apr上海
IMG_8888.mov,f42386cb147f0ccf9ebdaa759ea9e353,2025-10-22 22:01:52,2025-04-17 08:03:30,25_2025Apr上海
IMG_8889.mov,f9a8a83b990da93408d5c5decf133d23,2025-10-22 22:01:52,2025-04-17 08:03:52,25_2025Apr上海
IMG_8890.heic,734a6eb9bfcc8a1d88c519c3737422cf,2025-10-22 22:01:52,2025-04-17 19:37:32,25_2025Apr上海
IMG_8891.HEIC,7809e2a56153d2f9205131d9e3abe6c0,2025-10-22 22:01:52,2025-04-17 19:37:34,25_2025Apr上海
IMG_8892.HEIC,7f6926d4eea96021d3a6fe4962dbe799,2025-10-22 22:01:52,2025-04-17 19:39:04,25_2025Apr上海
IMG_8893.HEIC,bc47ba13f601f5755715750f9b97c90e,2025-10-22 22:01:52,2025-04-17 19:39:22,25_2025Apr上海
IMG_8894.MOV,307071a2c206e560cfad55fe63f3053e,2025-10-22 22:01:52,2025-04-17 19:57:28,25_2025Apr上海
IMG_8895.HEIC,278ca94f0ab8ccfd389494761598ed03,2025-10-22 22:01:52,2025-04-17 20:01:16,25_2025Apr上海
IMG_8896.MOV,4948f4d03353477b36c81aef536c3f33,2025-10-22 22:01:52,2025-04-17 20:41:04,25_2025Apr上海
IMG_8897.HEIC,20f10acc61328c8d7977e6f229033842,2025-10-22 22:01:52,2025-04-17 20:41:32,25_2025Apr上海
IMG_8898.HEIC,2bc94f87a74e47d0952ee8938b392a8e,2025-10-22 22:01:52,2025-04-17 20:55:04,25_2025Apr上海
IMG_8899.HEIC,877dc7062799172ca6348fe0309d2db4,2025-10-22 22:01:52,2025-04-17 20:55:38,25_2025Apr上海
IMG_8900.HEIC,6355d1229e17ae8e2e9284e9765c149c,2025-10-22 22:01:52,2025-04-17 20:55:50,25_2025Apr上海
IMG_8901.HEIC,f061e56423ac5172e31af7c7b34afea4,2025-10-22 22:01:52,2025-04-17 20:56:04,25_2025Apr上海
IMG_8902.HEIC,c032636c5d2f74c9b9300ebd744ad7bf,2025-10-22 22:01:52,2025-04-17 20:56:34,25_2025Apr上海
IMG_8903.HEIC,06643e23aca02d848563846f43e95d3f,2025-10-22 22:01:52,2025-04-17 20:56:56,25_2025Apr上海
IMG_8904.HEIC,bb06a0f000cc3466cc5c63ae1d77f4ab,2025-10-22 22:01:52,2025-04-17 20:57:06,25_2025Apr上海
IMG_8905.HEIC,b05b6bae181534c42d55d818e48e06f6,2025-10-22 22:01:52,2025-04-17 20:57:14,25_2025Apr上海
IMG_8906.HEIC,f3d06643e2b1b74198d9c28a3a3d4f15,2025-10-22 22:01:52,2025-04-17 20:57:18,25_2025Apr上海
IMG_8907.HEIC,62e1d7671a4ba52ba95da3de1767bbb8,2025-10-22 22:01:52,2025-04-17 20:57:26,25_2025Apr上海
IMG_8908.HEIC,6ebcad8481546a5f8655dc18b0da2553,2025-10-22 22:01:52,2025-04-17 21:18:32,25_2025Apr上海
IMG_8909.HEIC,4dc658803c443fcbf365163319558220,2025-10-22 22:01:52,2025-04-17 21:18:40,25_2025Apr上海
IMG_8910.jpg,054b5c31abedc86bc040be583a22744f,2025-10-22 22:01:52,2025-04-17 21:38:14,25_2025Apr上海
IMG_8911.HEIC,1bd788840c592481bafa32ecce1bda1a,2025-10-22 22:01:53,2025-04-17 21:52:08,25_2025Apr上海
IMG_8912.HEIC,2342a68085ac7dddadf067e9f9fcac27,2025-10-22 22:02:50,2025-04-17 22:27:18,40_2025Apr_
IMG_8913.HEIC,6e990b82059ff7eeadd346d8bb424980,2025-10-22 22:02:50,2025-04-17 22:27:20,40_2025Apr_
IMG_8914.HEIC,6da771aeebd0c2b0f28110c71067a9fc,2025-10-22 22:02:50,2025-04-17 22:27:48,40_2025Apr_
IMG_8915.HEIC,99315176e171de6ad991d082e7d85182,2025-10-22 22:02:50,2025-04-17 22:47:44,40_2025Apr_
IMG_8916.HEIC,f8fe552f05dd335c93a8839fd36e467d,2025-10-22 22:02:50,2025-04-17 22:47:50,40_2025Apr_
IMG_8917.HEIC,e53bc828a121a8648739f7f2dad47a6e,2025-10-22 22:02:50,2025-04-17 22:47:58,40_2025Apr_
IMG_8918.HEIC,47be19753987b0bc0f65df809eb5b9f8,2025-10-22 22:02:50,2025-04-17 22:48:06,40_2025Apr_
IMG_8919.HEIC,b9deafbc0aef622e7598ccb2c2f5f4c9,2025-10-22 22:02:50,2025-04-17 22:48:10,40_2025Apr_
IMG_8920.HEIC,3dfa880a3567a85054a092622152d8a1,2025-10-22 22:02:50,2025-04-18 02:30:58,40_2025Apr_
IMG_8921.HEIC,5a9faa8293e32477bc3a05103a73fc80,2025-10-22 22:02:50,2025-04-18 02:31:04,40_2025Apr_
IMG_8922.HEIC,0ad7a44fa7dd826422078764242a3cb6,2025-10-22 22:02:50,2025-04-18 02:56:34,40_2025Apr_
IMG_8923.HEIC,35d8286611f5441041769223a0eaa6d0,2025-10-22 22:02:50,2025-04-18 03:06:56,40_2025Apr_
IMG_8924.HEIC,a917604946713adf760039c0a3c35ba2,2025-10-22 22:02:50,2025-04-18 03:34:44,40_2025Apr_
IMG_8925.HEIC,606b4fd4bc614e8112bd7f9a8f7302c1,2025-10-22 22:02:50,2025-04-18 03:35:08,40_2025Apr_
IMG_8926.HEIC,9491cfebeb57be22182c001a693d0fcb,2025-10-22 22:02:50,2025-04-18 03:36:16,40_2025Apr_
IMG_8927.HEIC,28cdcedc8df248b8af81b3450402f92d,2025-10-22 22:02:50,2025-04-18 03:36:26,40_2025Apr_
IMG_8928.HEIC,4eaa94dd213c452367560f8fdacac3db,2025-10-22 22:02:50,2025-04-18 03:37:06,40_2025Apr_
IMG_8929.HEIC,9ab99c0c1cb27532c29b3631e2fadace,2025-10-22 22:02:50,2025-04-18 04:37:24,40_2025Apr_
IMG_8930.HEIC,d13d84e549164e57798947cbb86a321b,2025-10-22 22:02:50,2025-04-18 04:37:30,40_2025Apr_
IMG_8931.HEIC,db52dbb7be0b0d1cd91e941b8541ceb2,2025-10-22 22:02:50,2025-04-18 18:57:28,40_2025Apr_
IMG_8932.HEIC,1c48d64695d9698d2b235cb2796ad833,2025-10-22 22:02:50,2025-04-18 18:57:32,40_2025Apr_
IMG_8933.HEIC,d8e5e0bf747f7b7834b038ee9b3c42ca,2025-10-22 22:02:50,2025-04-18 23:59:16,40_2025Apr_
IMG_8934.PNG,115c424cb23281e85936e432c2134dbf,2025-10-22 22:02:50,2025-04-19 00:47:34,40_2025Apr_
IMG_8935.PNG,793d3f9909e1d4221c1869fdec49adf6,2025-10-22 22:02:50,2025-04-19 00:48:10,40_2025Apr_
IMG_8936.HEIC,3fb304af737b735fdfb0c0c5b687634d,2025-10-22 22:02:50,2025-04-19 04:04:42,40_2025Apr_
IMG_8937.HEIC,36d041e1684e254788a964c2b6498497,2025-10-22 22:02:50,2025-04-19 04:04:50,40_2025Apr_
IMG_8938.HEIC,d7cd59bdb330312ef73aa44cad7711fd,2025-10-22 22:02:50,2025-04-19 04:10:54,40_2025Apr_
IMG_8939.HEIC,b321fc90cec4fc4c587b4309a814d0ad,2025-10-22 22:02:50,2025-04-19 04:10:58,40_2025Apr_
IMG_8940.HEIC,acd9caa0185d4c855be52f1bd86295bf,2025-10-22 22:02:50,2025-04-19 04:11:04,40_2025Apr_
IMG_8941.HEIC,dcfc72537f308d2b6391f79ae6b77670,2025-10-22 22:02:50,2025-04-19 04:21:04,40_2025Apr_
IMG_8942.HEIC,fde137bee4dd7c32f23db3bb1f9556fe,2025-10-22 22:02:51,2025-04-19 04:21:08,40_2025Apr_
IMG_8943.mov,8b821205a55c2b633b655b20c9e94cea,2025-10-22 22:02:51,2025-04-19 04:21:28,40_2025Apr_
IMG_8944.HEIC,b711c2cab3eb15ed0441849c092575ec,2025-10-22 22:02:51,2025-04-19 04:21:40,40_2025Apr_
IMG_8945.HEIC,b9a0da282dd29e79bb594dd9be41f200,2025-10-22 22:02:51,2025-04-19 04:21:58,40_2025Apr_
IMG_8946.HEIC,1679faff793517bfe40c902ff71e11c2,2025-10-22 22:02:51,2025-04-19 04:39:26,40_2025Apr_
IMG_8947.HEIC,04fa817dbb3bb7ae8e9b3604c903eb4b,2025-10-22 22:02:51,2025-04-19 04:39:32,40_2025Apr_
IMG_8948.HEIC,a742c524c7fd189549ee04f2e991471a,2025-10-22 22:02:51,2025-04-19 04:39:38,40_2025Apr_
IMG_8949.HEIC,4ef8011bdd0a0b47b2ebc387c585cc2c,2025-10-22 22:02:51,2025-04-19 04:39:46,40_2025Apr_
IMG_8950.HEIC,c662b3fd313a6b67eea88251ce899b45,2025-10-22 22:02:51,2025-04-19 04:39:48,40_2025Apr_
IMG_8951.HEIC,5eb54d25534da2d689856d38c45d6854,2025-10-22 22:02:51,2025-04-19 04:40:12,40_2025Apr_
IMG_8952.HEIC,3ae473efbf5ed334f5dbf92b929915b2,2025-10-22 22:02:51,2025-04-19 04:40:28,40_2025Apr_
IMG_8953.HEIC,556d6dfaca94bb3dfe710cc988a5905a,2025-10-22 22:02:51,2025-04-19 04:40:50,40_2025Apr_
IMG_8954.HEIC,8f8b62efd237a2fc86f088a0a7c757a9,2025-10-22 22:02:51,2025-04-19 04:41:10,40_2025Apr_
IMG_8955.HEIC,a1a873ad5a986e3ff71fa89de1307303,2025-10-22 22:02:51,2025-04-19 04:41:26,40_2025Apr_
IMG_8956.HEIC,4bc54a1b3ccca4bff01b6ac3fdf32330,2025-10-22 22:02:51,2025-04-19 04:43:26,40_2025Apr_
IMG_8957.HEIC,3902ae8e2ce11b2d6e889d0d9dc4f580,2025-10-22 22:02:51,2025-04-19 04:43:36,40_2025Apr_
IMG_8958.HEIC,313fa635f3313e8bedf50b83b22ce795,2025-10-22 22:02:51,2025-04-19 04:46:10,40_2025Apr_
IMG_8959.HEIC,ebbc456a39f6d7804c825825a1e982f8,2025-10-22 22:02:51,2025-04-19 04:46:18,40_2025Apr_
IMG_8960.HEIC,91d98b8803a22a449998d14fefdfe771,2025-10-22 22:02:51,2025-04-19 05:00:44,40_2025Apr_
IMG_8961.HEIC,503d417090934bd8d08ad164607fee42,2025-10-22 22:02:51,2025-04-19 05:00:54,40_2025Apr_
IMG_8962.HEIC,7c21f6157bb7b281bd2c0af82b2c9947,2025-10-22 22:02:51,2025-04-19 05:17:50,40_2025Apr_
IMG_8964.HEIC,4e2535010eedc2b02ed9248bdaf8dc91,2025-10-22 22:02:51,2025-04-19 05:18:00,40_2025Apr_
IMG_8965.HEIC,b312ad09c25ed9fc4a3b5a70571f4d99,2025-10-22 22:02:51,2025-04-19 05:19:22,40_2025Apr_
IMG_8966.HEIC,a042451a0d2e437ef76ac0213e8ff8ed,2025-10-22 22:02:51,2025-04-19 05:19:32,40_2025Apr_
IMG_8967.HEIC,540f43ce1d09d4ab3e247224bf77f17b,2025-10-22 22:02:51,2025-04-19 05:25:58,40_2025Apr_
IMG_8968.HEIC,baedea2f2f03d3ba15156c731aafb13c,2025-10-22 22:02:51,2025-04-19 05:26:26,40_2025Apr_
IMG_8969.HEIC,c04bb3edd13db5dafcf74b6ad23d42db,2025-10-22 22:02:51,2025-04-19 05:26:40,40_2025Apr_
IMG_8970.HEIC,7abc70b639b57e7aec80c626478c9836,2025-10-22 22:02:51,2025-04-19 05:26:40,40_2025Apr_
IMG_8971.HEIC,ffdb7ee37de4de0f9d588cc5fb9c79a2,2025-10-22 22:02:51,2025-04-19 05:27:24,40_2025Apr_
IMG_8972.HEIC,3ea9a40993c1b4301247bfbbe63c0006,2025-10-22 22:02:51,2025-04-19 06:56:56,40_2025Apr_
IMG_8973.HEIC,3f1e85726bbb78be907e56ef3e11a5d5,2025-10-22 22:02:51,2025-04-19 06:57:04,40_2025Apr_
IMG_8974.HEIC,ed449dc7876c502c6183c9024f65f8aa,2025-10-22 22:02:51,2025-04-19 06:57:04,40_2025Apr_
IMG_8975.HEIC,ae4bc84b00625e4310af10debf08a53c,2025-10-22 22:02:51,2025-04-19 06:57:34,40_2025Apr_
IMG_8976.HEIC,9832d8f5b35d403ab7a59b28f780dad9,2025-10-22 22:02:51,2025-04-19 06:57:36,40_2025Apr_
IMG_8977.HEIC,e34fd286a5035acfde49e5912f59eb56,2025-10-22 22:02:51,2025-04-19 07:09:26,40_2025Apr_
IMG_8978.HEIC,a895650da9fe22c9962770bc18caefd6,2025-10-22 22:02:51,2025-04-19 07:09:34,40_2025Apr_
IMG_8979.HEIC,e64832fa3f76b27dfd2cbcf718fd2cde,2025-10-22 22:02:51,2025-04-19 07:59:56,40_2025Apr_
IMG_8980.HEIC,dab498f82be8af598bf43023f0e0fd2a,2025-10-22 22:02:51,2025-04-19 08:10:12,40_2025Apr_
IMG_8981.HEIC,85581dcec720cd407eb9052fc9ae3553,2025-10-22 22:02:51,2025-04-19 08:10:16,40_2025Apr_
IMG_8982.HEIC,1e37b4bab0e32d070a50476e3d9c0fce,2025-10-22 22:02:51,2025-04-19 08:10:22,40_2025Apr_
IMG_8983.HEIC,c25a7c0eba21fb231e6ce3629887488b,2025-10-22 22:02:51,2025-04-19 08:10:28,40_2025Apr_
IMG_8984.HEIC,b98cbca11636cc002c2e0df765a86699,2025-10-22 22:02:51,2025-04-19 08:10:42,40_2025Apr_
IMG_8987.HEIC,36649ee87d93578946ea4ec334ac1a97,2025-10-22 22:02:51,2025-04-19 10:06:10,40_2025Apr_
IMG_8988.HEIC,8be11a2a3ab994db11f17189426c3308,2025-10-22 22:02:51,2025-04-19 18:36:10,40_2025Apr_
IMG_8989.HEIC,68d0e81a5a6d0984ba9848505620db63,2025-10-22 22:02:51,2025-04-19 18:36:16,40_2025Apr_
IMG_8990.HEIC,90236f489135bd044bbcbd6261e3ba92,2025-10-22 22:02:51,2025-04-19 18:36:32,40_2025Apr_
IMG_8991.MOV,3876826a88cd2d7731d5d33626e56519,2025-10-22 22:02:51,2025-04-19 18:36:38,40_2025Apr_
IMG_8992.HEIC,57b8a9a63de58373ebaa78a7412520c9,2025-10-22 22:02:51,2025-04-19 18:36:52,40_2025Apr_
IMG_8993.HEIC,c76eac61e1732ae2caf332d4f336e8bf,2025-10-22 22:02:51,2025-04-19 18:37:06,40_2025Apr_
IMG_8994.HEIC,f75b8ee04a9e758dd5ecefa3d42e7730,2025-10-22 22:02:51,2025-04-19 18:37:26,40_2025Apr_
IMG_8995.HEIC,68d0c3f0752f147999265c980e3f0c10,2025-10-22 22:02:51,2025-04-19 18:39:08,40_2025Apr_
IMG_8996.HEIC,be0eb4b05f61008c86eabf5c681c0035,2025-10-22 22:02:51,2025-04-19 18:39:32,40_2025Apr_
IMG_8997.HEIC,ed7cc543e4662e17fe10b8491c4a2913,2025-10-22 22:02:51,2025-04-19 18:39:44,40_2025Apr_
IMG_8998.MOV,2800c05c34fe6f7740c895599586aee2,2025-10-22 22:02:51,2025-04-19 18:47:12,40_2025Apr_
IMG_8999.HEIC,e8157b3bab69a2e4252d9210e155deb7,2025-10-22 22:02:51,2025-04-19 18:48:20,40_2025Apr_
IMG_9001.HEIC,6d9d2e6077910e6b40c72b68b4bc9711,2025-10-22 22:02:51,2025-04-19 18:48:56,40_2025Apr_
IMG_9002.HEIC,a0036a3a42496a3e5b2d03b3348c25a8,2025-10-22 22:02:51,2025-04-19 18:49:06,40_2025Apr_
IMG_9003.HEIC,0d55d1003298e5cfbdbc90bb441e3c63,2025-10-22 22:02:51,2025-04-19 18:49:16,40_2025Apr_
IMG_9004.HEIC,dbf1270d03de72d569b67965f5f9b391,2025-10-22 22:02:51,2025-04-19 18:49:26,40_2025Apr_
IMG_9005.HEIC,1273ebb6ef3b62e3e2b9accc3370c270,2025-10-22 22:02:51,2025-04-19 23:16:14,40_2025Apr_
IMG_9006.HEIC,1e7dc2b15ccd4a2f603c3fa07ac159b9,2025-10-22 22:02:51,2025-04-19 23:19:06,40_2025Apr_
IMG_9007.HEIC,701413febace4fd489584184af2a6763,2025-10-22 22:02:51,2025-04-19 23:19:48,40_2025Apr_
IMG_9008.HEIC,b5953c9283d3e16a1579d0d2de4540ae,2025-10-22 22:02:51,2025-04-19 23:20:04,40_2025Apr_
IMG_9009.HEIC,8e89bead2a61210fbffc3d31fa9f4d86,2025-10-22 22:02:51,2025-04-20 00:03:26,40_2025Apr_
IMG_9010.HEIC,4f2fa883fc7ad55b8b6b0d4c6b46ddec,2025-10-22 22:02:51,2025-04-20 00:04:06,40_2025Apr_
IMG_9011.HEIC,722f776a2237a2bfc42faf7ee129aac9,2025-10-22 22:02:51,2025-04-20 00:13:22,40_2025Apr_
IMG_9012.HEIC,2a2659d760e505e9668ecc41376441ac,2025-10-22 22:02:51,2025-04-20 00:13:32,40_2025Apr_
IMG_9013.HEIC,d3551b39c758e15d968eab9be3306fbd,2025-10-22 22:02:51,2025-04-20 00:18:52,40_2025Apr_
IMG_9014.HEIC,d7755218a4fd2fb313c2310078fd04e9,2025-10-22 22:02:51,2025-04-20 00:19:02,40_2025Apr_
IMG_9015.HEIC,af9004979e0b011d6af829f0fd1230b5,2025-10-22 22:02:51,2025-04-20 00:21:44,40_2025Apr_
IMG_9016.HEIC,b2af3ac89894987ff393790b8dffcbe9,2025-10-22 22:02:51,2025-04-20 00:21:54,40_2025Apr_
IMG_9017.HEIC,25fe67dcbe3036d9f8fe78a166509be8,2025-10-22 22:02:51,2025-04-20 00:22:02,40_2025Apr_
IMG_9018.HEIC,7c40b1603f7fecae986d4f65cbf9422b,2025-10-22 22:02:51,2025-04-20 00:22:18,40_2025Apr_
IMG_9019.HEIC,971b5740869f0b6641f38e43fc828607,2025-10-22 22:02:51,2025-04-20 00:22:26,40_2025Apr_
IMG_9020.HEIC,19a06086d5ed491656378d8b7ba2bbee,2025-10-22 22:02:51,2025-04-20 00:25:50,40_2025Apr_
IMG_9021.HEIC,8f52f058f8bcfbd6bb99424edae04b2a,2025-10-22 22:02:51,2025-04-20 00:26:44,40_2025Apr_
IMG_9022.HEIC,f069e674d25332d924ec44e4c1b767ee,2025-10-22 22:02:52,2025-04-20 00:27:12,40_2025Apr_
IMG_9023.HEIC,21023386a505c6712cfa15b35af94153,2025-10-22 22:02:52,2025-04-20 00:27:20,40_2025Apr_
IMG_9024.HEIC,293c7887f0d142561d82c889ea9fc416,2025-10-22 22:02:52,2025-04-20 00:30:28,40_2025Apr_
IMG_9025.HEIC,fb81116fc2dc92cb1efa841bb267286b,2025-10-22 22:02:52,2025-04-20 00:30:30,40_2025Apr_
IMG_9026.jpg,11c9ae225abd37c73c91ad2edb4a9f65,2025-10-22 22:02:52,2025-04-20 00:31:10,40_2025Apr_
IMG_9027.jpg,166d12c0c1f3edbfd285e4a5f0301721,2025-10-22 22:02:52,2025-04-20 00:32:18,40_2025Apr_
IMG_9028.HEIC,a3419b5fa06c02b70d8536a410f7955c,2025-10-22 22:02:52,2025-04-20 00:41:50,40_2025Apr_
IMG_9029.HEIC,fee006a30be50ddd5b90b9318b557030,2025-10-22 22:02:52,2025-04-20 00:55:40,40_2025Apr_
IMG_9030.HEIC,dc8438a7fe2fbb2030bfef6387671ece,2025-10-22 22:02:52,2025-04-20 00:55:50,40_2025Apr_
IMG_9031.HEIC,d964a6331f305dc1496ac43e164e8cf9,2025-10-22 22:02:52,2025-04-20 00:56:16,40_2025Apr_
IMG_9032.HEIC,f802137b0fae003593b8b40d71301508,2025-10-22 22:02:52,2025-04-20 00:56:18,40_2025Apr_
IMG_9033.HEIC,75ef279c586a4c0e6a033ac62f590a7f,2025-10-22 22:02:52,2025-04-20 00:56:24,40_2025Apr_
IMG_9034.HEIC,be152d03c52dcf87ac0ad6e50353eb00,2025-10-22 22:02:52,2025-04-20 04:09:42,40_2025Apr_
IMG_9035.HEIC,84293403475706e380fa5a7887596012,2025-10-22 22:02:52,2025-04-20 04:49:42,40_2025Apr_
IMG_9036.HEIC,34a14b7f9328890571b28817411063b8,2025-10-22 22:02:52,2025-04-20 04:49:44,40_2025Apr_
IMG_9037.HEIC,11dfd7eacdab6e5b296cd446e938d584,2025-10-22 22:02:52,2025-04-20 04:52:06,40_2025Apr_
IMG_9038.HEIC,9ef224e93f8fd30c50cde1fad525ec5d,2025-10-22 22:02:52,2025-04-20 04:52:10,40_2025Apr_
IMG_9039.HEIC,0f80c806351a68ca86037cbe408f9d35,2025-10-22 22:02:52,2025-04-20 04:56:46,40_2025Apr_
IMG_9040.HEIC,df61761f87effc6b22e7ec03d86d2c02,2025-10-22 22:02:52,2025-04-20 04:56:58,40_2025Apr_
IMG_9041.HEIC,9c59750994955ecc36c85495274c9f47,2025-10-22 22:02:52,2025-04-20 04:57:08,40_2025Apr_
IMG_9042.HEIC,d5dfa1bd7e99f8f5d31b5f92d53a53da,2025-10-22 22:02:52,2025-04-20 04:59:34,40_2025Apr_
IMG_9043.HEIC,a4ba9fa5af0b5dbf0c782793f9e07d5e,2025-10-22 22:02:52,2025-04-20 05:20:38,40_2025Apr_
IMG_9044.HEIC,35fa80cfb8a91c463621d233e377f04d,2025-10-22 22:02:52,2025-04-20 05:20:38,40_2025Apr_
IMG_9045.HEIC,307aae461b55bd134e156988a1eafbd6,2025-10-22 22:02:52,2025-04-20 05:20:42,40_2025Apr_
IMG_9046.HEIC,8c011eb109fe0b855367d5cd41d58807,2025-10-22 22:02:52,2025-04-20 05:20:54,40_2025Apr_
IMG_9047.HEIC,cee9e9b045cdfd4bda9bc5c5fc39224a,2025-10-22 22:02:52,2025-04-20 05:21:12,40_2025Apr_
IMG_9048.HEIC,ec72b6ce99769564a2c82d3b01a7e897,2025-10-22 22:02:52,2025-04-20 05:39:24,40_2025Apr_
IMG_9049.HEIC,108f5e5d69bb641fd156a90fb71ee8ed,2025-10-22 22:02:52,2025-04-20 06:05:18,40_2025Apr_
IMG_9050.HEIC,892a5cbf7dab7c94b23cd0e0ca949482,2025-10-22 22:02:52,2025-04-20 06:05:20,40_2025Apr_
IMG_9052.HEIC,43ccea755e85b751b9e3ccc226ccbaf2,2025-10-22 22:02:52,2025-04-20 06:05:32,40_2025Apr_
IMG_9054.HEIC,0466497db78d48d8f72bcaee6bd51945,2025-10-22 22:02:52,2025-04-20 06:05:34,40_2025Apr_
IMG_9056.HEIC,4a293405cd1465f83ce99fe424e44354,2025-10-22 22:02:52,2025-04-20 06:16:44,40_2025Apr_
IMG_9057.HEIC,8828bc13334174df496bd1f079a970e4,2025-10-22 22:02:52,2025-04-20 06:18:20,40_2025Apr_
IMG_9058.HEIC,820f2c4eed10df640ac413497b69a774,2025-10-22 22:02:52,2025-04-20 06:18:24,40_2025Apr_
IMG_9059.MOV,712c5b26d68604796998155d97bb6a7e,2025-10-22 22:02:52,2025-04-20 07:34:16,40_2025Apr_
IMG_9060.MOV,04d7fcb4ef937bec23289dc2b007e16f,2025-10-22 22:02:52,2025-04-20 07:34:44,40_2025Apr_
IMG_9061.JPG,1f14ce95832270ca47d2f2b866c27363,2025-10-22 22:02:52,2025-04-20 08:05:26,40_2025Apr_
IMG_9062.PNG,dd7d7ea26e08b364c8a64f5009b97af7,2025-10-22 22:02:52,2025-04-20 09:31:06,40_2025Apr_
IMG_9063.HEIC,2583e0b7833d84f7e94542df57d3b8e3,2025-10-22 22:02:52,2025-04-20 18:38:10,40_2025Apr_
IMG_9064.HEIC,0906a6496efe16e67a1412f40100328d,2025-10-22 22:02:52,2025-04-20 18:38:18,40_2025Apr_
IMG_9065.HEIC,9a872236666205f47241d79544461f07,2025-10-22 22:02:52,2025-04-20 18:43:56,40_2025Apr_
IMG_9066.MOV,28dfa69a1a609f01e6e9244e8ca7722b,2025-10-22 22:02:52,2025-04-20 18:43:58,40_2025Apr_
IMG_9067.HEIC,8d4065ef9516426793e81bf814cf35a7,2025-10-22 22:02:52,2025-04-20 18:52:16,40_2025Apr_
IMG_9068.HEIC,732e74b3a7f05f348d0fe1b799e07608,2025-10-22 22:02:52,2025-04-20 18:52:20,40_2025Apr_
IMG_9069.HEIC,faf1252749beade31e8cc202b6bb0be3,2025-10-22 22:02:52,2025-04-20 19:14:18,40_2025Apr_
IMG_9070.HEIC,1f0122c0ee694871595d7797b81792c9,2025-10-22 22:02:52,2025-04-20 19:53:12,40_2025Apr_
IMG_9071.HEIC,d8f0fd11877a57c73379e0919effc249,2025-10-22 22:02:52,2025-04-20 19:53:12,40_2025Apr_
IMG_9072.HEIC,b1e46bef2565be185fc4f69134136f50,2025-10-22 22:02:52,2025-04-20 19:53:20,40_2025Apr_
IMG_9073.HEIC,29cadec36301607db78411ce817980aa,2025-10-22 22:02:52,2025-04-20 19:53:28,40_2025Apr_
IMG_9074.HEIC,a3b5c11f5c87a657fd84507144030de2,2025-10-22 22:02:52,2025-04-20 22:05:10,40_2025Apr_
IMG_9075.HEIC,3e03d5cb097ed664b6a6c570eb1389dc,2025-10-22 22:02:52,2025-04-20 22:05:12,40_2025Apr_
IMG_9076.HEIC,9085736973d79c6055668f3bd1003a6a,2025-10-22 22:02:52,2025-04-21 03:40:44,40_2025Apr_
IMG_9077.HEIC,b1b3329a46fb5480de81cedb0f34baae,2025-10-22 22:02:52,2025-04-21 03:40:46,40_2025Apr_
IMG_9078.HEIC,c9b57d5da6f594f2779978e228815359,2025-10-22 22:02:52,2025-04-21 03:40:54,40_2025Apr_
IMG_9079.HEIC,cca5ccf83c9c85c46d26685348a3b7b7,2025-10-22 22:02:52,2025-04-21 03:40:56,40_2025Apr_
IMG_9080.HEIC,42c462080dec5f2693892da2484b7992,2025-10-22 22:02:52,2025-04-21 04:02:18,40_2025Apr_
IMG_9081.HEIC,8fb26fd15d1278d7683229b978a7f182,2025-10-22 22:02:52,2025-04-21 04:02:32,40_2025Apr_
IMG_9082.HEIC,6cc2d2815716323164fd719aa28bfbce,2025-10-22 22:02:52,2025-04-21 08:04:04,40_2025Apr_
IMG_9083.HEIC,0ec4dbe8840172110be743deaacea306,2025-10-22 22:02:52,2025-04-21 08:04:06,40_2025Apr_
IMG_9084.HEIC,2e683f55afd3cb8e50d16c400f944ccb,2025-10-22 22:02:52,2025-04-21 17:54:56,40_2025Apr_
IMG_9085.HEIC,ffb8d351f74cc78856fc693fb4e7bf94,2025-10-22 22:02:53,2025-04-21 17:55:36,40_2025Apr_
IMG_9086.HEIC,dd42e48ae95759f90410563b317d02e3,2025-10-22 22:02:53,2025-04-21 17:57:20,40_2025Apr_
IMG_9087.MOV,7cf4ac0889fb49f75c5d6631c7ef29fd,2025-10-22 22:02:53,2025-04-21 18:03:46,40_2025Apr_
IMG_9088.HEIC,bdf320c022a72243ed6409b3c1b4dd6a,2025-10-22 22:02:53,2025-04-21 18:17:10,40_2025Apr_
IMG_9089.HEIC,8f487e636d8cd61c327d00dd14fa37a1,2025-10-22 22:02:53,2025-04-21 18:17:32,40_2025Apr_
IMG_9090.HEIC,20c4bcffba91779de1a20a24a0d67ae9,2025-10-22 22:02:53,2025-04-21 18:17:38,40_2025Apr_
IMG_9091.HEIC,e04d0c127743165c447d44dca6c7131f,2025-10-22 22:02:53,2025-04-21 20:23:30,40_2025Apr_
IMG_9092.HEIC,af210810a0c60bbd0649c434e0b0464d,2025-10-22 22:02:53,2025-04-21 22:13:04,40_2025Apr_
IMG_9093.HEIC,8cede3687a1ffd8891b0fd4285db093f,2025-10-22 22:02:53,2025-04-21 22:14:34,40_2025Apr_
IMG_9094.HEIC,a78240f1c73273b41dc658e696f9c787,2025-10-22 22:02:53,2025-04-21 22:15:02,40_2025Apr_
IMG_9095.HEIC,d3943820dad03e4ef4ffa1d3b7bd6ab2,2025-10-22 22:02:53,2025-04-21 22:18:20,40_2025Apr_
IMG_9096.HEIC,ad6bcde270b9b32c05b29daddae2aae6,2025-10-22 22:02:53,2025-04-21 22:18:24,40_2025Apr_
IMG_9097.HEIC,adcda9f792fd8f5e30a323666028175b,2025-10-22 22:02:53,2025-04-21 22:18:24,40_2025Apr_
IMG_9098.HEIC,ae2906adffa6d1b131e7cf9a3e2f1d3a,2025-10-22 22:02:53,2025-04-21 22:18:32,40_2025Apr_
IMG_9099.HEIC,f19bded5565178a3f1b8b44f6c9f098a,2025-10-22 22:02:53,2025-04-21 22:18:52,40_2025Apr_
IMG_9100.HEIC,fe87162da053a6bf57e05f14bf57b168,2025-10-22 22:03:35,2025-04-22 04:48:38,60_2025Apr烏鎮
IMG_9101.HEIC,5d9ee43bf19308594e5d40ec94c1bec2,2025-10-22 22:03:35,2025-04-22 04:48:42,60_2025Apr烏鎮
IMG_9102.HEIC,8a95c74f5e7755aa303d22a6b1b0b5c9,2025-10-22 22:03:35,2025-04-22 04:48:56,60_2025Apr烏鎮
IMG_9103.HEIC,150d216730c5300d03fadafe27c3a6c5,2025-10-22 22:03:35,2025-04-22 04:50:00,60_2025Apr烏鎮
IMG_9104.HEIC,8f2941a46a2b52e5293efb685c7d8537,2025-10-22 22:03:35,2025-04-22 04:50:08,60_2025Apr烏鎮
IMG_9105.HEIC,210b5522457ef8d49b6099c0a8f078df,2025-10-22 22:03:35,2025-04-22 04:50:40,60_2025Apr烏鎮
IMG_9106.HEIC,10d302e4e8b223f44d1fb87b2daef633,2025-10-22 22:03:35,2025-04-22 05:10:54,60_2025Apr烏鎮
IMG_9107.HEIC,c65d459fa56aff5303a2b225ed2b82c9,2025-10-22 22:03:35,2025-04-22 05:46:52,60_2025Apr烏鎮
IMG_9108.MOV,dbd79eafebebead068411e597e07f23c,2025-10-22 22:03:35,2025-04-22 05:47:20,60_2025Apr烏鎮
IMG_9109.HEIC,87c06ef4fa9fa6aa0cfb1dfebeed700e,2025-10-22 22:03:35,2025-04-22 05:47:48,60_2025Apr烏鎮
IMG_9110.HEIC,b055ca87e01765a79d4a781e77a77e9d,2025-10-22 22:03:35,2025-04-22 05:47:52,60_2025Apr烏鎮
IMG_9111.HEIC,0dd44edaf14d9985d67ee338b9fd3129,2025-10-22 22:03:35,2025-04-22 05:50:04,60_2025Apr烏鎮
IMG_9112.HEIC,0afbaad14f708f06a8bd1a58d0ee0a4a,2025-10-22 22:03:35,2025-04-22 05:50:12,60_2025Apr烏鎮
IMG_9113.HEIC,fe6ca8ffdc00fc19fbb51a3a0a33c3dc,2025-10-22 22:03:35,2025-04-22 05:50:14,60_2025Apr烏鎮
IMG_9114.HEIC,b64594db0c3d548fbaf198196e92dcbc,2025-10-22 22:03:35,2025-04-22 05:50:42,60_2025Apr烏鎮
IMG_9115.HEIC,b82cd78fd2960390c943d29d40a5fbc1,2025-10-22 22:03:35,2025-04-22 05:50:54,60_2025Apr烏鎮
IMG_9116.HEIC,707828d342b5a90106216ef2312af402,2025-10-22 22:03:35,2025-04-22 05:50:56,60_2025Apr烏鎮
IMG_9117.HEIC,0dac25f78fbaad7aa0284815794e184f,2025-10-22 22:03:35,2025-04-22 05:51:00,60_2025Apr烏鎮
IMG_9118.HEIC,27028af9922e1a08a408fba5f0e92f2b,2025-10-22 22:03:35,2025-04-22 05:51:52,60_2025Apr烏鎮
IMG_9119.HEIC,b847aed6ab68b7de30a9323b5d51a08d,2025-10-22 22:03:35,2025-04-22 05:52:18,60_2025Apr烏鎮
IMG_9120.HEIC,c8101d2e0426347eae3e40083bdeb4f3,2025-10-22 22:03:35,2025-04-22 05:52:20,60_2025Apr烏鎮
IMG_9121.HEIC,8543298409d06c49355c1418bb1f645a,2025-10-22 22:03:35,2025-04-22 05:58:20,60_2025Apr烏鎮
IMG_9122.HEIC,5e13c3d4fda7e86d5d9c9afad4278fe6,2025-10-22 22:03:35,2025-04-22 05:58:38,60_2025Apr烏鎮
IMG_9123.HEIC,b6477fd273c9fa727cf874bf8d58c450,2025-10-22 22:03:35,2025-04-22 05:59:50,60_2025Apr烏鎮
IMG_9124.HEIC,80a75bf7f1048536140bdbca104fa0b6,2025-10-22 22:03:35,2025-04-22 05:59:54,60_2025Apr烏鎮
IMG_9125.HEIC,be01d5fff078d7a3d84fc8021c4c42ce,2025-10-22 22:03:35,2025-04-22 06:00:02,60_2025Apr烏鎮
IMG_9126.HEIC,91193dd6d969f3695c632633cb374790,2025-10-22 22:03:35,2025-04-22 06:08:02,60_2025Apr烏鎮
IMG_9127.HEIC,56925b7301f6a89a9641c7e8d81deafb,2025-10-22 22:03:35,2025-04-22 06:08:04,60_2025Apr烏鎮
IMG_9128.HEIC,1a0f4b430c8d310b602a47531be298b7,2025-10-22 22:03:35,2025-04-22 06:08:32,60_2025Apr烏鎮
IMG_9129.HEIC,a94dbd25092df63aa5ae2a3021dc673e,2025-10-22 22:03:35,2025-04-22 06:08:38,60_2025Apr烏鎮
IMG_9130.HEIC,7fd4844510c00924b1e44f69da78a5da,2025-10-22 22:03:35,2025-04-22 06:09:00,60_2025Apr烏鎮
IMG_9131.HEIC,f069c5d8d711ed1bcfaf9fdb024837a1,2025-10-22 22:03:35,2025-04-22 06:09:06,60_2025Apr烏鎮
IMG_9132.HEIC,2e61680e61c357b64b22374d98ddcb7b,2025-10-22 22:03:35,2025-04-22 06:14:46,60_2025Apr烏鎮
IMG_9133.HEIC,e791355eaf600fde6ccffd925edcfa2a,2025-10-22 22:03:35,2025-04-22 06:14:54,60_2025Apr烏鎮
IMG_9134.PNG,f9b47b3180f2b6fb276394bc9700f8da,2025-10-22 22:03:35,2025-04-22 08:07:22,60_2025Apr烏鎮
IMG_9135.HEIC,0f7717787c08dcf081c212fab98e9689,2025-10-22 22:03:35,2025-04-22 08:07:40,60_2025Apr烏鎮
IMG_9136.HEIC,51070db1fd0a17bf7773f59ce7fe963e,2025-10-22 22:03:35,2025-04-22 08:07:58,60_2025Apr烏鎮
IMG_9137.HEIC,aa784637bd049dec0fdd7b6cab31bcef,2025-10-22 22:03:35,2025-04-22 08:13:22,60_2025Apr烏鎮
IMG_9138.HEIC,6d68cb1fab2112589a826e6ca5aee476,2025-10-22 22:03:35,2025-04-22 08:13:32,60_2025Apr烏鎮
IMG_9139.HEIC,de2cff0459e694e5b87105a0f2278081,2025-10-22 22:03:35,2025-04-22 08:14:16,60_2025Apr烏鎮
IMG_9140.HEIC,fcc5d12a264772d51d6d0cb6032026b3,2025-10-22 22:03:35,2025-04-22 08:14:20,60_2025Apr烏鎮
IMG_9141.HEIC,409871492656a23e2cfd7f5f9fe8604f,2025-10-22 22:03:35,2025-04-22 08:18:04,60_2025Apr烏鎮
IMG_9142.HEIC,816011ab42e1b457baef523fbc060eb3,2025-10-22 22:03:35,2025-04-22 08:18:38,60_2025Apr烏鎮
IMG_9143.HEIC,e9201a031047a4f3660b780e328a9ee3,2025-10-22 22:03:35,2025-04-22 08:18:50,60_2025Apr烏鎮
IMG_9144.HEIC,917a8536491b54dec4b6f51135966577,2025-10-22 22:03:35,2025-04-22 08:44:34,60_2025Apr烏鎮
IMG_9145.HEIC,f5de9ce4383ea2ecd19da616840bf5ac,2025-10-22 22:03:35,2025-04-22 08:45:22,60_2025Apr烏鎮
IMG_9146.HEIC,d37c1d4fb8c972364559a14e30a18cec,2025-10-22 22:03:35,2025-04-22 19:06:26,60_2025Apr烏鎮
IMG_9147.HEIC,173e8e7f5f225efb6dfdcf688f3393e8,2025-10-22 22:03:35,2025-04-22 19:06:52,60_2025Apr烏鎮
IMG_9148.HEIC,0a714380ca366f0347ba43690539f783,2025-10-22 22:03:35,2025-04-22 19:06:56,60_2025Apr烏鎮
IMG_9149.HEIC,31f53550d5acba1922625419e4fd02e2,2025-10-22 22:03:35,2025-04-22 19:55:26,60_2025Apr烏鎮
IMG_9150.HEIC,80cc5c46e63d65835ef23252cfbdd42d,2025-10-22 22:03:35,2025-04-22 19:55:32,60_2025Apr烏鎮
IMG_9151.HEIC,ccf1f14af3caf2e59e3be9bf864ca573,2025-10-22 22:07:29,2025-04-22 20:08:44,Captures
IMG_9152.PNG,d6b71e97b2865529ab55de5cc702c685,2025-10-22 22:01:08,2025-04-22 21:41:10,20_2025Apr上海
IMG_9153.PNG,49e33d062fa3d9d186bacd07282d8114,2025-10-22 22:01:08,2025-04-22 21:41:54,20_2025Apr上海
IMG_9154.PNG,9d27aa61ae32a1335e4cd06a32239b15,2025-10-22 22:02:53,2025-04-23 00:47:26,40_2025Apr_
IMG_9155.PNG,ee672d8b6b7f2395b62a2e15d306bf13,2025-10-22 22:02:53,2025-04-23 00:47:42,40_2025Apr_
IMG_9169.HEIC,706987f6e28b8356e4986767ce3ae639,2025-10-22 22:04:13,2025-04-23 03:02:18,80_2025Apr上海
IMG_9170.HEIC,838e0f9311c5c63e8f4d2fa138bec2e1,2025-10-22 22:04:13,2025-04-23 03:02:26,80_2025Apr上海
IMG_9171.HEIC,a85bd161fd12a7a64d670caa6ae6dff6,2025-10-22 22:04:13,2025-04-23 03:02:32,80_2025Apr上海
IMG_9172.HEIC,54336d218b5c037144c0ed3083ad18f2,2025-10-22 22:04:13,2025-04-23 03:35:00,80_2025Apr上海
IMG_9173.HEIC,0223811369c5345d263284fcb6232815,2025-10-22 22:04:13,2025-04-23 03:35:08,80_2025Apr上海
IMG_9174.HEIC,d446251862547edfd71e9412145d29d8,2025-10-22 22:04:13,2025-04-23 03:35:20,80_2025Apr上海
IMG_9175.HEIC,a967cf476133d7b300a3a4ab3e189193,2025-10-22 22:04:13,2025-04-23 03:57:42,80_2025Apr上海
IMG_9176.HEIC,8b08df6c1ad99c0df02ccecc55f0cdc9,2025-10-22 22:04:13,2025-04-23 04:02:10,80_2025Apr上海
IMG_9177.HEIC,fc896ecc5fa52c32c10b451ce421ec5c,2025-10-22 22:04:13,2025-04-23 04:02:18,80_2025Apr上海
IMG_9178.HEIC,7d3be4aa893fbaf496fbb9b0ee740597,2025-10-22 22:04:13,2025-04-23 04:12:26,80_2025Apr上海
IMG_9179.HEIC,7a2cd888bb7294646be61ce259b6e60a,2025-10-22 22:04:13,2025-04-23 04:13:26,80_2025Apr上海
IMG_9180.HEIC,15b46cc0e727ab64fe125d34659220c2,2025-10-22 22:04:13,2025-04-23 04:13:40,80_2025Apr上海
IMG_9181.HEIC,7722f568cd3c2fe9ecc10054a306338f,2025-10-22 22:04:13,2025-04-23 04:53:20,80_2025Apr上海
IMG_9182.HEIC,3b163fc1024862127311410d04dbce38,2025-10-22 22:04:13,2025-04-23 04:53:32,80_2025Apr上海
IMG_9183.HEIC,3be11fcf81e2d4fa9fa557c875e6f134,2025-10-22 22:04:13,2025-04-23 04:53:44,80_2025Apr上海
IMG_9184.HEIC,a833d30a7a82af2848a77b6c468cb68b,2025-10-22 22:04:13,2025-04-23 05:16:34,80_2025Apr上海
IMG_9185.HEIC,0e2a8576f662acd4a60b466ef413320a,2025-10-22 22:04:13,2025-04-23 07:23:14,80_2025Apr上海
IMG_9186.HEIC,0c1f7939ff15208a40b6005e772b42a4,2025-10-22 22:04:13,2025-04-23 07:23:24,80_2025Apr上海
IMG_9187.HEIC,0ff4a284fec179b4545df9999f761075,2025-10-22 22:04:13,2025-04-23 07:23:36,80_2025Apr上海
IMG_9188.HEIC,970176c742f98443c92e0fbaa2c89501,2025-10-22 22:04:13,2025-04-23 07:26:54,80_2025Apr上海
IMG_9189.PNG,0dc1707cb1ae1f502b7ace82ed06367d,2025-10-22 22:04:13,2025-04-23 07:53:50,80_2025Apr上海
IMG_9190.jpg,383b52af69fb1aea9742e3c1e2079410,2025-10-22 22:04:13,2025-04-23 07:59:38,80_2025Apr上海
IMG_9191.HEIC,cf12cbbc49fce4f95d639a439c012717,2025-10-22 22:04:13,2025-04-23 08:29:20,80_2025Apr上海
IMG_9192.HEIC,cb6638ec480d6b396eb856af596a2bf1,2025-10-22 22:04:13,2025-04-23 08:29:34,80_2025Apr上海
IMG_9193.HEIC,674000a2435ca91de81badb5e323e133,2025-10-22 22:04:13,2025-04-23 08:30:04,80_2025Apr上海
IMG_9194.MOV,d95a837a4f16c152b06818ceeb36ba65,2025-10-22 22:04:13,2025-04-23 08:31:00,80_2025Apr上海
IMG_9195.MOV,0488b30f916eee3b185877123691ed80,2025-10-22 22:04:14,2025-04-23 08:35:54,80_2025Apr上海
IMG_9196.MOV,e7a23c456c362a90ed106cbe818705b6,2025-10-22 22:04:14,2025-04-23 08:36:38,80_2025Apr上海
IMG_9197.MOV,c58d2de0d0dfddd0ba8ed4f94d541f77,2025-10-22 22:04:14,2025-04-23 08:38:38,80_2025Apr上海
IMG_9198.MOV,09bb6a7770d2132ac981167305c7190c,2025-10-22 22:04:15,2025-04-23 08:50:06,80_2025Apr上海
IMG_9199.HEIC,41619c2a181e1fc3f78023ba14f262b4,2025-10-22 22:04:15,2025-04-23 08:51:36,80_2025Apr上海
IMG_9200.MOV,e2efa2049b63f9ed1fe25fe639a60a82,2025-10-22 22:04:15,2025-04-23 08:51:40,80_2025Apr上海
IMG_9201.HEIC,69215206c3b6e00a47be2811c2d6c90f,2025-10-22 22:04:15,2025-04-23 20:05:12,80_2025Apr上海
IMG_9202.HEIC,c541c819543d796eb805a462cfa1c8f5,2025-10-22 22:04:15,2025-04-23 20:06:34,80_2025Apr上海
IMG_9203.HEIC,2879e675f481492ff2d2d9542f551ba0,2025-10-22 22:04:15,2025-04-23 20:06:38,80_2025Apr上海
IMG_9204.MOV,6bd527861ee7e62610506b043bfae94d,2025-10-22 22:04:15,2025-04-23 20:08:00,80_2025Apr上海
IMG_9205.MOV,c2e324a90e150eb95efab59be416a1a8,2025-10-22 22:04:15,2025-04-23 20:11:12,80_2025Apr上海
IMG_9206.HEIC,92ede0b9906d66ecb70178cc8628d5c9,2025-10-22 22:04:15,2025-04-23 20:37:18,80_2025Apr上海
IMG_9207.PNG,910b99d64be15a67609a72dc35413985,2025-10-22 22:04:15,2025-04-23 21:34:50,80_2025Apr上海
IMG_9208.HEIC,33242fe6d3b882479b4a1fc995ad084a,2025-10-22 22:04:15,2025-04-23 22:36:52,80_2025Apr上海
IMG_9209.HEIC,84d765d25f2712a9e924dcedfb5a96a9,2025-10-22 22:04:15,2025-04-23 22:37:32,80_2025Apr上海
IMG_9210.HEIC,e7f883dc999c779c215447eed6e3bcb4,2025-10-22 22:04:15,2025-04-23 22:39:32,80_2025Apr上海
IMG_9211.HEIC,745592bea8cca40c3820ac0681a408e2,2025-10-22 22:04:16,2025-04-23 22:40:00,80_2025Apr上海
IMG_9212.HEIC,d9235e9ec5d2e43ec6d854c1154ae93e,2025-10-22 22:04:16,2025-04-23 22:40:30,80_2025Apr上海
IMG_9213.HEIC,a32218d786f84c210ac2f75c5aa175a9,2025-10-22 22:04:16,2025-04-24 01:57:44,80_2025Apr上海
IMG_9214.HEIC,2bf2f5dc87728b07aa4b26209046b33a,2025-10-22 22:04:16,2025-04-24 01:58:08,80_2025Apr上海
IMG_9215.HEIC,bd2cc6880c8a4ae41e1f9acb0f530e94,2025-10-22 22:04:16,2025-04-24 01:59:12,80_2025Apr上海
IMG_9216.HEIC,22f0575b5d0eed175423f04fcc2126e0,2025-10-22 22:04:16,2025-04-24 01:59:20,80_2025Apr上海
IMG_9217.HEIC,90d7870d4455e76f43ae90ae10797c8a,2025-10-22 22:04:16,2025-04-24 02:02:02,80_2025Apr上海
IMG_9218.HEIC,c80e6499aca0740a3a1caa96e06d007e,2025-10-22 22:04:16,2025-04-24 02:04:44,80_2025Apr上海
IMG_9219.HEIC,15e4073c3d53a1a29af501a9d5c3c9f3,2025-10-22 22:04:16,2025-04-24 02:04:56,80_2025Apr上海
IMG_9220.HEIC,784df38b88b6c3f1f85abf1a3fa80b5d,2025-10-22 22:04:16,2025-04-24 02:05:44,80_2025Apr上海
IMG_9221.PNG,3fdc2fcdb78a6c15c468a7788f2ab8ab,2025-10-22 22:04:16,2025-04-24 02:20:42,80_2025Apr上海
IMG_9222.PNG,0df95f4346e64808301b5354ef5a0ed2,2025-10-22 22:04:16,2025-04-24 02:22:18,80_2025Apr上海
IMG_9223.PNG,df7a193e18a2a9b693df3263c440d3e3,2025-10-22 22:04:16,2025-04-24 02:31:24,80_2025Apr上海
IMG_9224.HEIC,e214f8b1a2f7d9a09ab1ab4e0e7c45ce,2025-10-22 22:04:16,2025-04-24 04:24:38,80_2025Apr上海
IMG_9225.HEIC,d693964d5773113449031adc79f02417,2025-10-22 22:04:16,2025-04-24 04:24:46,80_2025Apr上海
IMG_9226.HEIC,02cf82f22561802ae9c9532ebdcda108,2025-10-22 22:04:16,2025-04-24 05:55:50,80_2025Apr上海
IMG_9228.HEIC,d3f24c48a18385041e6d304d120b5e1f,2025-10-22 22:04:16,2025-04-24 06:25:52,80_2025Apr上海
IMG_9229.HEIC,8f9ece2613ca7950a8f616447ed4b6cc,2025-10-22 22:04:16,2025-04-24 06:26:06,80_2025Apr上海
IMG_9230.jpg,e9a1886c9bd5bd9021d77b22c850c17a,2025-10-22 22:04:16,2025-04-24 06:43:52,80_2025Apr上海
IMG_9232.HEIC,2bd386e4c27c9875b7e13ea5597f990f,2025-10-22 22:04:16,2025-04-24 20:37:28,80_2025Apr上海
IMG_9233.HEIC,5a527d00018eef2f122b7c28b0b462b0,2025-10-22 22:04:16,2025-04-24 20:37:34,80_2025Apr上海
IMG_9234.HEIC,bc1d0a94181228798750ee10c4338fd5,2025-10-22 22:04:16,2025-04-24 20:37:36,80_2025Apr上海
IMG_9235.HEIC,bfeea4ffc126c195f695e784d4435694,2025-10-22 22:04:16,2025-04-24 20:37:46,80_2025Apr上海
IMG_9236.MOV,5a94206dc7082b2e92119ac77bc46c23,2025-10-22 22:04:16,2025-04-24 20:39:02,80_2025Apr上海
IMG_9237.MOV,5e95991adebbe07226b0ca93e820a111,2025-10-22 22:04:16,2025-04-24 20:39:36,80_2025Apr上海
IMG_9238.MOV,630f05245cef815be80eb69cfe9ae98a,2025-10-22 22:04:16,2025-04-24 20:42:04,80_2025Apr上海
IMG_9240.HEIC,f45f0df859c58014006dd50bdf49926e,2025-10-22 22:04:16,2025-04-24 21:37:06,80_2025Apr上海
IMG_9241.HEIC,466716d22239c2fb297597455a293309,2025-10-22 22:04:16,2025-04-24 21:37:24,80_2025Apr上海
IMG_9242.HEIC,3d4f38d653c6233422c15635df6716b0,2025-10-22 22:04:16,2025-04-24 21:37:30,80_2025Apr上海
IMG_9243.HEIC,994345803dc452540bc0a1d3477bdbe9,2025-10-22 22:04:16,2025-04-24 21:37:36,80_2025Apr上海
IMG_9244.HEIC,26ca5805c884ae9da1a801afa5e67de7,2025-10-22 22:04:16,2025-04-24 23:50:00,80_2025Apr上海
IMG_9245.MOV,e76c54f9dbacfaca5ef3c3eb6fc8fa71,2025-10-22 22:04:16,2025-04-24 23:56:04,80_2025Apr上海
IMG_9246.MOV,aa2d777367ac09f94811f2c0f5ff331e,2025-10-22 22:04:16,2025-04-25 00:30:30,80_2025Apr上海
IMG_9247.HEIC,6a496eb82b71949e07856a821ed99ad7,2025-10-22 22:04:16,2025-04-25 00:31:24,80_2025Apr上海
IMG_9248.HEIC,0616bba844b267a250823cf26cd56fa8,2025-10-22 22:04:16,2025-04-25 00:31:26,80_2025Apr上海
IMG_9249.MOV,cdfd754184ab1f3d035e993e3c6e39c0,2025-10-22 22:04:16,2025-04-25 00:36:40,80_2025Apr上海
IMG_9250.MOV,9261fc895af242c7196765d02d99d510,2025-10-22 22:04:16,2025-04-25 00:40:20,80_2025Apr上海
IMG_9251.MOV,752fefc326144eaa547e2635a8d69c20,2025-10-22 22:04:16,2025-04-25 00:40:56,80_2025Apr上海
IMG_9252.HEIC,d72ea02786a1378ff1efbd7a25cf2d01,2025-10-22 22:04:17,2025-04-25 00:45:00,80_2025Apr上海
IMG_9253.HEIC,e9603d12d37f1c8d3e2a304f89ad0566,2025-10-22 22:04:17,2025-04-25 00:45:00,80_2025Apr上海
IMG_9254.HEIC,041155bcd598b26e96d676b9f6c31309,2025-10-22 22:04:17,2025-04-25 00:45:02,80_2025Apr上海
IMG_9255.HEIC,e0a4c32a1e29ea6eecc07bf238132b04,2025-10-22 22:04:17,2025-04-25 00:45:24,80_2025Apr上海
IMG_9256.HEIC,d24420ba2812f39906909f52599e69ad,2025-10-22 22:04:17,2025-04-25 00:45:26,80_2025Apr上海
IMG_9257.HEIC,4f2bd0c8ee2436dfe6f930bfa23a28a4,2025-10-22 22:04:17,2025-04-25 00:45:50,80_2025Apr上海
IMG_9258.HEIC,551f9f0ea87db0801b732ae07b3fbabf,2025-10-22 22:04:17,2025-04-25 00:45:56,80_2025Apr上海
IMG_9259.HEIC,404870139abc9ce224246d00713437c6,2025-10-22 22:04:17,2025-04-25 00:46:00,80_2025Apr上海
IMG_9260.HEIC,fa6e05c42a290484efd95d5a37934a8e,2025-10-22 22:04:17,2025-04-25 00:46:30,80_2025Apr上海
IMG_9261.HEIC,a0eea75795b419322e8d2e3007e4b477,2025-10-22 22:04:17,2025-04-25 00:46:32,80_2025Apr上海
IMG_9262.HEIC,e7ebd0d3d07ff4e6f378957e9afe32aa,2025-10-22 22:04:17,2025-04-25 00:53:10,80_2025Apr上海
IMG_9263.MOV,420d239d9d6624031e5de92591b21b65,2025-10-22 22:04:17,2025-04-25 01:05:32,80_2025Apr上海
IMG_9264.jpg,9d55b9f98fa145b532cbfd8a2dd916ad,2025-10-22 22:04:17,2025-04-25 01:33:00,80_2025Apr上海
IMG_9265.MOV,03b13aec662f666bbbce02401ceac5be,2025-10-22 22:04:17,2025-04-25 02:59:26,80_2025Apr上海
IMG_9267.HEIC,e1ff7f6f41927aec39f655bfa1dc1813,2025-10-22 22:04:17,2025-04-25 09:56:54,80_2025Apr上海
IMG_9272.HEIC,bc4c563d03ae9da223db2e393f11ea36,2025-10-22 22:05:19,2025-04-26 22:27:02,87_2025May香港
IMG_9275.HEIC,da652009ec69106434412e1a07a639be,2025-10-22 22:05:19,2025-04-26 22:27:10,87_2025May香港
IMG_9276.HEIC,67e15cdaffe8038f6df0966320fa7063,2025-10-22 22:05:19,2025-04-26 22:44:16,87_2025May香港
IMG_9278.HEIC,27ed9caabfeb031696ae156d260064e0,2025-10-22 22:05:19,2025-04-26 22:59:18,87_2025May香港
IMG_9279.HEIC,aae501f319fc163933526b7c1d281270,2025-10-22 22:05:19,2025-04-26 23:11:16,87_2025May香港
IMG_9280.HEIC,5262e4a6113c8723698d356d1aa7e0b4,2025-10-22 22:05:19,2025-04-26 23:11:26,87_2025May香港
IMG_9281.HEIC,eec73d8e0410a848eb7d495a62a8f519,2025-10-22 22:05:19,2025-04-26 23:30:16,87_2025May香港
IMG_9282.HEIC,53d573cfab97ce8c6f7ff5587ad7043a,2025-10-22 22:05:19,2025-04-26 23:30:26,87_2025May香港
IMG_9283.HEIC,2c4a97efb58bdc7108444108c1a923ea,2025-10-22 22:05:19,2025-04-26 23:30:34,87_2025May香港
IMG_9284.HEIC,814edc09b62062436764bf72f76e82ec,2025-10-22 22:05:19,2025-04-26 23:30:42,87_2025May香港
IMG_9285.HEIC,5d9c3180ba620a5966161e6f89003887,2025-10-22 22:05:19,2025-04-26 23:30:48,87_2025May香港
IMG_9286.HEIC,e3f93e256627bb270aefa51e7d613346,2025-10-22 22:05:19,2025-04-27 00:35:26,87_2025May香港
IMG_9287.HEIC,c0a9035529935917aa784d215d98a730,2025-10-22 22:05:19,2025-04-27 00:51:54,87_2025May香港
IMG_9288.HEIC,0c232481028c85f28bd74ec94580ee23,2025-10-22 22:05:19,2025-04-27 00:51:56,87_2025May香港
IMG_9289.HEIC,755fe790311c850541e6a2eeca1624cb,2025-10-22 22:05:19,2025-04-27 00:52:20,87_2025May香港
IMG_9290.HEIC,298d7db20a23c040776a30f2d486a65c,2025-10-22 22:05:19,2025-04-27 01:30:28,87_2025May香港
IMG_9291.HEIC,045c3bc888370c956c7c0ff894d9a2b9,2025-10-22 22:05:19,2025-04-27 01:30:38,87_2025May香港
IMG_9294.HEIC,b2262c30e008e84916af52a465bc90a3,2025-10-22 22:05:19,2025-04-28 00:44:46,87_2025May香港
IMG_9295.HEIC,22c5e906b9ef947b066524a4ed549fa2,2025-10-22 22:05:19,2025-04-28 02:48:20,87_2025May香港
IMG_9296.HEIC,e095acefd6c05e5073265e6f83fa63c9,2025-10-22 22:05:19,2025-04-28 02:48:38,87_2025May香港
IMG_9297.HEIC,1d551c83c7d1c3eb32be228423fba8b5,2025-10-22 22:05:19,2025-04-28 02:48:44,87_2025May香港
IMG_9298.HEIC,61f6c3245dd21fbb4794c5be0bf2c605,2025-10-22 21:57:39,2025-04-28 03:53:52,PengChau
IMG_9299.HEIC,a8ce0aa9c2c0a04a1bcfe8a6c4ddc131,2025-10-22 21:57:39,2025-04-28 03:53:56,PengChau
IMG_9300.HEIC,a9bd77333d2ec74bf1b21118020f7a28,2025-10-22 21:57:39,2025-04-28 19:29:00,PengChau
IMG_9301.HEIC,f4b7a0781a6e2ae41a2e425bdd6075b8,2025-10-22 21:57:39,2025-04-28 19:29:52,PengChau
IMG_9302.HEIC,8f98e7ab10b362881ff756e74a4be9d6,2025-10-22 21:57:39,2025-04-28 19:30:18,PengChau
IMG_9304.heic,06a466945096741b55c40f3298b131c4,2025-10-22 22:05:04,2025-04-28 22:36:44,85_2025May深圳
IMG_9305.HEIC,17d966af97ba6ffda4994a20be552652,2025-10-22 22:05:04,2025-04-28 22:36:46,85_2025May深圳
IMG_9306.HEIC,74a92e39b0c57e5e8c5f3ed235521d30,2025-10-22 22:05:04,2025-04-28 22:50:54,85_2025May深圳
IMG_9307.HEIC,d61fdd2b8e28a8bdcb7dcfcd2dd144d9,2025-10-22 22:05:04,2025-04-28 22:50:56,85_2025May深圳
IMG_9308.HEIC,98045509312027a904c96426ae86af97,2025-10-22 22:05:04,2025-04-28 22:53:10,85_2025May深圳
IMG_9309.HEIC,cf2990480ab8a4fc90b23589397ab896,2025-10-22 22:05:04,2025-04-28 22:54:04,85_2025May深圳
IMG_9310.heic,971b76861dd34a714bbf57faafd6bcfd,2025-10-22 22:05:04,2025-04-29 00:00:26,85_2025May深圳
IMG_9311.HEIC,4d25c9082277a8ae03338a43f82a2fae,2025-10-22 22:05:04,2025-04-29 00:38:14,85_2025May深圳
IMG_9312.HEIC,eb97599144dd4156d8ae66f1e83f0ae1,2025-10-22 22:05:04,2025-04-29 00:42:54,85_2025May深圳
IMG_9313.HEIC,d4d6146eff4b1af8c205a4af59858c8b,2025-10-22 22:05:04,2025-04-29 00:43:08,85_2025May深圳
IMG_9314.HEIC,b337e2694fd19251318521a258e40207,2025-10-22 22:05:04,2025-04-29 01:06:54,85_2025May深圳
IMG_9315.HEIC,93715a4d24ba737eae930c25bd8de84b,2025-10-22 22:05:04,2025-04-29 01:07:04,85_2025May深圳
IMG_9316.HEIC,8384de8fdcea26bc034dcab506eae01d,2025-10-22 22:05:04,2025-04-29 01:07:16,85_2025May深圳
IMG_9317.HEIC,0982676550caa34a21307fddd8c0e8b7,2025-10-22 22:05:04,2025-04-29 01:07:24,85_2025May深圳
IMG_9320.HEIC,0293c2e8230ac30a60e9a74bb134c272,2025-10-22 22:05:04,2025-04-29 04:40:02,85_2025May深圳
IMG_9321.HEIC,83d9d1c8b7c0482aed7e7f822bddb3d2,2025-10-22 22:05:04,2025-04-29 05:14:58,85_2025May深圳
IMG_9322.HEIC,aee2a504d857306bbb63e54f2eb82e56,2025-10-22 22:05:04,2025-04-29 05:15:12,85_2025May深圳
IMG_9323.PNG,fafeb783f762230bc6148b0b8273c813,2025-10-22 22:05:04,2025-04-29 06:07:22,85_2025May深圳
IMG_9324.HEIC,6e76f816acdfb39340b3d22a468e00b3,2025-10-22 22:05:04,2025-04-29 06:07:34,85_2025May深圳
IMG_9325.heic,cd353355047ace368a21f004c69495c6,2025-10-22 22:05:04,2025-04-29 06:07:44,85_2025May深圳
IMG_9326.HEIC,2d0fc5b1d3b96653c3d9468ec5060f61,2025-10-22 22:05:04,2025-04-29 06:18:46,85_2025May深圳
IMG_9327.HEIC,f7cdde56e2472857d9e394902defd4e7,2025-10-22 22:05:04,2025-04-29 06:23:32,85_2025May深圳
IMG_9328.HEIC,37ad915ca71ee1a83d453677f84dfb73,2025-10-22 22:05:04,2025-04-29 06:23:36,85_2025May深圳
IMG_9329.HEIC,45bcdb4bb75f6e2c99b6450b9dbdab87,2025-10-22 22:05:04,2025-04-29 06:30:04,85_2025May深圳
IMG_9330.HEIC,1ef32f0584755367d7a2f3bdba27ed97,2025-10-22 22:05:04,2025-04-29 06:30:16,85_2025May深圳
IMG_9331.HEIC,2a5fed0ffe8cbf51679ef2088a14d986,2025-10-22 22:05:04,2025-04-29 07:21:50,85_2025May深圳
IMG_9332.HEIC,8cb8fed90bb654a0f6516a614952c738,2025-10-22 22:05:04,2025-04-29 07:45:08,85_2025May深圳
IMG_9333.HEIC,b2983a40fed849086c3c5b9a803c3b83,2025-10-22 22:05:04,2025-04-29 07:45:14,85_2025May深圳
IMG_9334.heic,742ff9775c9a4884e70aa9e07b7338a2,2025-10-22 22:05:04,2025-04-29 07:49:30,85_2025May深圳
IMG_9335.heic,0726ea02784fe5150fd80fe4b153baf7,2025-10-22 22:05:04,2025-04-29 07:49:32,85_2025May深圳
IMG_9338.heic,372afe53da29e79157c4e3dc9145ce22,2025-10-22 22:05:04,2025-04-29 08:02:28,85_2025May深圳
IMG_9339.HEIC,3e7b37b526bed208369d027988753a7f,2025-10-22 22:05:04,2025-04-29 08:08:10,85_2025May深圳
IMG_9341.jpg,4668f7d194052122909f4d344ee9d9bd,2025-10-22 21:56:35,2025-04-30 00:41:48,Orders
IMG_9342.PNG,33f8cb3a92f2c5887c58183046d0158d,2025-10-22 21:56:35,2025-04-30 04:03:08,Orders
IMG_9343.HEIC,c7c122899d66449cddfb687d8bd6e30b,2025-10-22 21:57:39,2025-04-30 05:11:10,PengChau
IMG_9344.HEIC,772c4ee2389d941805ebf6e876db4cd5,2025-10-22 21:57:39,2025-04-30 05:11:12,PengChau
IMG_9345.HEIC,cf1eb0ad39163543bd6adc89db2879dd,2025-10-22 21:57:39,2025-04-30 05:42:58,PengChau
IMG_9346.HEIC,4aae448fe0f9a410c151b69f5ba61bd1,2025-10-22 21:57:39,2025-04-30 05:43:10,PengChau
IMG_9347.MOV,0ac8c5bda34d1e292360f0a5af736fa3,2025-10-22 21:57:39,2025-04-30 05:43:48,PengChau
IMG_9351.HEIC,2ff6eba0ec8ac5a0852eadf725ec09cf,2025-10-22 21:57:40,2025-05-01 00:39:42,_iPhone
IMG_9352.MOV,bc6910cb0d22170f24e4356f8611a178,2025-10-22 21:56:35,2025-05-01 04:12:20,Orders
IMG_9356.HEIC,19d9b493a58db54decc648ee11203971,2025-10-22 22:05:19,2025-05-01 05:09:22,87_2025May香港
IMG_9357.jpg,bd686ceb4ff13a762c025e471526835c,2025-10-22 21:56:36,2025-05-01 05:49:50,Orders
IMG_9358.PNG,4d9d81c1692645cb06111a68653c6e32,2025-10-22 21:56:36,2025-05-01 05:50:42,Orders
IMG_9359.MOV,2d9a05f1fe934191f737d27de2be5494,2025-10-22 21:57:39,2025-05-01 06:57:46,PengChau
IMG_9360.HEIC,50fadd60f4d36e77c73499bb3bf78b48,2025-10-22 21:57:39,2025-05-01 20:08:10,PengChau
IMG_9361.HEIC,6307a5e0e7e5042028b56ff3fd7a1739,2025-10-22 21:57:39,2025-05-01 20:09:06,PengChau
IMG_9362.HEIC,93ed25855587d328427336afc300860f,2025-10-22 21:57:39,2025-05-01 20:09:50,PengChau
IMG_9363.HEIC,a841bd675fdde100bbaa754b9d97466a,2025-10-22 21:57:39,2025-05-01 20:10:00,PengChau
IMG_9364.HEIC,b81608822df4b51bd0389bc5a4a723d6,2025-10-22 21:57:39,2025-05-01 20:10:38,PengChau
IMG_9365.HEIC,e32824c44336f930d30587e81417b173,2025-10-22 21:57:39,2025-05-01 20:11:32,PengChau
IMG_9366.HEIC,f055163b0da446d0e1b63f76830a0401,2025-10-22 21:57:39,2025-05-01 20:12:20,PengChau
IMG_9367.HEIC,b2fc8c1f21ca7bedd5ea21ce3b48e096,2025-10-22 21:57:39,2025-05-01 20:12:36,PengChau
IMG_9368.HEIC,d3e47e202b44f8f23e1ca6b695309310,2025-10-22 21:57:39,2025-05-01 20:12:56,PengChau
IMG_9369.HEIC,f0c0ddb4addfb0139b489e2f4174bab0,2025-10-22 21:57:39,2025-05-01 20:13:10,PengChau
IMG_9370.HEIC,8dab8fe48dc69551b40d44e4fe370dca,2025-10-22 21:57:39,2025-05-01 20:13:14,PengChau
IMG_9371.HEIC,cb943842d265d4e795c48d4f89ae2861,2025-10-22 21:57:39,2025-05-01 20:13:26,PengChau
IMG_9372.HEIC,5efcc94ea38165741c8855b150be31d3,2025-10-22 21:57:39,2025-05-01 20:14:14,PengChau
IMG_9373.HEIC,811b0bd0fc625b096b7f7fc6d3bad34f,2025-10-22 21:57:39,2025-05-01 20:15:02,PengChau
IMG_9374.HEIC,dfcfcadd2363fa4281d414ef16f253c6,2025-10-22 21:57:39,2025-05-01 20:15:28,PengChau
IMG_9376.HEIC,8a253223ec0cbdd980f0464a7b407c33,2025-10-22 21:57:39,2025-05-01 20:23:36,PengChau
IMG_9377.HEIC,f51d35052e5a1867077e187fc8e818ca,2025-10-22 21:57:39,2025-05-01 20:23:56,PengChau
IMG_9378.HEIC,bea2f7b86c437f283e601d824a8f7556,2025-10-22 21:57:39,2025-05-01 20:24:08,PengChau
IMG_9381.HEIC,f39da460c138238dd694b8cc1b154cf8,2025-10-22 22:05:19,2025-05-01 23:00:42,87_2025May香港
IMG_9382.heic,c1ee0fc8fc31a8dee79510b47acdc1b3,2025-10-22 22:05:19,2025-05-01 23:04:08,87_2025May香港
IMG_9383.jpg,30eb2b1bc329aa0c0cc1403511946b82,2025-10-22 22:05:19,2025-05-01 23:22:12,87_2025May香港
IMG_9385.MOV,0a75394575c6c9bf94ec4b063f39d98a,2025-10-22 22:05:19,2025-05-02 04:05:16,87_2025May香港
IMG_9386.HEIC,8949f183295e7324f3688d9a4a24be05,2025-10-22 22:05:19,2025-05-02 04:14:08,87_2025May香港
IMG_9387.HEIC,098c6b520b0e44152144340009474b39,2025-10-22 22:05:19,2025-05-02 05:23:00,87_2025May香港
IMG_9388.HEIC,306de14a46d38bd133393058a539f7af,2025-10-22 22:05:19,2025-05-02 05:27:00,87_2025May香港
IMG_9389.HEIC,da52c819fc5781931fdc747f60d73ec3,2025-10-22 22:05:19,2025-05-02 05:27:02,87_2025May香港
IMG_9390.HEIC,c9c1fe392e631c18a2090972c4b874e3,2025-10-22 22:05:19,2025-05-02 05:27:12,87_2025May香港
IMG_9391.HEIC,dc4952c5d17cd1b22812373555a4da13,2025-10-22 22:05:19,2025-05-02 05:28:46,87_2025May香港
IMG_9392.HEIC,cc69a54277048ca93f5bfac00f3d0d8b,2025-10-22 22:05:19,2025-05-02 05:36:40,87_2025May香港
IMG_9393.HEIC,aa731651531f04f2a0ea6d8dee241d78,2025-10-22 22:05:19,2025-05-02 05:36:54,87_2025May香港
IMG_9394.HEIC,70e2069e5bbad98a384dd4a5ef6ab9cc,2025-10-22 22:05:19,2025-05-02 05:46:24,87_2025May香港
IMG_9395.HEIC,9c4625505267a3bbc1aac460cb2a0bd1,2025-10-22 22:05:19,2025-05-02 05:47:10,87_2025May香港
IMG_9396.HEIC,08be2cd4747c6d9f5e14159da054d939,2025-10-22 22:05:19,2025-05-02 05:47:18,87_2025May香港
IMG_9397.HEIC,2aaead430dd5d622f4d9cb234300a76d,2025-10-22 22:05:19,2025-05-02 07:29:50,87_2025May香港
IMG_9398.HEIC,2d4ce99a7541a4b10f14c7bbeae70995,2025-10-22 22:05:19,2025-05-02 07:29:52,87_2025May香港
IMG_9400.HEIC,051c45f1a54c77492eb2606bd1134b41,2025-10-22 21:57:39,2025-05-02 19:06:22,PengChau
IMG_9405.jpg,96d92a7b3a0854374a675419e0bb255f,2025-10-22 21:57:39,2025-05-02 22:08:46,PengChau
IMG_9406.jpg,d7231690f48fd0384f3dced06e92c1e7,2025-10-22 21:56:36,2025-05-02 22:20:46,Orders
IMG_9407.jpg,9af9ec8581532e357c698a8cc5befb74,2025-10-22 22:05:19,2025-05-03 08:16:14,87_2025May香港
IMG_9408.HEIC,8ef2ce244d1c91a48fb11d322cf06e02,2025-10-22 21:57:39,2025-05-04 00:21:04,PengChau
IMG_9409.MOV,cedd12842a887e3f978c543969f21576,2025-10-22 21:57:39,2025-05-04 00:21:10,PengChau
IMG_9415.heic,745e5baf09feeca7fe0d615c430a9c87,2025-10-22 22:07:29,2025-05-05 00:42:40,Captures
IMG_9416.heic,ccc91c0ffeb6c4efe93741d7a1a61dd1,2025-10-22 22:07:29,2025-05-05 00:43:18,Captures
IMG_9417.heic,f6e6e453c1226ec44f12eaa79d851d88,2025-10-22 22:07:29,2025-05-05 00:43:26,Captures
IMG_9418.HEIC,d3e9421b35c5a76a1db156ab09353cf5,2025-10-22 22:04:39,2025-05-05 01:56:04,82_2025May香港長州
IMG_9420.HEIC,a47a3f62855200c112679fe5300bd75b,2025-10-22 22:04:39,2025-05-05 02:28:48,82_2025May香港長州
IMG_9422.HEIC,87eda2a15472e63a4042266a02227971,2025-10-22 22:04:39,2025-05-05 02:28:56,82_2025May香港長州
IMG_9423.HEIC,82faf1bf2105ed44b6a49b7b5e97ef75,2025-10-22 22:04:39,2025-05-05 02:29:02,82_2025May香港長州
IMG_9424.HEIC,c26a76416187601975a57e9f732e7467,2025-10-22 22:04:39,2025-05-05 02:29:12,82_2025May香港長州
IMG_9425.HEIC,5ddf2220d60225215e78fae6df76366b,2025-10-22 22:04:39,2025-05-05 02:30:06,82_2025May香港長州
IMG_9426.HEIC,ebc57e9127b5381426028abee7d0dc4c,2025-10-22 22:04:39,2025-05-05 02:30:14,82_2025May香港長州
IMG_9427.HEIC,2cc720849dffba2eec3709f6bdc96fb3,2025-10-22 22:04:40,2025-05-05 02:31:42,82_2025May香港長州
IMG_9428.HEIC,00131bbacc1171315d522faca67a4645,2025-10-22 22:04:40,2025-05-05 02:31:44,82_2025May香港長州
IMG_9429.HEIC,2078dc48a2aaccbe2c3f05a0578a28a1,2025-10-22 22:04:40,2025-05-05 02:31:50,82_2025May香港長州
IMG_9430.heic,03ee852516ce6a8c2a9c6a1bcdfa529e,2025-10-22 22:04:40,2025-05-05 02:34:00,82_2025May香港長州
IMG_9432.HEIC,eb46ffd19e9b18c8890f20fcc18021b3,2025-10-22 22:04:40,2025-05-05 02:34:10,82_2025May香港長州
IMG_9434.HEIC,4ad12c934d6710f9b8091a2a2da6e5f1,2025-10-22 22:04:40,2025-05-05 03:12:10,82_2025May香港長州
IMG_9435.HEIC,0103419e8bff9a44a953a63f8c5f3f15,2025-10-22 22:04:40,2025-05-05 03:12:12,82_2025May香港長州
IMG_9436.HEIC,4c94c718608e9d74ffa319efb9d72a2a,2025-10-22 22:04:40,2025-05-05 03:12:16,82_2025May香港長州
IMG_9437.HEIC,bde997eee2d4c2b4c16a143f749b2cda,2025-10-22 22:04:40,2025-05-05 03:12:56,82_2025May香港長州
IMG_9438.HEIC,73e7e4eab4b1ae51d4b69f9c2f8877e1,2025-10-22 22:04:40,2025-05-05 03:12:58,82_2025May香港長州
IMG_9439.HEIC,a433c9fc282bdc0b491b7bb36dea1f71,2025-10-22 22:04:40,2025-05-05 03:12:58,82_2025May香港長州
IMG_9440.HEIC,db256ee5bcd21e1e91bfd031098c34de,2025-10-22 22:04:40,2025-05-05 03:13:06,82_2025May香港長州
IMG_9441.HEIC,7fb0792765635f80e8faa63ad32acb55,2025-10-22 22:04:40,2025-05-05 03:13:08,82_2025May香港長州
IMG_9442.HEIC,627cce23a9f74a0c44ed4024fb9fb5d0,2025-10-22 22:04:40,2025-05-05 03:14:56,82_2025May香港長州
IMG_9443.HEIC,2b1530f11960875b4a2a8a056f0a5f09,2025-10-22 22:04:40,2025-05-05 03:15:02,82_2025May香港長州
IMG_9444.HEIC,c1285c368410791d1bacdc6a7d1fd1fd,2025-10-22 22:04:40,2025-05-05 03:33:00,82_2025May香港長州
IMG_9445.HEIC,3feb45ef16fc60d8dd836fcb2f67c3a5,2025-10-22 22:04:40,2025-05-05 03:35:48,82_2025May香港長州
IMG_9446.HEIC,8bc38ec2448f98a2280ec72fc246da57,2025-10-22 22:04:40,2025-05-05 03:35:54,82_2025May香港長州
IMG_9447.HEIC,e4a7c267289ea213ec0407acd8e87599,2025-10-22 22:04:40,2025-05-05 03:36:18,82_2025May香港長州
IMG_9448.HEIC,9ace48914e7accbf518a2641f2c815ac,2025-10-22 22:04:40,2025-05-05 03:36:20,82_2025May香港長州
IMG_9449.HEIC,f026780b56227a5d9111f2a6947d73c5,2025-10-22 22:04:40,2025-05-05 04:13:12,82_2025May香港長州
IMG_9451.HEIC,20a8f286949fbb1339a23f8b21011202,2025-10-22 22:04:40,2025-05-05 04:45:46,82_2025May香港長州
IMG_9452.HEIC,2f00b24ecc41c5237b87d6e1fa51b112,2025-10-22 22:04:40,2025-05-05 04:45:52,82_2025May香港長州
IMG_9453.HEIC,90ecee30b4343169a3eba45f5a049b65,2025-10-22 22:04:40,2025-05-05 04:45:58,82_2025May香港長州
IMG_9454.HEIC,0d2b647822ba101fbd82162faa3a6ece,2025-10-22 22:04:40,2025-05-05 04:46:32,82_2025May香港長州
IMG_9455.HEIC,d11ba79787313685cd65d5470e7b1918,2025-10-22 22:04:40,2025-05-05 04:52:54,82_2025May香港長州
IMG_9456.HEIC,7b4a38ba934667f97d44ed0ccf2f3287,2025-10-22 22:04:40,2025-05-05 04:54:02,82_2025May香港長州
IMG_9457.HEIC,29291a0f625cb13d5ecbc1b4a9535772,2025-10-22 22:04:40,2025-05-05 04:54:06,82_2025May香港長州
IMG_9458.HEIC,c25e26d97af5099b78497ad1995ea44d,2025-10-22 22:04:40,2025-05-05 04:54:10,82_2025May香港長州
IMG_9460.HEIC,5325c7d3930a200a4cfaa7fec514d20c,2025-10-22 22:04:40,2025-05-05 04:54:36,82_2025May香港長州
IMG_9461.HEIC,ab0374657cbcd6a48be2ea2c84317264,2025-10-22 22:04:40,2025-05-05 04:54:38,82_2025May香港長州
IMG_9463.HEIC,6ac91067cc7116adf2764539687035f3,2025-10-22 22:04:40,2025-05-05 06:04:46,82_2025May香港長州
IMG_9464.HEIC,aa2ca5b01b5f20f6b4d2ee22f1f2a06f,2025-10-22 22:04:40,2025-05-05 06:04:50,82_2025May香港長州
IMG_9465.HEIC,9f2df5af99788c903689679b967259c3,2025-10-22 22:04:40,2025-05-05 06:22:04,82_2025May香港長州
IMG_9466.HEIC,26adafd5d0dfdabb3228a4fc5da1cebf,2025-10-22 22:04:40,2025-05-05 06:22:14,82_2025May香港長州
IMG_9468.PNG,6445aefa641888c6e4beacfaff3bebce,2025-10-22 21:56:36,2025-05-05 22:14:54,Orders
IMG_9469.jpg,5b497eab48fd25f60b0061d82f1959d1,2025-10-22 21:56:36,2025-05-05 22:15:32,Orders
IMG_9471.jpg,9230a98e5c581fcc2b4a41bb4b30e2eb,2025-10-22 21:56:36,2025-05-05 22:16:04,Orders
IMG_9477.HEIC,a1057d00c912c7c5a01ee06fb938a232,2025-10-22 22:05:19,2025-05-06 06:22:56,87_2025May香港
IMG_9478.HEIC,5b227358a188ee9b8c0dc141957fbda8,2025-10-22 22:05:19,2025-05-06 06:23:06,87_2025May香港
IMG_9479.heic,367fdd9f6702ef31817c5f9a36d3320c,2025-10-22 21:56:36,2025-05-06 06:44:06,Orders
IMG_9480.heic,efe3270982a62436f74fe35ca0723c06,2025-10-22 21:56:36,2025-05-06 06:44:10,Orders
IMG_9481.heic,8267157e56f89a3b6fe40148394815f5,2025-10-22 21:56:36,2025-05-06 06:44:18,Orders
IMG_9482.heic,3222b46ae5fbfbe493701a8d3e1133a1,2025-10-22 21:56:36,2025-05-06 06:44:24,Orders
IMG_9483.HEIC,52f42e119ac216cc7f917433aa08f2fc,2025-10-22 21:56:36,2025-05-06 06:45:22,Orders
IMG_9484.HEIC,599fb397c39b62030d75c3f458da8f5a,2025-10-22 21:56:36,2025-05-06 06:47:52,Orders
IMG_9485.HEIC,6afc27697e21784be0b2ab4bcff8536a,2025-10-22 21:56:36,2025-05-06 06:48:00,Orders
IMG_9486.HEIC,a862fbb6b240a4ea8aebbf4d80e59251,2025-10-22 21:56:36,2025-05-06 06:48:34,Orders
IMG_9487.HEIC,3a449c39a31cd836d5fa2856f0fc50d8,2025-10-22 22:07:29,2025-05-06 08:34:24,KTYSC
IMG_9488.HEIC,8878a0dcc7362564cc5cb2a3a48ccec0,2025-10-22 22:07:29,2025-05-06 08:34:30,KTYSC
IMG_9489.HEIC,5b01e03ac42d96c97ecc79445c7680b5,2025-10-22 22:07:29,2025-05-06 08:34:34,KTYSC
IMG_9490.HEIC,6a3da5462e8e26eaa58588bab56359a5,2025-10-22 22:07:29,2025-05-06 08:34:36,KTYSC
IMG_9497.PNG,55d794398770259f5b3923c20f23c120,2025-10-22 22:07:29,2025-05-07 02:16:00,HK_Friends
IMG_9498.HEIC,c162ad56bed62337cc4f58893d358363,2025-10-22 22:07:29,2025-05-07 02:22:48,HK_Friends
IMG_9499.HEIC,38ba0f07a8c9ff3ca8e6eeb60041cc66,2025-10-22 22:07:29,2025-05-07 02:22:50,HK_Friends
IMG_9500.heic,dc21375d4e06e633a94621d9b9a6eccd,2025-10-22 22:07:29,2025-05-07 02:22:52,HK_Friends
IMG_9501.HEIC,2be9a1a67c78a5ecd40e21a3094eed3b,2025-10-22 22:07:29,2025-05-07 02:22:54,HK_Friends
IMG_9506.HEIC,75f00e23a957822d3b3d5ef53ab5b0c6,2025-10-22 21:56:36,2025-05-07 11:48:24,Orders
IMG_9507.HEIC,a9392318836a2bfa356d87643aae9442,2025-10-22 21:56:36,2025-05-07 11:48:58,Orders
IMG_9508.HEIC,910e8fdc75706f260b3b634bf68e317f,2025-10-22 21:56:36,2025-05-07 11:49:10,Orders
IMG_9509.HEIC,74996086ff7d3bed986d3dcf13960cb1,2025-10-22 21:56:36,2025-05-07 11:49:14,Orders
IMG_9510.HEIC,9966587f76b8bf8d9d9ac1ec90b4dcd2,2025-10-22 21:56:36,2025-05-07 11:49:18,Orders
IMG_9511.HEIC,81d74ae534d2fead3578c5d912edc0b2,2025-10-22 21:56:36,2025-05-07 11:54:30,Orders
IMG_9512.HEIC,bc9c2eecb5d47b1fe5c67ede2daeb3e8,2025-10-22 21:56:36,2025-05-07 11:54:38,Orders
IMG_9513.HEIC,426f57d39052267165de40e5cfca9394,2025-10-22 21:56:36,2025-05-07 11:57:48,Orders
IMG_9514.HEIC,54c1ba147a01187063906e37c9c80a87,2025-10-22 21:56:36,2025-05-07 11:57:56,Orders
IMG_9515.HEIC,e0d9956a42c760cf513ec30e2753ca2a,2025-10-22 21:56:36,2025-05-07 11:58:02,Orders
IMG_9516.HEIC,d3685a84a94c0d320d038030ee1e44c6,2025-10-22 21:56:36,2025-05-07 12:01:52,Orders
IMG_9517.HEIC,c49dee753c32e021c31194d7136c09b7,2025-10-22 21:56:36,2025-05-07 12:02:02,Orders
IMG_9518.HEIC,2c462f5819805ddbdcbe43d15524c7b1,2025-10-22 21:56:36,2025-05-07 12:04:32,Orders
IMG_9519.HEIC,64a638636075f6bb573e37e6f92435f1,2025-10-22 21:56:36,2025-05-07 12:04:38,Orders
IMG_9520.HEIC,57d9d78993277325ea2d641b71448604,2025-10-22 21:56:36,2025-05-07 12:06:48,Orders
IMG_9521.HEIC,df7c216ebe6861cb725833e2c736b0f5,2025-10-22 21:57:39,2025-05-07 20:42:12,PengChau
IMG_9522.HEIC,21bd946565418afd7c792e22f62e9f89,2025-10-22 21:57:39,2025-05-07 20:42:18,PengChau
IMG_9523.jpg,f6c00442b755691a417a01e428605191,2025-10-22 22:07:29,2025-05-07 22:57:00,HK_Friends
IMG_9524.heic,e3e819a8fd9f17c1132026a6ee37983e,2025-10-22 22:07:29,2025-05-07 23:24:44,Captures
IMG_9526.HEIC,3b2e968b34bce7a12d2dfb7bc4408e43,2025-10-22 22:05:04,2025-05-08 00:20:58,85_2025May深圳
IMG_9527.HEIC,98365121d8a78df5775d1ac5171b1a5d,2025-10-22 22:05:04,2025-05-08 01:08:16,85_2025May深圳
IMG_9528.HEIC,62211b994c8adb9e3a3f7dc6b6ecaec8,2025-10-22 22:05:04,2025-05-08 01:10:08,85_2025May深圳
IMG_9530.HEIC,d047b174fce2bdcc03fea718383a2c88,2025-10-22 22:05:04,2025-05-08 01:10:14,85_2025May深圳
IMG_9531.HEIC,b822aebca4209029861c7efbcf43dfde,2025-10-22 22:05:04,2025-05-08 01:10:26,85_2025May深圳
IMG_9532.HEIC,da724903d82d4586d4da3e76491546b4,2025-10-22 22:05:04,2025-05-08 01:53:38,85_2025May深圳
IMG_9533.HEIC,8c136a08b7337a6cd2f130b72df9ca89,2025-10-22 22:05:04,2025-05-08 01:53:44,85_2025May深圳
IMG_9534.HEIC,580deaea8c3110492afa8ec30c2e73ef,2025-10-22 22:05:04,2025-05-08 02:31:50,85_2025May深圳
IMG_9535.HEIC,8f09283d67a6209de913a08fc346871a,2025-10-22 22:05:04,2025-05-08 02:34:18,85_2025May深圳
IMG_9536.HEIC,a3aa5ad4d18cbac21f2ac6dfa61adbae,2025-10-22 22:05:04,2025-05-08 02:34:20,85_2025May深圳
IMG_9537.MOV,5d44cceb5993af9a64240a22dd06e30f,2025-10-22 22:05:04,2025-05-08 02:35:02,85_2025May深圳
IMG_9538.MOV,69c2765ae187f0afeb259915c8fe195f,2025-10-22 22:05:04,2025-05-08 02:37:02,85_2025May深圳
IMG_9539.HEIC,973cbeda7ad196d7e184b15b0291931a,2025-10-22 22:05:04,2025-05-08 02:50:06,85_2025May深圳
IMG_9540.HEIC,8f28f7154ae25d536a088a6a2365ef48,2025-10-22 22:05:04,2025-05-08 02:51:44,85_2025May深圳
IMG_9541.HEIC,dde48d086cd7eb0b7cc86feb8e619a42,2025-10-22 22:05:04,2025-05-08 02:51:44,85_2025May深圳
IMG_9542.HEIC,88bc4331b95ead6883415f66ef1abb50,2025-10-22 22:05:04,2025-05-08 02:51:58,85_2025May深圳
IMG_9543.HEIC,79718947483d88c227013f95347641b4,2025-10-22 22:05:04,2025-05-08 02:54:42,85_2025May深圳
IMG_9544.HEIC,cffc635a890b831af4c7c0f7e6d23e93,2025-10-22 22:05:04,2025-05-08 02:54:44,85_2025May深圳
IMG_9545.MOV,0e8fbff95014126f7ae34605c48901da,2025-10-22 22:05:04,2025-05-08 02:57:58,85_2025May深圳
IMG_9546.MOV,40baf7136239e0d2903aece5fa7b5ade,2025-10-22 22:05:04,2025-05-08 03:06:52,85_2025May深圳
IMG_9547.HEIC,01a64a6f9c21f9e263df6dcd8a5dabd9,2025-10-22 22:05:05,2025-05-08 03:12:10,85_2025May深圳
IMG_9548.HEIC,9560013231818eaa68ad4ebfd26481e7,2025-10-22 22:05:05,2025-05-08 03:12:16,85_2025May深圳
IMG_9550.MOV,908cab82acdb6fcb4f32de5133a98b8f,2025-10-22 22:05:05,2025-05-08 03:14:22,85_2025May深圳
IMG_9551.HEIC,5be973aab79f40db66cdd79406e43357,2025-10-22 22:05:05,2025-05-08 03:24:08,85_2025May深圳
IMG_9552.HEIC,2290c3e58fc823c1a257f66d9632a01f,2025-10-22 22:05:05,2025-05-08 03:24:32,85_2025May深圳
IMG_9553.HEIC,6fb71bbe7b41259cee81ee0310e622c4,2025-10-22 22:05:05,2025-05-08 03:25:58,85_2025May深圳
IMG_9554.HEIC,959240c4db24b214cf6b159c22967b20,2025-10-22 22:05:05,2025-05-08 03:26:06,85_2025May深圳
IMG_9555.HEIC,0091daeecbffe4d7e5bc8a0f9b7b93ff,2025-10-22 22:05:05,2025-05-08 03:27:08,85_2025May深圳
IMG_9556.HEIC,6b6790d521f278911a0dc262f4653165,2025-10-22 22:05:05,2025-05-08 03:27:20,85_2025May深圳
IMG_9557.HEIC,69cf948ddbb8525e2680b4992a8840d7,2025-10-22 22:05:05,2025-05-08 03:29:50,85_2025May深圳
IMG_9558.HEIC,d8d62f24d6576951f2672e3edc071d7c,2025-10-22 22:05:05,2025-05-08 03:29:56,85_2025May深圳
IMG_9559.heic,8ad1cb17d1591b8dca44dd98d30aa66c,2025-10-22 22:05:05,2025-05-08 03:43:48,85_2025May深圳
IMG_9560.heic,bff9952112ca7d76d6776f0a506ea7d3,2025-10-22 22:05:05,2025-05-08 03:46:22,85_2025May深圳
IMG_9561.HEIC,b773c807a422e7a75d80cb8e2782c58f,2025-10-22 21:56:36,2025-05-08 03:53:04,Orders
IMG_9562.HEIC,c9f60a115c87f0a23d449956a7fbc49a,2025-10-22 21:56:36,2025-05-08 03:53:36,Orders
IMG_9563.HEIC,5714e69a96df8540bb8edc18f6852a83,2025-10-22 21:56:36,2025-05-08 03:55:08,Orders
IMG_9564.jpg,0df6499894a674a6ba5992e34f231782,2025-10-22 21:56:36,2025-05-08 03:55:38,Orders
IMG_9566.MOV,d0e3b86516b907677953f86e13547344,2025-10-22 22:05:05,2025-05-08 04:32:26,85_2025May深圳
IMG_9567.MOV,e71772f73a99fb7e74c1f1c1090d61d1,2025-10-22 22:05:05,2025-05-08 04:33:36,85_2025May深圳
IMG_9568.MOV,81fcd64486c17bf3188ad87e20d17384,2025-10-22 22:05:05,2025-05-08 04:36:32,85_2025May深圳
IMG_9569.heic,d9b35101871505198da11371f299ad62,2025-10-22 21:56:36,2025-05-08 04:39:56,Orders
IMG_9570.heic,1a388ff28310208512b501d63998be7d,2025-10-22 21:56:36,2025-05-08 04:41:28,Orders
IMG_9571.HEIC,4396eb0d6abdcb7629a5f0c13a30e160,2025-10-22 22:05:05,2025-05-08 04:44:56,85_2025May深圳
IMG_9572.HEIC,37817d99ad5b4b7bc83a14d0c7afbd4b,2025-10-22 22:05:05,2025-05-08 04:52:08,85_2025May深圳
IMG_9573.HEIC,f1e2c2a7fe7516baf918a7f2f7840300,2025-10-22 22:05:05,2025-05-08 04:53:42,85_2025May深圳
IMG_9574.HEIC,3346142c8fbed6cdbfd2bb3383c9e375,2025-10-22 22:05:05,2025-05-08 05:06:42,85_2025May深圳
IMG_9575.HEIC,d91bdd84bfe650081d1cc238bdb35605,2025-10-22 22:05:05,2025-05-08 05:06:46,85_2025May深圳
IMG_9576.HEIC,f14c0a5516b1533c3c287935d6d09584,2025-10-22 22:05:05,2025-05-08 05:07:02,85_2025May深圳
IMG_9577.HEIC,d8680c922acdf5ce6bea756b390517f5,2025-10-22 22:05:05,2025-05-08 05:07:14,85_2025May深圳
IMG_9578.MOV,fa3a18d0e5f0c17b2964e3b7d1dde46d,2025-10-22 22:05:05,2025-05-08 05:07:22,85_2025May深圳
IMG_9579.HEIC,c64ba4f694a52297de18a0f6cef3c140,2025-10-22 22:05:05,2025-05-08 05:37:40,85_2025May深圳
IMG_9580.HEIC,005f36f9d5c41d879ac8c06a6784d311,2025-10-22 22:05:05,2025-05-08 05:37:50,85_2025May深圳
IMG_9582.HEIC,00f9eda90b98182085478899f3b26def,2025-10-22 22:05:05,2025-05-08 06:31:00,85_2025May深圳
IMG_9583.HEIC,4e2c9b611693c9fe6cff42c5f301bf76,2025-10-22 22:05:05,2025-05-08 06:33:20,85_2025May深圳
IMG_9584.MOV,2926e477e1f38f1332c2cab36c0101f7,2025-10-22 22:05:05,2025-05-08 06:33:56,85_2025May深圳
IMG_9585.MOV,8ac1be25ba57eec75d192b2741b22e4e,2025-10-22 22:05:05,2025-05-08 06:34:38,85_2025May深圳
IMG_9586.HEIC,d2e4f00e26da4e3de799aec4b7d05cfd,2025-10-22 22:05:05,2025-05-08 06:35:38,85_2025May深圳
IMG_9587.HEIC,94734994f48e3d1a7e1cfe0e92f78fde,2025-10-22 22:05:05,2025-05-08 06:35:40,85_2025May深圳
IMG_9588.HEIC,cd5a12f301d31d815dc226ca8d7b1f32,2025-10-22 22:05:06,2025-05-08 06:35:42,85_2025May深圳
IMG_9589.MOV,2a0b0f41033a0400af0407e5c03d209d,2025-10-22 22:05:06,2025-05-08 06:40:04,85_2025May深圳
IMG_9590.HEIC,104e67360203a3c2a229ebf92608000a,2025-10-22 22:05:06,2025-05-08 06:41:24,85_2025May深圳
IMG_9591.MOV,f706a2ce4ac960fd34737a555a0aaa45,2025-10-22 22:05:06,2025-05-08 06:41:54,85_2025May深圳
IMG_9592.HEIC,dd789f15d865087f37078321cd4cb329,2025-10-22 22:05:06,2025-05-08 06:44:28,85_2025May深圳
IMG_9593.HEIC,70ab1ce017f3c24798bd543aba33edfe,2025-10-22 22:05:06,2025-05-08 06:44:34,85_2025May深圳
IMG_9594.HEIC,5bd7137d918952ff91893444e70915de,2025-10-22 22:05:06,2025-05-08 06:44:46,85_2025May深圳
IMG_9596.heic,c3a6f8ce4e68a5a6e5a50c8b89e502f5,2025-10-22 22:05:19,2025-05-09 03:28:46,87_2025May香港
IMG_9597.HEIC,c64355d48f9a5c70d84b44881dd74120,2025-10-22 22:05:19,2025-05-09 03:31:48,87_2025May香港
IMG_9598.HEIC,4fc8343b692f4e997e1706b405293010,2025-10-22 22:05:19,2025-05-09 03:36:52,87_2025May香港
IMG_9599.heic,9d672adbb98b6fe8ef71826aec09e39e,2025-10-22 22:05:19,2025-05-09 03:39:32,87_2025May香港
IMG_9600.HEIC,cbf88385b0e75d5d2fe45991e5cbb833,2025-10-22 22:05:19,2025-05-09 03:39:36,87_2025May香港
IMG_9601.MOV,e74cf7a1c4097afd6ac6f5e7d18bfbbd,2025-10-22 22:05:19,2025-05-09 03:51:24,87_2025May香港
IMG_9602.HEIC,a565157027553410c9b552212050cde1,2025-10-22 22:05:19,2025-05-09 03:55:36,87_2025May香港
IMG_9603.HEIC,81f875bf54d70d71f5729d7dd900a74e,2025-10-22 22:05:20,2025-05-09 03:56:34,87_2025May香港
IMG_9604.HEIC,2de7952055a0ebfac64e8c0710bc88eb,2025-10-22 22:05:20,2025-05-09 03:56:50,87_2025May香港
IMG_9605.HEIC,f2bbaae6aee637c5fd5a1f9f3c913be4,2025-10-22 22:05:20,2025-05-09 03:58:06,87_2025May香港
IMG_9606.HEIC,d46428899a9d35754339350d075d9298,2025-10-22 22:05:20,2025-05-09 04:12:50,87_2025May香港
IMG_9607.HEIC,fd8e9b1290ebd1a125ae4a6195e5ad87,2025-10-22 22:05:20,2025-05-09 04:14:02,87_2025May香港
IMG_9608.HEIC,7ffed973fcf81c620fa94ba136cb80ba,2025-10-22 22:05:20,2025-05-09 04:43:22,87_2025May香港
IMG_9609.HEIC,145e57ea283a42b297556926e3a56ad4,2025-10-22 22:05:20,2025-05-09 04:49:00,87_2025May香港
IMG_9610.HEIC,14e7d6e002a5839479b08da794497666,2025-10-22 22:05:20,2025-05-09 04:55:02,87_2025May香港
IMG_9611.HEIC,9aad133ce91ca5699c25e02f640b5c41,2025-10-22 22:05:20,2025-05-09 05:15:38,87_2025May香港
IMG_9612.HEIC,919a3798d4c5160152f1aed97ceb9bf4,2025-10-22 22:05:20,2025-05-09 05:16:02,87_2025May香港
IMG_9613.HEIC,7e1e9f3b07a13f3a7ac4225a24be4fdd,2025-10-22 22:05:20,2025-05-09 05:17:26,87_2025May香港
IMG_9614.HEIC,48fab3e7471fbc5eb881b605e2f84b7e,2025-10-22 22:05:20,2025-05-09 05:18:36,87_2025May香港
IMG_9615.HEIC,59054546a740967d47f81727290305b7,2025-10-22 22:05:20,2025-05-09 05:18:40,87_2025May香港
IMG_9616.HEIC,d559fd52671778155414c2df581cb752,2025-10-22 22:05:20,2025-05-09 05:29:32,87_2025May香港
IMG_9617.HEIC,060f28810a619332c298ef2e1d8f3b86,2025-10-22 22:05:20,2025-05-09 05:37:42,87_2025May香港
IMG_9618.HEIC,5db608e443cb8b176e23e0bb8f733cd8,2025-10-22 22:05:20,2025-05-09 05:37:58,87_2025May香港
IMG_9619.HEIC,5ec53d15ad73e91999dfd2ab4e55c4d3,2025-10-22 22:05:20,2025-05-09 05:41:04,87_2025May香港
IMG_9620.HEIC,06b4f94124dea9aed544f7d165b59a64,2025-10-22 22:05:20,2025-05-09 05:41:10,87_2025May香港
IMG_9621.HEIC,31329e5dc5284695ff6d48e9ab812738,2025-10-22 22:05:20,2025-05-09 05:43:14,87_2025May香港
IMG_9622.HEIC,2e435eb51166bb5fd5c2a09276c86dce,2025-10-22 22:05:20,2025-05-09 05:44:18,87_2025May香港
IMG_9623.HEIC,665730c92bd3d7a5a9eaeddc9939d724,2025-10-22 22:05:20,2025-05-09 05:46:08,87_2025May香港
IMG_9624.HEIC,7d5fa1bf8b4e1aded930113ec63286a1,2025-10-22 22:05:20,2025-05-09 05:46:16,87_2025May香港
IMG_9625.HEIC,78b14a21c9de686a59c08c7603345ff7,2025-10-22 22:05:20,2025-05-09 06:08:48,87_2025May香港
IMG_9626.HEIC,9e421f6e8ef52ed4dd414b05d1df20da,2025-10-22 22:05:20,2025-05-09 06:08:50,87_2025May香港
IMG_9627.HEIC,465e4f7310bb28694ebf14f43ab581e5,2025-10-22 22:05:20,2025-05-09 06:10:08,87_2025May香港
IMG_9628.HEIC,4742dd33558f301b2c2a3ebbd3c6a751,2025-10-22 22:05:20,2025-05-09 06:10:34,87_2025May香港
IMG_9629.HEIC,f0c539b401b801793da9654ca7eba8fe,2025-10-22 22:05:20,2025-05-09 06:11:22,87_2025May香港
IMG_9630.HEIC,e27b72b25c440d7d75d04edc746955e4,2025-10-22 22:05:20,2025-05-09 06:11:54,87_2025May香港
IMG_9632.heic,fa34521f1724987c45a4da107ac789dd,2025-10-22 22:05:20,2025-05-09 06:23:40,87_2025May香港
IMG_9633.heic,298fcc818d5b945bc9f1a81ee371799a,2025-10-22 22:05:20,2025-05-09 06:26:02,87_2025May香港
IMG_9634.heic,8a651623b1ec6088f3c3adb3254b8e24,2025-10-22 22:05:20,2025-05-09 06:26:12,87_2025May香港
IMG_9635.heic,47be79d492b31468f0f2947e1a8401a8,2025-10-22 22:05:20,2025-05-09 06:27:10,87_2025May香港
IMG_9636.HEIC,14cab2bd657e5d6949f6a959ab23a9c4,2025-10-22 22:05:20,2025-05-09 06:32:12,87_2025May香港
IMG_9638.jpg,27c65449c20b44252243d283083de712,2025-10-22 22:05:20,2025-05-10 00:24:22,87_2025May香港
IMG_9648.HEIC,f5f391c1c07601cf4b01a4ebf12be7eb,2025-10-22 22:05:06,2025-05-11 22:13:30,85_2025May深圳
IMG_9650.HEIC,4a38b83064ba1999797a1035330058e1,2025-10-22 22:05:06,2025-05-11 23:16:26,85_2025May深圳
IMG_9651.HEIC,7f79a67ddab8d480b1c6e493a9bc26f5,2025-10-22 22:05:06,2025-05-11 23:16:32,85_2025May深圳
IMG_9652.HEIC,2be509bf62073922a60d266bcaabb1ff,2025-10-22 22:05:06,2025-05-11 23:33:06,85_2025May深圳
IMG_9653.HEIC,86b257a203327f1e97db2d76f9d56a11,2025-10-22 22:05:06,2025-05-11 23:33:12,85_2025May深圳
IMG_9654.HEIC,3b7625aa42bf746108f24cf14b5c468e,2025-10-22 22:05:06,2025-05-12 01:30:22,85_2025May深圳
IMG_9655.HEIC,940e74fbeedadea58d97386e0c739ded,2025-10-22 22:05:06,2025-05-12 01:30:32,85_2025May深圳
IMG_9656.HEIC,335af30359b8a093918b413a353224e2,2025-10-22 22:05:06,2025-05-12 01:30:50,85_2025May深圳
IMG_9657.HEIC,061eada1cfb901265f43afc20b8594cd,2025-10-22 22:05:06,2025-05-12 01:30:52,85_2025May深圳
IMG_9658.HEIC,483f910ec19efecaee8e25673ffbca7c,2025-10-22 22:05:06,2025-05-12 01:31:00,85_2025May深圳
IMG_9659.HEIC,5347bef1b359801bdd7317691183ea48,2025-10-22 22:05:06,2025-05-12 01:37:04,85_2025May深圳
IMG_9660.HEIC,9fd333017ffb51666ab057d758bacd3a,2025-10-22 22:05:06,2025-05-12 01:40:28,85_2025May深圳
IMG_9661.HEIC,ef0128af3e0ef21b6e50eda1603d5a46,2025-10-22 22:05:06,2025-05-12 01:41:18,85_2025May深圳
IMG_9662.HEIC,338ff5f8c9913ec0aad9238fa05c3085,2025-10-22 22:05:06,2025-05-12 01:41:38,85_2025May深圳
IMG_9663.HEIC,4f412f786c7e9caa185e8ff70585c919,2025-10-22 22:05:06,2025-05-12 01:41:46,85_2025May深圳
IMG_9664.HEIC,698aa3432b04665b477749501536df35,2025-10-22 22:05:06,2025-05-12 01:44:48,85_2025May深圳
IMG_9665.HEIC,cb1ccf0a86a0fb79aedec78925d899d7,2025-10-22 22:05:06,2025-05-12 01:45:00,85_2025May深圳
IMG_9666.HEIC,f54de508ba99d72354d5cb6e3e2909fc,2025-10-22 22:05:06,2025-05-12 01:49:30,85_2025May深圳
IMG_9667.HEIC,bff54123be6e78074c57e993117710d1,2025-10-22 22:05:06,2025-05-12 01:49:46,85_2025May深圳
IMG_9668.HEIC,6bba672c8877b509bec02c7f21be0633,2025-10-22 22:05:06,2025-05-12 01:50:42,85_2025May深圳
IMG_9669.HEIC,5ed4dfcac99bf8dc8b95bbbe124b7688,2025-10-22 22:05:06,2025-05-12 01:53:14,85_2025May深圳
IMG_9670.HEIC,e8c5abab1c2a05baa6a522b4846bc7ad,2025-10-22 22:05:06,2025-05-12 01:53:16,85_2025May深圳
IMG_9671.HEIC,b7ec606d5c2f27ac95b514d7f04c5744,2025-10-22 22:05:06,2025-05-12 01:54:08,85_2025May深圳
IMG_9672.jpg,10d645c0e4890a59901999958f1d11db,2025-10-22 22:05:06,2025-05-12 02:00:20,85_2025May深圳
IMG_9673.HEIC,cc67c033de0a85d628ee2f4bc2d0cfb5,2025-10-22 22:05:06,2025-05-12 02:46:14,85_2025May深圳
IMG_9674.HEIC,f27540d141d31ab90f18f78c99e2fcc8,2025-10-22 22:05:06,2025-05-12 02:51:26,85_2025May深圳
IMG_9675.HEIC,e8abbfeee1ebf20a1ed2f864c04e0394,2025-10-22 22:05:06,2025-05-12 03:03:30,85_2025May深圳
IMG_9676.HEIC,74bcabf49cd7db90ee944de19b4e78f8,2025-10-22 22:05:06,2025-05-12 03:10:40,85_2025May深圳
IMG_9677.HEIC,dd0cd1ff4559f82c1ea87f27bec65707,2025-10-22 22:05:06,2025-05-12 03:10:52,85_2025May深圳
IMG_9678.HEIC,67f55f9ab4bd8091adbf65f6413b8a0e,2025-10-22 22:05:06,2025-05-12 03:10:58,85_2025May深圳
IMG_9679.HEIC,16fcf9034ab224f025ee1c3dbeba8bff,2025-10-22 22:05:06,2025-05-12 03:11:02,85_2025May深圳
IMG_9680.heic,ec05512ba93b7d8c6a1e5dc7c0b8a755,2025-10-22 22:05:06,2025-05-12 03:11:30,85_2025May深圳
IMG_9681.HEIC,99d1dbbb378f29ed67f79fafb9e951dc,2025-10-22 22:05:06,2025-05-12 03:12:16,85_2025May深圳
IMG_9682.HEIC,bfae1a98c5b922f2848b276351144fec,2025-10-22 22:05:06,2025-05-12 03:12:32,85_2025May深圳
IMG_9683.HEIC,173f61d11baac8fa63999c95fc24a390,2025-10-22 22:05:06,2025-05-12 03:12:38,85_2025May深圳
IMG_9684.HEIC,bf09101fd1ba0f0c2cb92b43cd676f95,2025-10-22 22:05:06,2025-05-12 03:13:04,85_2025May深圳
IMG_9685.HEIC,5223f461aeae198758df2fc44cfb7629,2025-10-22 22:05:06,2025-05-12 03:13:50,85_2025May深圳
IMG_9686.HEIC,6db50605fd073246d732c55c0c835ea3,2025-10-22 22:05:06,2025-05-12 03:22:32,85_2025May深圳
IMG_9687.HEIC,83caf9f348f63e819ee8adcda205ce80,2025-10-22 22:05:06,2025-05-12 03:22:36,85_2025May深圳
IMG_9688.HEIC,45005a619c3c41aa2bfeaab185a315f1,2025-10-22 22:05:06,2025-05-12 03:22:50,85_2025May深圳
IMG_9689.HEIC,ae47ff42df9c3b4ae48bdf3ebfa69ba2,2025-10-22 22:05:06,2025-05-12 03:39:36,85_2025May深圳
IMG_9692.HEIC,bf7028cf0bd5b3fee6d99dfa36dd21ab,2025-10-22 22:05:06,2025-05-12 04:37:54,85_2025May深圳
IMG_9693.HEIC,94ed9b23e3bcad0e4cafa5f209a0f0b0,2025-10-22 22:05:06,2025-05-12 04:48:20,85_2025May深圳
IMG_9694.HEIC,b2e2d5c30c80eb7dcb709fbb34043770,2025-10-22 22:05:06,2025-05-12 04:49:46,85_2025May深圳
IMG_9695.HEIC,0cece004e1ec34d9e381b37d0b41899a,2025-10-22 22:05:06,2025-05-12 04:56:08,85_2025May深圳
IMG_9696.HEIC,6b2690435ed30b27bf3ce6bdd9bdb4a4,2025-10-22 22:05:06,2025-05-12 04:56:30,85_2025May深圳
IMG_9697.HEIC,9cdb00a7444901da916f8f61ca437696,2025-10-22 22:05:06,2025-05-12 04:58:26,85_2025May深圳
IMG_9698.HEIC,36f6dfb31dc0a8aa1e7913de192839c1,2025-10-22 22:05:06,2025-05-12 04:58:36,85_2025May深圳
IMG_9699.HEIC,cf2c9621b755bedb8aa115dbddcff901,2025-10-22 22:05:06,2025-05-12 05:02:28,85_2025May深圳
IMG_9700.HEIC,0a639c14543f5e6bd29da92e2f2e480c,2025-10-22 22:05:06,2025-05-12 05:03:44,85_2025May深圳
IMG_9701.HEIC,45067205389017f5eee58c51a035dfcc,2025-10-22 22:05:06,2025-05-12 05:14:28,85_2025May深圳
IMG_9702.HEIC,13a244c9d217b462d4fb5cf9940f29d9,2025-10-22 22:05:06,2025-05-12 05:52:50,85_2025May深圳
IMG_9703.HEIC,1cd8be3c65e53912fd9f5bdd4de3009c,2025-10-22 22:05:06,2025-05-12 05:53:10,85_2025May深圳
IMG_9704.HEIC,66958748a6fefa7a506c6b0ddea9f177,2025-10-22 22:05:06,2025-05-12 05:53:18,85_2025May深圳
IMG_9705.HEIC,ec317ca98f8e438577295072d3e6a55b,2025-10-22 22:05:06,2025-05-12 06:21:36,85_2025May深圳
IMG_9706.heic,b64845d55939c211bb7cedb472bfe9e5,2025-10-22 22:05:06,2025-05-12 08:02:48,85_2025May深圳
IMG_9711.HEIC,5bab0f0705cb66dd346ed2fc20de5194,2025-10-22 22:05:06,2025-05-12 08:07:40,85_2025May深圳
IMG_9713.HEIC,ee2831dd1a0bff0fe7d4a7f33c0e62b4,2025-10-22 22:05:07,2025-05-12 08:07:48,85_2025May深圳
IMG_9714.HEIC,e47a2e6153ced86f180bb31fb1d7d6c7,2025-10-22 22:05:07,2025-05-12 08:07:58,85_2025May深圳
IMG_9715.HEIC,45043136d7c143c9ced1d7de39de0aa5,2025-10-22 22:05:07,2025-05-12 08:08:32,85_2025May深圳
IMG_9716.HEIC,6e5f10015f5cc6ebd7cea34d127313cc,2025-10-22 22:05:07,2025-05-12 08:11:40,85_2025May深圳
IMG_9717.heic,69c5d189e365b11ad3abe2a3b1e3e6ac,2025-10-22 22:05:07,2025-05-12 08:20:04,85_2025May深圳
IMG_9719.HEIC,07faebb585712ee72654e32125f7efcd,2025-10-22 21:57:39,2025-05-12 18:14:34,PengChau
IMG_9720.HEIC,6a8d9f1c9dc1d49de1300bf2aae7725e,2025-10-22 21:57:39,2025-05-12 18:14:48,PengChau
IMG_9721.HEIC,f2d7fcb14c8bdc1d01c5189169893c81,2025-10-22 21:57:39,2025-05-12 19:03:54,PengChau
IMG_9723.PNG,3df293e7b16f979bf8cd67cc753f8756,2025-10-22 22:07:29,2025-05-12 21:19:12,HK_Friends
IMG_9724.HEIC,8aaa7fefa7c254336809e5b9519d1250,2025-10-22 22:07:29,2025-05-12 22:23:24,Captures
IMG_9725.HEIC,7808f50878c092ba0605e2a73e5ea441,2025-10-22 22:07:29,2025-05-12 22:28:16,Captures
IMG_9731.HEIC,57e6ecaa7bcc12fada6865f079415deb,2025-10-22 22:05:20,2025-05-13 06:16:58,87_2025May香港
IMG_9732.MOV,964a5bcc618195778ccddb5ad6054b06,2025-10-22 22:05:20,2025-05-13 06:55:12,87_2025May香港
IMG_9733.HEIC,f46c0b5cc505cee215b24b95da685c8d,2025-10-22 22:05:20,2025-05-13 07:06:54,87_2025May香港
IMG_9734.HEIC,ead5aef2f5245ee49958ab21b618af5f,2025-10-22 22:05:20,2025-05-13 08:42:56,87_2025May香港
IMG_9735.HEIC,79545cc1a6d5934779791cfc3a6f203b,2025-10-22 22:05:20,2025-05-13 08:42:58,87_2025May香港
IMG_9736.MOV,7a7dcf59e176ab27a26c72fa3704ee49,2025-10-22 22:05:20,2025-05-13 08:55:14,87_2025May香港
IMG_9737.HEIC,1e4c379e2882819e3e15ca7b669e6fc8,2025-10-22 22:05:20,2025-05-13 09:00:40,87_2025May香港
IMG_9738.HEIC,fefc24a4aa3260ee9a2d0ea370a1f88a,2025-10-22 22:05:20,2025-05-13 09:00:56,87_2025May香港
IMG_9739.heic,cdaae334d32d0fc740973dc59d980333,2025-10-22 21:57:40,2025-05-13 09:10:54,_iPhone
IMG_9740.HEIC,6bde27a13c5088324ee5afbfeb77a650,2025-10-22 21:57:39,2025-05-13 11:02:20,PengChau
IMG_9741.HEIC,9ad8a5b5765a2f9f1aa97c4c6ec3e044,2025-10-22 21:57:39,2025-05-13 11:02:54,PengChau
IMG_9742.HEIC,fb4b50a1e45c684a64d584dad32165be,2025-10-22 21:57:39,2025-05-13 11:03:04,PengChau
IMG_9743.HEIC,5c408d10bf5a83f12927b7263ead9924,2025-10-22 21:57:39,2025-05-13 11:03:14,PengChau
IMG_9744.PNG,1214e63839b78007bc0c8f9718be4e15,2025-10-22 22:05:20,2025-05-13 11:29:56,87_2025May香港
IMG_9745.HEIC,e83e69f2f75ff8e5fc0c181afb4f63fb,2025-10-22 21:57:39,2025-05-13 12:12:06,PengChau
IMG_9748.HEIC,3a409a51569279677d25c6f47028b7b5,2025-10-22 21:57:40,2025-05-13 21:57:32,_iPhone
IMG_9749.PNG,d5b2e8b64e7f1ccc91fd03cbfe15cf77,2025-10-22 21:57:40,2025-05-14 00:13:28,_iPhone
IMG_9750.HEIC,81a08b1111fcb0ed5a441ddff697da8f,2025-10-22 21:57:39,2025-05-14 04:53:06,PengChau
IMG_9751.heic,cc2f5c315278f3100c365a590565e781,2025-10-22 21:57:39,2025-05-14 04:56:08,PengChau
IMG_9752.HEIC,7f278afd0b4217dad3e2dc5a7bb0f047,2025-10-22 21:57:39,2025-05-14 05:00:48,PengChau
IMG_9753.HEIC,63a7ad7cb5fff67dfce09417dfb32a58,2025-10-22 21:57:39,2025-05-14 22:35:26,PengChau
IMG_9754.HEIC,ea2d9c566b66b8aa215f5e751e8d3f90,2025-10-22 21:57:39,2025-05-15 03:05:28,PengChau
IMG_9755.heic,c23237e3f526c378a770ff0d4e0fe314,2025-10-22 22:05:20,2025-05-15 22:38:12,87_2025May香港
IMG_9756.HEIC,26ea87ffdade3e9ad1b1493e6e8cf503,2025-10-22 22:05:20,2025-05-15 22:40:50,87_2025May香港
IMG_9757.HEIC,343e5f2f052c5899c5754ad0019b709f,2025-10-22 22:05:20,2025-05-15 22:42:22,87_2025May香港
IMG_9758.HEIC,ddde7165d162796825c349ee74d38655,2025-10-22 22:05:20,2025-05-15 22:43:44,87_2025May香港
IMG_9760.HEIC,6ad38c3ad2d717f9b11d58faddf5fdf8,2025-10-22 22:05:20,2025-05-16 02:40:32,87_2025May香港
IMG_9761.HEIC,4053d32fafaff811781be2652114f414,2025-10-22 22:05:20,2025-05-16 02:40:34,87_2025May香港
IMG_9762.heic,493036e2ee5a3239459a63c476b45dd3,2025-10-22 22:05:20,2025-05-16 02:40:42,87_2025May香港
IMG_9763.HEIC,a343a3a040bdd8661db68a4f595a3b55,2025-10-22 22:05:20,2025-05-16 02:40:42,87_2025May香港
IMG_9765.HEIC,ce23fc61e73ad86d70e090edbe679c39,2025-10-22 22:05:20,2025-05-16 02:40:44,87_2025May香港
IMG_9768.HEIC,2a365c2b66b5fff6e4a0554919b53a39,2025-10-22 22:05:20,2025-05-16 03:55:30,87_2025May香港
IMG_9769.PNG,9217e9c4e72137eefbbaf20f81b71692,2025-10-22 21:57:40,2025-05-16 04:57:36,_iPhone
IMG_9770.HEIC,a42ac9da7bdd5cffd10b552d311b2bf3,2025-10-22 22:05:21,2025-05-16 05:14:06,87_2025May香港
IMG_9771.HEIC,38bcb127be48a484896b41e125be4e70,2025-10-22 22:05:21,2025-05-16 05:14:26,87_2025May香港
IMG_9772.HEIC,6a48e4e47d006557cfbc51b26d8a3626,2025-10-22 22:05:21,2025-05-16 05:14:34,87_2025May香港
IMG_9773.HEIC,a874b2f102c0a9dc9ba648e8a101c6f4,2025-10-22 22:05:21,2025-05-16 05:23:04,87_2025May香港
IMG_9774.HEIC,8a240ddced6832f329ccc6292dce28fc,2025-10-22 22:05:21,2025-05-16 05:23:12,87_2025May香港
IMG_9775.HEIC,2ba0e36a5e468b9d21f191f0fa5dfe06,2025-10-22 22:05:21,2025-05-16 05:27:52,87_2025May香港
IMG_9776.HEIC,99c7e6351f33eacf0e5ccc6c3f1341fc,2025-10-22 22:05:21,2025-05-16 05:28:00,87_2025May香港
IMG_9777.HEIC,fceb908d9a369d6cc5f73749beb61777,2025-10-22 22:05:21,2025-05-16 05:35:08,87_2025May香港
IMG_9778.HEIC,db1486ba7a851f2016ebfb0eb0ab2332,2025-10-22 22:05:21,2025-05-16 06:07:02,87_2025May香港
IMG_9779.HEIC,65dc3002f6046614e9de45c676ebff3a,2025-10-22 22:05:21,2025-05-16 06:07:48,87_2025May香港
IMG_9780.HEIC,0adaf67ae2d92063a1cc4cf9570cff4a,2025-10-22 22:05:21,2025-05-16 06:51:50,87_2025May香港
IMG_9781.HEIC,379728d588514ef6587009adec36dbef,2025-10-22 22:05:21,2025-05-16 06:52:42,87_2025May香港
IMG_9782.HEIC,c5359016ebea912dd985a2c2a4df433b,2025-10-22 22:05:21,2025-05-16 06:52:48,87_2025May香港
IMG_9783.HEIC,a6f317aa4f52472e80326a3b646ac604,2025-10-22 22:05:21,2025-05-16 06:52:52,87_2025May香港
IMG_9784.heic,ab0a2c9c7d6b6deefb4efad5a2bf9871,2025-10-22 21:57:39,2025-05-16 23:12:50,PengChau
IMG_9785.HEIC,cc99fa90f0034c22d46eae44a8a7310c,2025-10-22 21:57:39,2025-05-16 23:13:02,PengChau
IMG_9786.HEIC,d757f2884da86652517bcd4fd73c99f5,2025-10-22 21:57:39,2025-05-16 23:13:10,PengChau
IMG_9788.HEIC,b08d9217bfb66660e15e939d4ebe7906,2025-10-22 21:57:39,2025-05-17 00:19:18,PengChau
IMG_9789.HEIC,ba93b5247672f4bfc4d1adca24c5d5fb,2025-10-22 21:57:39,2025-05-17 00:19:22,PengChau
IMG_9790.HEIC,fc695d0e3786ce2ce64c7d66480311f1,2025-10-22 21:57:39,2025-05-17 00:26:30,PengChau
IMG_9791.heic,177ddbb8f1dce74ddd26d60f437dec39,2025-10-22 21:57:39,2025-05-17 00:27:32,PengChau
IMG_9792.HEIC,07a9cdd676bc71afa9b6ddc405333cfe,2025-10-22 22:05:21,2025-05-17 01:41:22,87_2025May香港
IMG_9793.HEIC,6bda8925043e0832dbb7b6dd7fb65cc0,2025-10-22 22:05:21,2025-05-17 01:46:20,87_2025May香港
IMG_9794.HEIC,ec8d42a1b088d6fe0f067febbad04565,2025-10-22 22:05:21,2025-05-17 02:26:42,87_2025May香港
IMG_9795.HEIC,3ae3cdf8ab685f5f223c5b81b1d1391d,2025-10-22 22:05:21,2025-05-17 03:06:12,87_2025May香港
IMG_9796.HEIC,b854381123e095db6b3a7e888073fff4,2025-10-22 22:05:21,2025-05-17 03:06:16,87_2025May香港
IMG_9797.HEIC,f3a2fc79d6fc599f2a4f87614f7eca6c,2025-10-22 22:05:21,2025-05-17 03:27:20,87_2025May香港
IMG_9798.HEIC,9abb4b07b255ea1f1cca16019211e3da,2025-10-22 22:05:21,2025-05-17 03:29:26,87_2025May香港
IMG_9799.HEIC,393ed60a3a1d2f72f2f94f2e59e7c21a,2025-10-22 22:05:21,2025-05-17 03:47:04,87_2025May香港
IMG_9800.HEIC,33764d8b7baeffd141c11716ee647e9e,2025-10-22 22:05:21,2025-05-17 03:47:12,87_2025May香港
IMG_9801.HEIC,f0c1c73d541782ec9687f82dc1e81031,2025-10-22 22:05:21,2025-05-17 03:47:16,87_2025May香港
IMG_9802.HEIC,6ee21cf6215b3c87ea8c3684abb228e0,2025-10-22 22:05:21,2025-05-17 03:48:38,87_2025May香港
IMG_9803.HEIC,86ad8284c3835fc309daefc49480df87,2025-10-22 22:05:21,2025-05-17 04:02:08,87_2025May香港
IMG_9804.HEIC,8a3f7e42f0e6fa0ab883025013142c16,2025-10-22 22:05:21,2025-05-17 04:03:10,87_2025May香港
IMG_9805.HEIC,238ea7e5924d9258083e4b8fb1854386,2025-10-22 22:05:21,2025-05-17 04:04:18,87_2025May香港
IMG_9806.HEIC,536b7d6751635d062038a94850bd315b,2025-10-22 22:05:21,2025-05-17 04:06:04,87_2025May香港
IMG_9807.HEIC,a3952fdf5c11381d32d64aec59003a25,2025-10-22 22:05:21,2025-05-17 04:13:00,87_2025May香港
IMG_9808.HEIC,ec00a4f564b666590ed3de357b54ec07,2025-10-22 22:05:21,2025-05-17 04:13:02,87_2025May香港
IMG_9809.HEIC,1d565ddde664436789ec4fa74673ce16,2025-10-22 22:05:21,2025-05-17 04:14:22,87_2025May香港
IMG_9810.MOV,d463f9eee7afd979165cedf5d9a75df7,2025-10-22 22:05:21,2025-05-17 04:15:00,87_2025May香港
IMG_9811.HEIC,26283b0c32efea8b3984de13d3a02043,2025-10-22 22:05:21,2025-05-17 04:50:42,87_2025May香港
IMG_9812.HEIC,3a63c5ec47904de5aeeda82569c1cc35,2025-10-22 22:05:21,2025-05-17 04:50:46,87_2025May香港
IMG_9813.HEIC,4e2c6f684443aa653c900cfe1cd01f9b,2025-10-22 22:05:21,2025-05-17 05:19:58,87_2025May香港
IMG_9814.HEIC,e6f3a96e0acc57922642fff3bd9c4269,2025-10-22 22:05:21,2025-05-17 08:20:58,87_2025May香港
IMG_9815.HEIC,ca553542b4b216f56a6f0c6e662df2cf,2025-10-22 21:57:39,2025-05-17 22:40:54,PengChau
IMG_9816.HEIC,d845ccbf965b38723cc61b9f06e2a4c0,2025-10-22 22:05:21,2025-05-18 03:41:56,87_2025May香港
IMG_9817.HEIC,4982999cae7f77b6653e2cafd46adaf8,2025-10-22 22:05:21,2025-05-18 03:42:00,87_2025May香港
IMG_9819.MOV,d5489fff591665b023d29a9b7d7f638a,2025-10-22 21:57:40,2025-05-18 05:29:46,_iPhone
IMG_9820.HEIC,4f8b257f3efd281ccf93acb2eb822f57,2025-10-22 22:05:21,2025-05-18 06:11:04,87_2025May香港
IMG_9821.HEIC,a2f1e28d9822b64e043b4fc6120a0855,2025-10-22 22:05:21,2025-05-18 06:11:08,87_2025May香港
IMG_9822.HEIC,42a0cbfaa1233306ad6855c5ee80da08,2025-10-22 22:05:21,2025-05-18 06:53:24,87_2025May香港
IMG_9823.HEIC,35068b229efaf8063eaa2a221b53c219,2025-10-22 22:05:21,2025-05-18 06:55:12,87_2025May香港
IMG_9824.HEIC,f8d30dfaab973370d428f7973dbeb8b0,2025-10-22 22:05:21,2025-05-18 06:55:12,87_2025May香港
IMG_9825.HEIC,a43108091e0d7d5a2787ea5ec7e50c87,2025-10-22 22:05:21,2025-05-18 06:57:12,87_2025May香港
IMG_9826.HEIC,547294f6e1ca9a00eb31d78328821743,2025-10-22 22:05:21,2025-05-18 06:57:22,87_2025May香港
IMG_9827.HEIC,a09651b38b77b6dc5d8816ac91e08246,2025-10-22 22:05:21,2025-05-18 06:57:36,87_2025May香港
IMG_9828.HEIC,bb3c4e12903a76b5626f036c1f0896b4,2025-10-22 22:05:21,2025-05-18 06:57:44,87_2025May香港
IMG_9829.HEIC,b51e0bdb4b6c78ccbf20d0bc9261f37b,2025-10-22 22:05:21,2025-05-18 06:57:58,87_2025May香港
IMG_9830.HEIC,215800b05129ec846a5c21845cae47cc,2025-10-22 22:05:21,2025-05-18 06:58:08,87_2025May香港
IMG_9831.HEIC,af98308a69b5d6160190209c1e2579e7,2025-10-22 22:05:21,2025-05-18 06:58:14,87_2025May香港
IMG_9832.HEIC,d6ae18cbdc536d9468d7540f07afa5d5,2025-10-22 22:05:21,2025-05-18 06:59:34,87_2025May香港
IMG_9833.HEIC,03e2521ef8e187243101f17dc942b9a6,2025-10-22 22:05:21,2025-05-18 06:59:40,87_2025May香港
IMG_9834.HEIC,ce630b91d5b6431c2b24bc2864a85f00,2025-10-22 22:05:21,2025-05-18 07:00:04,87_2025May香港
IMG_9835.HEIC,aa27eb69e7c32c638f0de72b6dc3037b,2025-10-22 22:05:21,2025-05-18 07:00:18,87_2025May香港
IMG_9836.HEIC,0611db5e7d52b87daca32521e1fa8a45,2025-10-22 22:05:21,2025-05-18 07:00:46,87_2025May香港
IMG_9837.HEIC,5df17c1fa5f48a5063f7dfa5b66eafda,2025-10-22 22:05:21,2025-05-18 07:00:54,87_2025May香港
IMG_9838.HEIC,e052791285e895b678a97b64a6cee154,2025-10-22 22:05:21,2025-05-18 07:01:00,87_2025May香港
IMG_9839.HEIC,533d105725100efc84dd5908b182b614,2025-10-22 22:05:21,2025-05-18 07:01:02,87_2025May香港
IMG_9840.HEIC,3eecef39e32bf660fa3c45c43f8cda46,2025-10-22 22:05:21,2025-05-18 07:01:08,87_2025May香港
IMG_9841.HEIC,c29a47d84aba5b86846c3eb6b8ffc8c1,2025-10-22 22:05:21,2025-05-18 07:01:10,87_2025May香港
IMG_9842.HEIC,9bf528e237c7a995710430d3121c5a38,2025-10-22 22:05:21,2025-05-18 07:01:20,87_2025May香港
IMG_9843.HEIC,14b7a0ad06f2d49e3508f48af044f632,2025-10-22 22:05:21,2025-05-18 07:01:26,87_2025May香港
IMG_9844.HEIC,ff110ec9634912ca6bf7cda432f5ed4a,2025-10-22 22:05:21,2025-05-18 07:01:32,87_2025May香港
IMG_9845.HEIC,65bc8837cf9eef8943e1547f04ca3e0b,2025-10-22 22:05:21,2025-05-18 07:01:38,87_2025May香港
IMG_9846.HEIC,b5b269fdfabdeb6a77ddc0cd91e6eb94,2025-10-22 22:05:21,2025-05-18 07:01:50,87_2025May香港
IMG_9847.HEIC,1ccd5201959cc0bdc20a77975271988b,2025-10-22 22:05:21,2025-05-18 07:02:38,87_2025May香港
IMG_9848.HEIC,ccea704a758a35e424ad5516e372a49e,2025-10-22 22:05:21,2025-05-18 07:02:46,87_2025May香港
IMG_9849.HEIC,a3252268edc5cc51da5422e2190dd76f,2025-10-22 22:05:21,2025-05-18 07:02:54,87_2025May香港
IMG_9850.HEIC,dccb9adecd64988fa4e7eb592783923b,2025-10-22 22:05:21,2025-05-18 07:02:58,87_2025May香港
IMG_9851.HEIC,f423cbd069c4f1e35d2408ced2804589,2025-10-22 22:05:21,2025-05-18 07:03:00,87_2025May香港
IMG_9852.HEIC,56ad7cfc606abda2ed4cd3b64acf6bc2,2025-10-22 22:05:21,2025-05-18 07:03:02,87_2025May香港
IMG_9853.HEIC,1bd2d807e7502281dbfd302c9dd85bd6,2025-10-22 22:05:21,2025-05-18 07:03:04,87_2025May香港
IMG_9854.HEIC,ffe8c781e3316871c94d0c763fb8ade8,2025-10-22 22:05:21,2025-05-18 07:03:08,87_2025May香港
IMG_9855.HEIC,e02976361f68c8856aadb2cb201879bc,2025-10-22 22:05:21,2025-05-18 07:03:10,87_2025May香港
IMG_9856.HEIC,6f859f62303b71a84b5e2b2910f4ec8f,2025-10-22 22:05:21,2025-05-18 07:07:22,87_2025May香港
IMG_9857.MOV,5178ea358a072b3d65553595f9186087,2025-10-22 22:05:21,2025-05-18 07:12:22,87_2025May香港
IMG_9858.HEIC,1ecbf75b5eed8a92704b3191727c1a0e,2025-10-22 22:05:22,2025-05-18 07:13:46,87_2025May香港
IMG_9859.HEIC,0bd2d3653fd3da18728c867cfb7f6835,2025-10-22 22:05:22,2025-05-18 07:54:16,87_2025May香港
IMG_9860.jpg,3efbc7428728256a3edd53c0018b5e78,2025-10-22 21:56:36,2025-05-18 08:18:14,Orders
IMG_9861.jpg,5b9844f50bbfc9e3101bd1c800918bea,2025-10-22 21:56:36,2025-05-18 08:23:36,Orders
IMG_9862.jpg,27d6da49d6eefea5e07c95955bc02544,2025-10-22 21:56:36,2025-05-18 08:32:16,Orders
IMG_9863.HEIC,5545c655158b22f7f328991a14cd2e65,2025-10-22 21:57:39,2025-05-18 09:41:50,PengChau
IMG_9865.HEIC,fe786fd29e57328ad85125b55ea33e09,2025-10-22 21:57:39,2025-05-18 18:12:20,PengChau
IMG_9866.HEIC,9ea313858b35da05c023e45c792cfae0,2025-10-22 21:57:40,2025-05-18 18:13:38,PengChau
IMG_9867.HEIC,6e9514b81fd6dddcd45de588d3ff88a1,2025-10-22 21:57:40,2025-05-18 18:18:42,PengChau
IMG_9868.HEIC,b645a3bf9878ac933e6b0fcf17abd3e3,2025-10-22 21:57:40,2025-05-18 18:19:26,PengChau
IMG_9869.HEIC,5760d3b45d32606fb3b0b54ff073bfe1,2025-10-22 21:57:40,2025-05-18 18:24:06,PengChau
IMG_9870.HEIC,f75882dac895c2a5afde28ce8295132d,2025-10-22 21:57:40,2025-05-18 18:24:10,PengChau
IMG_9871.HEIC,774993f243429335f6239ca0dd1bfee2,2025-10-22 21:57:40,2025-05-18 18:24:28,PengChau
IMG_9873.HEIC,bd3f57878b432288ba74f75505274fce,2025-10-22 22:05:07,2025-05-18 20:46:34,85_2025May深圳
IMG_9875.HEIC,7fbef17a25abbd79730f90f09c04a5d0,2025-10-22 22:05:07,2025-05-18 20:46:54,85_2025May深圳
IMG_9877.HEIC,e826aa135feae946a332f3c13d861bc3,2025-10-22 22:05:07,2025-05-18 20:47:42,85_2025May深圳
IMG_9878.HEIC,11bb9707b9724fe1183abbcd97528430,2025-10-22 22:05:07,2025-05-18 21:06:22,85_2025May深圳
IMG_9880.HEIC,5b55e83e51e3852fafac1ed854de90af,2025-10-22 22:07:07,2025-05-19 01:17:46,90_2025May台灣
IMG_9884.HEIC,89c23e5e60a8b7d101d69aa40465433b,2025-10-22 22:07:07,2025-05-19 02:13:54,90_2025May台灣
IMG_9885.HEIC,0e54e4aeb27aa793c3ee9a5381c862e8,2025-10-22 22:07:07,2025-05-19 02:14:32,90_2025May台灣
IMG_9886.HEIC,5d25867d3fffde5dabd6bfc91c68e0bb,2025-10-22 22:07:08,2025-05-19 02:14:36,90_2025May台灣
IMG_9887.HEIC,d00ad78262299ab54e257299aa77511a,2025-10-22 22:07:08,2025-05-19 02:19:08,90_2025May台灣
IMG_9888.HEIC,3fced390ef08b4b4d3935e76aa91ec97,2025-10-22 22:07:08,2025-05-19 03:17:42,90_2025May台灣
IMG_9889.HEIC,aab2673c12c7315df28b98ac108fbce1,2025-10-22 22:07:08,2025-05-19 03:17:46,90_2025May台灣
IMG_9890.MOV,77debb256958477e3661ce54b1c1f819,2025-10-22 22:07:08,2025-05-19 03:18:32,90_2025May台灣
IMG_9891.HEIC,90073f8efb37bb5468b1afa76272c7b0,2025-10-22 22:07:08,2025-05-19 03:23:40,90_2025May台灣
IMG_9892.HEIC,d105f7cf1488ccecef880c92db49faca,2025-10-22 22:07:08,2025-05-19 04:04:20,90_2025May台灣
IMG_9893.HEIC,02cab5614cc3f2743b279d9fbfc4223d,2025-10-22 22:07:08,2025-05-19 04:04:32,90_2025May台灣
IMG_9894.HEIC,73ad5277990c029e31e308974399b837,2025-10-22 22:07:08,2025-05-19 04:04:32,90_2025May台灣
IMG_9895.HEIC,54a909155bec6053165a6a4a34b16c10,2025-10-22 22:07:08,2025-05-19 04:05:24,90_2025May台灣
IMG_9896.HEIC,567f6e19abe62a8b718b2014644d69c4,2025-10-22 22:07:08,2025-05-19 05:02:36,90_2025May台灣
IMG_9897.HEIC,6db575a31b9197311c721a472f83ec15,2025-10-22 22:07:08,2025-05-19 05:03:30,90_2025May台灣
IMG_9898.HEIC,9d09cf912ffdf8f75dd6e88d697c0d22,2025-10-22 22:07:08,2025-05-19 05:04:42,90_2025May台灣
IMG_9899.HEIC,4fc74fe7c706e4ab22bd24609d26e718,2025-10-22 22:07:08,2025-05-19 05:04:54,90_2025May台灣
IMG_9900.HEIC,4f7d84d6830df7f2d504894846719184,2025-10-22 22:07:08,2025-05-19 05:05:26,90_2025May台灣
IMG_9901.HEIC,54f6606d80321b89612f25a792ba1e48,2025-10-22 22:07:08,2025-05-19 05:05:42,90_2025May台灣
IMG_9902.HEIC,c92aa4a33daf405121db1c8686e307bf,2025-10-22 22:07:08,2025-05-19 05:05:54,90_2025May台灣
IMG_9903.HEIC,e281f4ac51cd8a284c8ebe42ca7a8693,2025-10-22 22:07:08,2025-05-19 05:06:06,90_2025May台灣
IMG_9904.HEIC,2ec54bc01551769a29bc84e428a895b0,2025-10-22 22:07:08,2025-05-19 05:06:26,90_2025May台灣
IMG_9905.HEIC,7ffc6f4d399e4b4bdd6cdcda3d9dcfbc,2025-10-22 22:07:08,2025-05-19 05:06:34,90_2025May台灣
IMG_9906.HEIC,7659fb93c8fc37198f333fe6c9fc9bfa,2025-10-22 22:07:08,2025-05-19 05:06:48,90_2025May台灣
IMG_9907.HEIC,ec40f039bfc5eadad25c6397b42874e4,2025-10-22 22:07:08,2025-05-19 06:45:12,90_2025May台灣
IMG_9908.HEIC,e7cb729b258aa8688f8b0bdab9ab405d,2025-10-22 22:07:08,2025-05-19 06:45:16,90_2025May台灣
IMG_9909.HEIC,2ae0287020df5b8177c353a1e3a90bc3,2025-10-22 22:07:08,2025-05-19 06:52:26,90_2025May台灣
IMG_9910.HEIC,5702746758082eb61d492065d5417743,2025-10-22 22:07:08,2025-05-19 07:15:56,90_2025May台灣
IMG_9911.HEIC,2d87588991a48fddfffb9984953129ad,2025-10-22 22:07:08,2025-05-19 07:15:58,90_2025May台灣
IMG_9912.HEIC,63d0d700b1622bfbd8158e3fc7663ae0,2025-10-22 22:07:08,2025-05-19 07:24:24,90_2025May台灣
IMG_9913.HEIC,056f5b1272d2b054ddf4ef9f34cc6de2,2025-10-22 22:07:08,2025-05-19 07:25:58,90_2025May台灣
IMG_9914.heic,fc55a4924f670835eb5243dbbd091cc6,2025-10-22 22:07:08,2025-05-19 20:42:38,90_2025May台灣
IMG_9915.heic,2a2822997c644d2684ff3e38da6f65a6,2025-10-22 22:07:08,2025-05-19 20:43:00,90_2025May台灣
IMG_9916.heic,56ded0878617f08742ea16ba3afc707a,2025-10-22 22:07:08,2025-05-19 20:43:04,90_2025May台灣
IMG_9917.heic,0897c21dcfa0c45fa9160265690b8b90,2025-10-22 22:07:08,2025-05-19 20:43:40,90_2025May台灣
IMG_9918.heic,9aa5d7ba64af9cf0e6fdb80f08acda03,2025-10-22 22:07:08,2025-05-19 20:57:26,90_2025May台灣
IMG_9919.jpg,e9b9a72e10961d1cfee4a6bba71ed4e4,2025-10-22 22:07:08,2025-05-19 21:03:48,90_2025May台灣
IMG_9920.HEIC,51b1423668ad7d08c1f65bea6b12ea7e,2025-10-22 22:07:08,2025-05-19 21:07:06,90_2025May台灣
IMG_9921.heic,aabd45f1eee64c256731e9fcc0df27d7,2025-10-22 22:07:08,2025-05-19 21:32:24,90_2025May台灣
IMG_9922.HEIC,9813aa589fdb25e8f1d1f1bb7134db56,2025-10-22 22:07:08,2025-05-19 21:34:46,90_2025May台灣
IMG_9923.HEIC,3228de0006bb2572ce6e6ebdc404c437,2025-10-22 22:07:08,2025-05-19 21:35:42,90_2025May台灣
IMG_9924.HEIC,1415946917106927ac7e30b8e2a32ea4,2025-10-22 22:07:08,2025-05-19 21:37:44,90_2025May台灣
IMG_9925.PNG,40d69300fd5bf84997deecdd9e7476ad,2025-10-22 22:07:08,2025-05-19 23:45:52,90_2025May台灣
IMG_9926.HEIC,d73cbec32a2fc10c81ae7be273e0dbe5,2025-10-22 22:07:08,2025-05-19 23:59:00,90_2025May台灣
IMG_9927.HEIC,f0b348380d0e57b10453280ab33ae744,2025-10-22 22:07:08,2025-05-19 23:59:10,90_2025May台灣
IMG_9928.HEIC,7bf5af0a74ffb3b7b1bfd1639e064fa7,2025-10-22 22:07:08,2025-05-19 23:59:34,90_2025May台灣
IMG_9929.HEIC,442e7c5e6d0e01e02fe58573789ac2e3,2025-10-22 22:07:08,2025-05-19 23:59:46,90_2025May台灣
IMG_9930.HEIC,6cf12c9b665619bb01b8a95e007aec0c,2025-10-22 22:07:08,2025-05-20 01:49:12,90_2025May台灣
IMG_9931.HEIC,b63e73b2d1d49cc5c636b56b08ac1ca4,2025-10-22 22:07:08,2025-05-20 01:52:04,90_2025May台灣
IMG_9932.HEIC,39d04b58b02a30230ad839a6513bc597,2025-10-22 22:07:08,2025-05-20 01:52:40,90_2025May台灣
IMG_9933.HEIC,b2e1a110d470cd42a3888012a83eb2cd,2025-10-22 22:07:08,2025-05-20 01:53:16,90_2025May台灣
IMG_9934.HEIC,6fa007c2f2cb98db10abe60745aa75b8,2025-10-22 22:07:08,2025-05-20 01:53:22,90_2025May台灣
IMG_9935.HEIC,4246d72773a934af34226b3fb42107fc,2025-10-22 22:07:08,2025-05-20 01:53:26,90_2025May台灣
IMG_9936.HEIC,a161a6d2f112b8ac7cfa40f51daf43cd,2025-10-22 22:07:08,2025-05-20 01:55:40,90_2025May台灣
IMG_9937.HEIC,1c3da1b796116ee90eea3be384a86185,2025-10-22 22:07:08,2025-05-20 01:56:16,90_2025May台灣
IMG_9938.HEIC,4709af9261707d9e635a811f59b3117e,2025-10-22 22:07:08,2025-05-20 01:56:20,90_2025May台灣
IMG_9939.HEIC,886a11184cdc7891afc405941dbddfe6,2025-10-22 22:07:08,2025-05-20 01:56:58,90_2025May台灣
IMG_9940.HEIC,bd8106c9456c0f14dfcd1aff0e720d78,2025-10-22 22:07:08,2025-05-20 01:57:10,90_2025May台灣
IMG_9941.HEIC,05307e0d1e75defa9102d1a81d7b47fc,2025-10-22 22:07:08,2025-05-20 01:57:16,90_2025May台灣
IMG_9942.HEIC,ab8e98cd8ec2e04347f45db2c7f9c151,2025-10-22 22:07:08,2025-05-20 01:58:22,90_2025May台灣
IMG_9943.HEIC,f7883a0bd7bfb91ab020453f5636e06c,2025-10-22 22:07:08,2025-05-20 01:58:30,90_2025May台灣
IMG_9944.HEIC,3d705eb16a7e839edcda5b9a2254b397,2025-10-22 22:07:08,2025-05-20 03:03:20,90_2025May台灣
IMG_9945.HEIC,8df9d44a29660dccf81241fd1a99ded1,2025-10-22 22:07:08,2025-05-20 03:21:12,90_2025May台灣
IMG_9946.HEIC,95de23dd86e110c89ec374db46fb9e21,2025-10-22 22:07:08,2025-05-20 03:21:28,90_2025May台灣
IMG_9947.HEIC,675724f066d47f5933be9eba0db46987,2025-10-22 22:07:08,2025-05-20 03:30:02,90_2025May台灣
IMG_9948.HEIC,a97ece0888d2ddb0cae5ea2a313979c5,2025-10-22 22:07:08,2025-05-20 03:45:42,90_2025May台灣
IMG_9949.HEIC,9fcd9419e10ca51efa5b1ee32ef7ad7c,2025-10-22 22:07:08,2025-05-20 03:45:44,90_2025May台灣
IMG_9950.HEIC,bec5c291b60ecde5b0a4508cee5e5e33,2025-10-22 22:07:08,2025-05-20 04:07:50,90_2025May台灣
IMG_9951.HEIC,37d2c264ce0fcc182163dfe435dc451f,2025-10-22 22:07:08,2025-05-20 04:08:04,90_2025May台灣
IMG_9952.HEIC,1be1a6ea77c524d1d6e0c4223dda3855,2025-10-22 22:07:08,2025-05-20 04:08:16,90_2025May台灣
IMG_9953.HEIC,b6a12a2744ce52227c20089895682352,2025-10-22 22:07:08,2025-05-20 04:08:28,90_2025May台灣
IMG_9954.HEIC,49efc536f79f724fd4b5b2bcdf585aec,2025-10-22 22:07:08,2025-05-20 04:09:02,90_2025May台灣
IMG_9955.HEIC,377cc2b0a6a8892318e61da30062766a,2025-10-22 22:07:08,2025-05-20 04:17:18,90_2025May台灣
IMG_9956.HEIC,fe200b34342e639370523aa2269465f4,2025-10-22 22:07:08,2025-05-20 04:17:30,90_2025May台灣
IMG_9957.HEIC,0e3e82aa8987bca2055eea6db7a07ecf,2025-10-22 22:07:08,2025-05-20 04:18:02,90_2025May台灣
IMG_9958.HEIC,246aba4e170a3ff46e7b90ca11485c6c,2025-10-22 22:07:08,2025-05-20 04:19:10,90_2025May台灣
IMG_9959.HEIC,69668f5d7e403ce98682b8e0b7c521df,2025-10-22 22:07:08,2025-05-20 04:19:32,90_2025May台灣
IMG_9960.heic,b3507a39973d7c31bd3387d68dc7a5f0,2025-10-22 22:07:09,2025-05-20 04:22:10,90_2025May台灣
IMG_9961.HEIC,e136e9b2a53aa0a191cd5175674244c1,2025-10-22 22:07:09,2025-05-20 04:51:02,90_2025May台灣
IMG_9962.HEIC,a1dc0cc3c2b3a5af41657484e4950453,2025-10-22 22:07:09,2025-05-20 04:51:16,90_2025May台灣
IMG_9963.HEIC,93ce49aa25c64b2cde19d13d1ca9f458,2025-10-22 22:07:09,2025-05-20 04:52:14,90_2025May台灣
IMG_9964.HEIC,1c001c2a6fee6e944c14e6474749bd12,2025-10-22 22:07:09,2025-05-20 04:54:32,90_2025May台灣
IMG_9965.HEIC,7c8a3e860e376f9649213eb743bc5996,2025-10-22 22:07:09,2025-05-20 04:57:04,90_2025May台灣
IMG_9966.HEIC,221667893d4a19eb3914eb57eaf9908e,2025-10-22 22:07:09,2025-05-20 04:59:38,90_2025May台灣
IMG_9967.HEIC,54d7bb974554dc37db4bba48c4a27814,2025-10-22 22:07:09,2025-05-20 04:59:40,90_2025May台灣
IMG_9968.HEIC,215694f59f6a06fbc5d9e61b4c172bf2,2025-10-22 22:07:09,2025-05-20 05:15:02,90_2025May台灣
IMG_9969.HEIC,e0badd4125e9df3e901bb96dda79d910,2025-10-22 22:07:09,2025-05-20 05:15:04,90_2025May台灣
IMG_9970.HEIC,aa1df5a57a43994107d1a5a7897ba973,2025-10-22 22:07:09,2025-05-20 05:15:24,90_2025May台灣
IMG_9971.HEIC,0323dbb0ec91b50503fb801a1d51e36f,2025-10-22 22:07:09,2025-05-20 05:15:30,90_2025May台灣
IMG_9972.HEIC,da097f9058339e9067ee6c927df9a0e7,2025-10-22 22:07:09,2025-05-20 05:16:00,90_2025May台灣
IMG_9973.HEIC,0264b7968a8d1feeb596a183a961f7f7,2025-10-22 22:07:09,2025-05-20 05:16:14,90_2025May台灣
IMG_9974.HEIC,cc9b6d8b40e52a4e231e0e624a96eeec,2025-10-22 22:07:09,2025-05-20 05:28:42,90_2025May台灣
IMG_9975.HEIC,11e08d7797f5841b1bfa738d66ae6f0c,2025-10-22 22:07:09,2025-05-20 05:29:26,90_2025May台灣
IMG_9976.HEIC,a645cc9bf93c344a6d640c27374a78df,2025-10-22 22:07:09,2025-05-20 05:42:12,90_2025May台灣
IMG_9977.HEIC,f51623f58bb60d648f32c7b4c5bfce4d,2025-10-22 22:07:09,2025-05-20 05:42:24,90_2025May台灣
IMG_9978.HEIC,e07085d538f295ba1a8739f6be8554a6,2025-10-22 22:07:09,2025-05-20 05:42:40,90_2025May台灣
IMG_9979.HEIC,bddf8f86ef42800da7b5f556b64bf991,2025-10-22 22:07:09,2025-05-20 05:42:48,90_2025May台灣
IMG_9980.HEIC,6a2991d3bee53ec3ff072481d5ade526,2025-10-22 22:07:09,2025-05-20 05:42:56,90_2025May台灣
IMG_9981.HEIC,4e12d4f797b3cfe3458c19eb0f588196,2025-10-22 22:07:09,2025-05-20 05:47:28,90_2025May台灣
IMG_9982.HEIC,a507d70dedf9527dd02baabe9d9cd2e8,2025-10-22 22:07:09,2025-05-20 05:52:40,90_2025May台灣
IMG_9983.HEIC,8087a74b3d2f20fbe12217d4dfc56f0a,2025-10-22 22:07:09,2025-05-20 06:04:16,90_2025May台灣
IMG_9984.HEIC,209640752e20738bb28b37d06db833d0,2025-10-22 22:07:09,2025-05-20 06:04:20,90_2025May台灣
IMG_9986.HEIC,d450ea0f3318e699b6271696c044fef4,2025-10-22 22:07:09,2025-05-20 06:17:24,90_2025May台灣
IMG_9987.HEIC,e189474729061fde8befc23855c5c462,2025-10-22 22:07:09,2025-05-20 06:25:36,90_2025May台灣
IMG_9988.HEIC,4e7a83dff8a7700cc09e7d6370e3a780,2025-10-22 22:07:09,2025-05-20 06:25:52,90_2025May台灣
IMG_9989.HEIC,eda3323e206b36408d40b454e9313e93,2025-10-22 22:07:09,2025-05-20 06:52:24,90_2025May台灣
IMG_9990.HEIC,bb1b5313e24a33882fd40a33eb663316,2025-10-22 22:07:09,2025-05-20 06:52:38,90_2025May台灣
IMG_9991.HEIC,738dbdfc3d8e8da47f79efa0b40d4dc1,2025-10-22 22:07:09,2025-05-20 06:52:50,90_2025May台灣
IMG_9992.HEIC,78dacf5dc6883cfc2d007053648ed2bf,2025-10-22 22:07:09,2025-05-20 06:52:56,90_2025May台灣
IMG_9993.HEIC,be7df07b705407e35481108cc02a7d3a,2025-10-22 22:07:09,2025-05-20 06:53:06,90_2025May台灣
IMG_9994.HEIC,453f2094d71e81be5b573b5076fa5955,2025-10-22 22:07:09,2025-05-20 06:53:14,90_2025May台灣
IMG_9995.HEIC,bd3709119dbb5b1910fb36404b9178b8,2025-10-22 22:07:09,2025-05-20 06:53:18,90_2025May台灣
IMG_9996.HEIC,e46ff4200cb16eb849993fecaf7ed0d2,2025-10-22 22:07:09,2025-05-20 06:53:56,90_2025May台灣
IMG_9997.HEIC,11f8ca7f11e3e0cd0602d700a0f82173,2025-10-22 22:07:09,2025-05-20 06:54:20,90_2025May台灣
IMG_9998.HEIC,73385d9f1bc09e642ef77653755b3421,2025-10-22 22:07:09,2025-05-20 08:03:26,90_2025May台灣
IMG_9999.jpg,e29b5340ebdcc59ffec98735af041811,2025-10-22 21:57:40,2025-05-20 21:46:38,_iPhone
May12_MingPalace.mp4,d535958a60ad2ed571a80311390479f0,2025-10-22 22:07:29,2025-05-14 01:44:16,Edit_output
ScreenRecording_04-10-2025 13-41-35_1.mov,e9cab1e5a17bbfdff0da1ed057eff37b,2025-10-22 22:00:26,2025-04-10 01:41:36,10_2025Apr東莞
ScreenRecording_05-27-2025 06-45-26_1.mov,4eee8f5bde584743a428b1358b6160b5,2025-10-22 21:57:40,2025-05-27 06:45:26,_iPhone
